#pragma once
#include <pgmspace.h>
#include <stdint.h>

#define LOGO_SOLAR_MONITORING_W 192
#define LOGO_SOLAR_MONITORING_H 192

static const uint16_t logo_solar_monitoring[] PROGMEM = {
  0xFFFF, 0xFFFF, 0xFFFF, 0xFFFF, 0xFFFF, 0xFFFF, 0xFFFF, 0xFFFF, 0xFFFF, 0xFFFF, 0xFFFF, 0xFFFF,
  0xFFFF, 0xFFFF, 0xFFFF, 0xFFFF, 0xFFFF, 0xFFFF, 0xFFFF, 0xFFFF, 0xFFFF, 0xFFFF, 0xFFFF, 0xFFFF,
  0xFFFF, 0xFFFF, 0xFFFF, 0xFFFF, 0xFFFF, 0xFFFF, 0xFFFF, 0xFFFF, 0xFFFF, 0xFFFF, 0xFFFF, 0xFFFF,
  0xFFFF, 0xFFFF, 0xFFFF, 0xFFFF, 0xFFFF, 0xFFFF, 0xFFFF, 0xFFFF, 0xFFFF, 0xFFFF, 0xFFFF, 0xFFFF,
  0xFFFF, 0xFFFF, 0xFFFF, 0xFFFF, 0xFFFF, 0xFFFF, 0xFFFF, 0xFFFF, 0xFFFF, 0xFFFF, 0xFFFF, 0xFFFF,
  0xFFFF, 0xFFFF, 0xFFFF, 0xFFFF, 0xFFFF, 0xFFFF, 0xFFFF, 0xFFFF, 0xFFFF, 0xFFFF, 0xFFFF, 0xFFFF,
  0xFFFF, 0xFFFF, 0xFFFF, 0xFFFF, 0xFFFF, 0xFFFF, 0xFFFF, 0xFFFF, 0xFFFF, 0xFFFF, 0xFFFF, 0xFFFF,
  0xFFFF, 0xFFFF, 0xFFFF, 0xFFFF, 0xFFFF, 0xFFFF, 0xFFFF, 0xFFFF, 0xFFFF, 0xFFFF, 0xFFFF, 0xFFFF,
  0xFFFF, 0xFFFF, 0xFFFF, 0xFFFF, 0xFFFF, 0xFFFF, 0xFFFF, 0xFFFF, 0xFFFF, 0xFFFF, 0xFFFF, 0xFFFF,
  0xFFFF, 0xFFFF, 0xFFFF, 0xFFFF, 0xFFFF, 0xFFFF, 0xFFFF, 0xFFFF, 0xFFFF, 0xFFFF, 0xFFFF, 0xFFFF,
  0xFFFF, 0xFFFF, 0xFFFF, 0xFFFF, 0xFFFF, 0xFFFF, 0xFFFF, 0xFFFF, 0xFFFF, 0xFFFF, 0xFFFF, 0xFFFF,
  0xFFFF, 0xFFFF, 0xFFFF, 0xFFFF, 0xFFFF, 0xFFFF, 0xFFFF, 0xFFFF, 0xFFFF, 0xFFFF, 0xFFFF, 0xFFFF,
  0xFFFF, 0xFFFF, 0xFFFF, 0xFFFF, 0xFFFF, 0xFFFF, 0xFFFF, 0xFFFF, 0xFFFF, 0xFFFF, 0xFFFF, 0xFFFF,
  0xFFFF, 0xFFFF, 0xFFFF, 0xFFFF, 0xFFFF, 0xFFFF, 0xFFFF, 0xFFFF, 0xFFFF, 0xFFFF, 0xFFFF, 0xFFFF,
  0xFFFF, 0xFFFF, 0xFFFF, 0xFFFF, 0xFFFF, 0xFFFF, 0xFFFF, 0xFFFF, 0xFFFF, 0xFFFF, 0xFFFF, 0xFFFF,
  0xFFFF, 0xFFFF, 0xFFFF, 0xFFFF, 0xFFFF, 0xFFFF, 0xFFFF, 0xFFFF, 0xFFFF, 0xFFFF, 0xFFFF, 0xFFFF,
  0xFFFF, 0xFFFF, 0xFFFF, 0xFFFF, 0xFFFF, 0xFFFF, 0xFFFF, 0xFFFF, 0xFFFF, 0xFFFF, 0xFFFF, 0xFFFF,
  0xFFFF, 0xFFFF, 0xFFFF, 0xFFFF, 0xFFFF, 0xFFFF, 0xFFFF, 0xFFFF, 0xFFFF, 0xFFFF, 0xFFFF, 0xFFFF,
  0xFFFF, 0xFFFF, 0xFFFF, 0xFFFF, 0xFFFF, 0xFFFF, 0xFFFF, 0xFFFF, 0xFFFF, 0xFFFF, 0xFFFF, 0xFFFF,
  0xFFFF, 0xFFFF, 0xFFFF, 0xFFFF, 0xFFFF, 0xFFFF, 0xFFFF, 0xFFFF, 0xFFFF, 0xFFFF, 0xFFFF, 0xFFFF,
  0xFFFF, 0xFFFF, 0xFFFF, 0xFFFF, 0xFFFF, 0xFFFF, 0xFFFF, 0xFFFF, 0xFFFF, 0xFFFF, 0xFFFF, 0xFFFF,
  0xFFFF, 0xFFFF, 0xFFFF, 0xFFFF, 0xFFFF, 0xFFFF, 0xFFFF, 0xFFFF, 0xFFFF, 0xFFFF, 0xFFFF, 0xFFFF,
  0xFFFF, 0xFFFF, 0xFFFF, 0xFFFF, 0xFFFF, 0xFFFF, 0xFFFF, 0xFFFF, 0xFFFF, 0xFFFF, 0xFFFF, 0xFFFF,
  0xFFFF, 0xFFFF, 0xFFFF, 0xFFFF, 0xFFFF, 0xFFFF, 0xFFFF, 0xFFFF, 0xFFFF, 0xFFFF, 0xFFFF, 0xFFFF,
  0xFFFF, 0xFFFF, 0xFFFF, 0xFFFF, 0xFFFF, 0xFFFF, 0xFFFF, 0xFFFF, 0xFFFF, 0xFFFF, 0xFFFF, 0xFFFF,
  0xFFFF, 0xFFFF, 0xFFFF, 0xFFFF, 0xFFFF, 0xFFFF, 0xFFFF, 0xFFFF, 0xFFFF, 0xFFFF, 0xFFFF, 0xFFFF,
  0xFFFF, 0xFFFF, 0xFFFF, 0xFFFF, 0xFFFF, 0xFFFF, 0xFFFF, 0xFFFF, 0xFFFF, 0xFFFF, 0xFFFF, 0xFFFF,
  0xFFFF, 0xFFFF, 0xFFFF, 0xFFFF, 0xFFFF, 0xFFFF, 0xFFFF, 0xFFFF, 0xFFFF, 0xFFFF, 0xFFFF, 0xFFFF,
  0xFFFF, 0xFFFF, 0xFFFF, 0xFFFF, 0xFFFF, 0xFFFF, 0xFFFF, 0xFFFF, 0xFFFF, 0xFFFF, 0xFFFF, 0xFFFF,
  0xFFFF, 0xFFFF, 0xFFFF, 0xFFFF, 0xFFFF, 0xFFFF, 0xFFFF, 0xFFFF, 0xFFFF, 0xFFFF, 0xFFFF, 0xFFFF,
  0xFFFF, 0xFFFF, 0xFFFF, 0xFFFF, 0xFFFF, 0xFFFF, 0xFFFF, 0xFFFF, 0xFFFF, 0xFFFF, 0xFFFF, 0xFFFF,
  0xFFFF, 0xFFFF, 0xFFFF, 0xFFFF, 0xFFFF, 0xFFFF, 0xFFFF, 0xFFFF, 0xFFFF, 0xFFFF, 0xFFFF, 0xFFFF,
  0xFFFF, 0xFFFF, 0xFFFF, 0xFFFF, 0xFFFF, 0xFFFF, 0xFFFF, 0xFFFF, 0xFFFF, 0xFFFF, 0xFFFF, 0xFFFF,
  0xFFFF, 0xFFFF, 0xFFFF, 0xFFFF, 0xFFFF, 0xFFFF, 0xFFFF, 0xFFFF, 0xFFFF, 0xFFFF, 0xFFFF, 0xFFFF,
  0xFFFF, 0xFFFF, 0xFFFF, 0xFFFF, 0xFFFF, 0xFFFF, 0xFFFF, 0xFFFF, 0xFFFF, 0xFFFF, 0xFFFF, 0xFFFF,
  0xFFFF, 0xFFFF, 0xFFFF, 0xFFFF, 0xFFFF, 0xFFFF, 0xFFFF, 0xFFFF, 0xFFFF, 0xFFFF, 0xFFFF, 0xFFFF,
  0xFFFF, 0xFFFF, 0xFFFF, 0xFFFF, 0xFFFF, 0xFFFF, 0xFFFF, 0xFFFF, 0xFFFF, 0xFFFF, 0xFFFF, 0xFFFF,
  0xFFFF, 0xFFFF, 0xFFFF, 0xFFFF, 0xFFFF, 0xFFFF, 0xFFFF, 0xFFFF, 0xFFFF, 0xFFFF, 0xFFFF, 0xFFFF,
  0xFFFF, 0xFFFF, 0xFFFF, 0xFFFF, 0xFFFF, 0xFFFF, 0xFFFF, 0xFFFF, 0xFFFF, 0xFFFF, 0xFFFF, 0xFFFF,
  0xFFFF, 0xFFFF, 0xFFFF, 0xFFFF, 0xFFFF, 0xFFFF, 0xFFFF, 0xFFFF, 0xFFFF, 0xFFFF, 0xFFFF, 0xFFFF,
  0xFFFF, 0xFFFF, 0xFFFF, 0xFFFF, 0xFFFF, 0xFFFF, 0xFFFF, 0xFFFF, 0xFFFF, 0xFFFF, 0xFFFF, 0xFFFF,
  0xFFFF, 0xFFFF, 0xFFFF, 0xFFFF, 0xFFFF, 0xFFFF, 0xFFFF, 0xFFFF, 0xFFFF, 0xFFFF, 0xFFFF, 0xFFFF,
  0xFFFF, 0xFFFF, 0xFFFF, 0xFFFF, 0xFFFF, 0xFFFF, 0xFFFF, 0xFFFF, 0xFFFF, 0xFFFF, 0xFFFF, 0xFFFF,
  0xFFFF, 0xFFFF, 0xFFFF, 0xFFFF, 0xFFFF, 0xFFFF, 0xFFFF, 0xFFFF, 0xFFFF, 0xFFFF, 0xFFFF, 0xFFFF,
  0xFFFF, 0xFFFF, 0xFFFF, 0xFFFF, 0xFFFF, 0xFFFF, 0xFFFF, 0xFFFF, 0xFFFF, 0xFFFF, 0xFFFF, 0xFFFF,
  0xFFFF, 0xFFFF, 0xFFFF, 0xFFFF, 0xFFFF, 0xFFFF, 0xFFFF, 0xFFFF, 0xFFFF, 0xFFFF, 0xFFFF, 0xFFFF,
  0xFFFF, 0xFFFF, 0xFFFF, 0xFFFF, 0xFFFF, 0xFFFF, 0xFFFF, 0xFFFF, 0xFFFF, 0xFFFF, 0xFFFF, 0xFFFF,
  0xFFFF, 0xFFFF, 0xFFFF, 0xFFFF, 0xFFFF, 0xFFFF, 0xFFFF, 0xFFFF, 0xFFFF, 0xFFFF, 0xFFFF, 0xFFFF,
  0xFFFF, 0xFFFF, 0xFFFF, 0xFFFF, 0xFFFF, 0xFFFF, 0xFFFF, 0xFFFF, 0xFFFF, 0xFFFF, 0xFFFF, 0xFFFF,
  0xFFFF, 0xFFFF, 0xFFFF, 0xFFFF, 0xFFFF, 0xFFFF, 0xFFFF, 0xFFFF, 0xFFFF, 0xFFFF, 0xFFFF, 0xFFFF,
  0xFFFF, 0xFFFF, 0xFFFF, 0xFFFF, 0xFFFF, 0xFFFF, 0xFFFF, 0xFFFF, 0xFFFF, 0xFFFF, 0xFFFF, 0xFFFF,
  0xFFFF, 0xFFFF, 0xFFFF, 0xFFFF, 0xFFFF, 0xFFFF, 0xFFFF, 0xFFFF, 0xFFFF, 0xFFFF, 0xFFFF, 0xFFFF,
  0xFFFF, 0xFFFF, 0xFFFF, 0xFFFF, 0xFFFF, 0xFFFF, 0xFFFF, 0xFFFF, 0xFFFF, 0xFFFF, 0xFFFF, 0xFFFF,
  0xFFFF, 0xFFFF, 0xFFFF, 0xFFFF, 0xFFFF, 0xFFFF, 0xFFFF, 0xFFFF, 0xFFFF, 0xFFFF, 0xFFFF, 0xFFFF,
  0xFFFF, 0xFFFF, 0xFFFF, 0xFFFF, 0xFFFF, 0xFFFF, 0xFFFF, 0xFFFF, 0xFFFF, 0xFFFF, 0xFFFF, 0xFFFF,
  0xFFFF, 0xFFFF, 0xFFFF, 0xFFFF, 0xFFFF, 0xFFFF, 0xFFFF, 0xFFFF, 0xFFFF, 0xFFFF, 0xFFFF, 0xFFFF,
  0xFFFF, 0xFFFF, 0xFFFF, 0xFFFF, 0xFFFF, 0xFFFF, 0xFFFF, 0xFFFF, 0xFFFF, 0xFFFF, 0xFFFF, 0xFFFF,
  0xFFFF, 0xFFFF, 0xFFFF, 0xFFFF, 0xFFFF, 0xFFFF, 0xFFFF, 0xFFFF, 0xFFFF, 0xFFFF, 0xFFFF, 0xFFFF,
  0xFFFF, 0xFFFF, 0xFFFF, 0xFFFF, 0xFFFF, 0xFFFF, 0xFFFF, 0xFFFF, 0xFFFF, 0xFFFF, 0xFFFF, 0xFFFF,
  0xFFFF, 0xFFFF, 0xFFFF, 0xFFFF, 0xFFFF, 0xFFFF, 0xFFFF, 0xFFFF, 0xFFFF, 0xFFFF, 0xFFFF, 0xFFFF,
  0xFFFF, 0xFFFF, 0xFFFF, 0xFFFF, 0xFFFF, 0xFFFF, 0xFFFF, 0xFFFF, 0xFFFF, 0xFFFF, 0xFFFF, 0xFFFF,
  0xFFFF, 0xFFFF, 0xFFFF, 0xFFFF, 0xFFFF, 0xFFFF, 0xFFFF, 0xFFFF, 0xFFFF, 0xFFFF, 0xFFFF, 0xFFFF,
  0xFFFF, 0xFFFF, 0xFFFF, 0xFFFF, 0xFFFF, 0xFFFF, 0xFFFF, 0xFFFF, 0xFFFF, 0xFFFF, 0xFFFF, 0xFFFF,
  0xFFFF, 0xFFFF, 0xFFFF, 0xFFFF, 0xFFFF, 0xFFFF, 0xFFFF, 0xFFFF, 0xFFFF, 0xFFFF, 0xFFFF, 0xFFFF,
  0xFFFF, 0xFFFF, 0xFFFF, 0xFFFF, 0xFFFF, 0xFFFF, 0xFFFF, 0xFFFF, 0xFFFF, 0xFFFF, 0xFFFF, 0xFFFF,
  0xFFFF, 0xFFFF, 0xFFFF, 0xFFFF, 0xFFFF, 0xFFFF, 0xFFFF, 0xFFFF, 0xFFFF, 0xFFFF, 0xFFFF, 0xFFFF,
  0xFFFF, 0xFFFF, 0xFFFF, 0xFFFF, 0xFFFF, 0xFFFF, 0xFFFF, 0xFFFF, 0xFFFF, 0xFFFF, 0xFFFF, 0xFFFF,
  0xFFFF, 0xFFFF, 0xFFFF, 0xFFFF, 0xFFFF, 0xFFFF, 0xFFFF, 0xFFFF, 0xFFFF, 0xFFFF, 0xFFFF, 0xFFFF,
  0xFFFF, 0xFFFF, 0xFFFF, 0xFFFF, 0xFFFF, 0xFFFF, 0xFFFF, 0xFFFF, 0xFFFF, 0xFFFF, 0xFFFF, 0xFFFF,
  0xFFFF, 0xFFFF, 0xFFFF, 0xFFFF, 0xFFFF, 0xFFFF, 0xFFFF, 0xFFFF, 0xFFFF, 0xFFFF, 0xFFFF, 0xFFFF,
  0xFFFF, 0xFFFF, 0xFFFF, 0xFFFF, 0xFFFF, 0xFFFF, 0xFFFF, 0xFFFF, 0xFFFF, 0xFFFF, 0xFFFF, 0xFFFF,
  0xFFFF, 0xFFFF, 0xFFFF, 0xFFFF, 0xFFFF, 0xFFFF, 0xFFFF, 0xFFFF, 0xFFFF, 0xFFFF, 0xFFFF, 0xFFFF,
  0xFFFF, 0xFFFF, 0xFFFF, 0xFFFF, 0xFFFF, 0xFFFF, 0xFFFF, 0xFFFF, 0xFFFF, 0xFFFF, 0xFFFF, 0xFFFF,
  0xFFFF, 0xFFFF, 0xFFFF, 0xFFFF, 0xFFFF, 0xFFFF, 0xFFFF, 0xFFFF, 0xFFFF, 0xFFFF, 0xFFFF, 0xFFFF,
  0xFFFF, 0xFFFF, 0xFFFF, 0xFFFF, 0xFFFF, 0xFFFF, 0xFFFF, 0xFFFF, 0xFFFF, 0xFFFF, 0xFFFF, 0xFFFF,
  0xFFFF, 0xFFFF, 0xFFFF, 0xFFFF, 0xFFFF, 0xFFFF, 0xFFFF, 0xFFFF, 0xFFFF, 0xFFFF, 0xFFFF, 0xFFFF,
  0xFFFF, 0xFFFF, 0xFFFF, 0xFFFF, 0xFFFF, 0xFFFF, 0xFFFF, 0xFFFF, 0xFFFF, 0xFFFF, 0xFFFF, 0xFFFF,
  0xFFFF, 0xFFFF, 0xFFFF, 0xFFFF, 0xFFFF, 0xFFFF, 0xFFFF, 0xFFFF, 0xFFFF, 0xFFFF, 0xFFFF, 0xFFFF,
  0xFFFF, 0xFFFF, 0xFFFF, 0xFFFF, 0xFFFF, 0xFFFF, 0xFFFF, 0xFFFF, 0xFFFF, 0xFFFF, 0xFFFF, 0xFFFF,
  0xFFFF, 0xFFFF, 0xFFFF, 0xFFFF, 0xFFFF, 0xFFFF, 0xFFFF, 0xFFFF, 0xFFFF, 0xFFFF, 0xFFFF, 0xFFFF,
  0xFFFF, 0xFFFF, 0xFFFF, 0xFFFF, 0xFFFF, 0xFFFF, 0xFFFF, 0xFFFF, 0xFFFF, 0xFFFF, 0xFFFF, 0xFFFF,
  0xFFFF, 0xFFFF, 0xFFFF, 0xFFFF, 0xFFFF, 0xFFFF, 0xFFFF, 0xFFFF, 0xFFFF, 0xFFFF, 0xFFFF, 0xFFFF,
  0xFFFF, 0xFFFF, 0xFFFF, 0xFFFF, 0xFFFF, 0xFFFF, 0xFFFF, 0xFFFF, 0xFFFF, 0xFFFF, 0xFFFF, 0xFFFF,
  0xFFFF, 0xFFFF, 0xFFFF, 0xFFFF, 0xFFFF, 0xFFFF, 0xFFFF, 0xFFFF, 0xFFFF, 0xFFFF, 0xFFFF, 0xFFFF,
  0xFFFF, 0xFFFF, 0xFFFF, 0xFFFF, 0xFFFF, 0xFFFF, 0xFFFF, 0xFFFF, 0xFFFF, 0xFFFF, 0xFFFF, 0xFFFF,
  0xFFFF, 0xFFFF, 0xFFFF, 0xFFFF, 0xFFFF, 0xFFFF, 0xFFFF, 0xFFFF, 0xFFFF, 0xFFFF, 0xFFFF, 0xFFFF,
  0xFFFF, 0xFFFF, 0xFFFF, 0xFFFF, 0xFFFF, 0xFFFF, 0xFFFF, 0xFFFF, 0xFFFF, 0xFFFF, 0xFFFF, 0xFFFF,
  0xFFFF, 0xFFFF, 0xFFFF, 0xFFFF, 0xEF5D, 0xDEFB, 0xD6BA, 0xCE79, 0xC638, 0xC618, 0xBDF7, 0xBDF7,
  0xC618, 0xC638, 0xCE79, 0xD6BA, 0xE73D, 0xF7BE, 0xFFFF, 0xFFFF, 0xFFFF, 0xFFFF, 0xFFFF, 0xFFFF,
  0xFFFF, 0xFFFF, 0xFFFF, 0xFFFF, 0xFFFF, 0xFFFF, 0xFFFF, 0xFFFF, 0xFFFF, 0xFFFF, 0xFFFF, 0xFFFF,
  0xFFFF, 0xFFFF, 0xFFFF, 0xFFFF, 0xFFFF, 0xFFFF, 0xFFFF, 0xFFFF, 0xFFFF, 0xFFFF, 0xFFFF, 0xFFFF,
  0xFFFF, 0xFFFF, 0xFFFF, 0xFFFF, 0xFFFF, 0xFFFF, 0xFFFF, 0xFFFF, 0xFFFF, 0xFFFF, 0xFFFF, 0xFFFF,
  0xFFFF, 0xFFFF, 0xFFFF, 0xFFFF, 0xFFFF, 0xFFFF, 0xFFFF, 0xFFFF, 0xFFFF, 0xFFFF, 0xFFFF, 0xFFFF,
  0xFFFF, 0xFFFF, 0xFFFF, 0xFFFF, 0xFFFF, 0xFFFF, 0xFFFF, 0xFFFF, 0xFFFF, 0xFFFF, 0xFFFF, 0xFFFF,
  0xFFFF, 0xFFFF, 0xFFFF, 0xFFFF, 0xFFFF, 0xFFFF, 0xFFFF, 0xFFFF, 0xFFFF, 0xFFFF, 0xFFFF, 0xFFFF,
  0xFFFF, 0xFFFF, 0xFFFF, 0xFFFF, 0xFFFF, 0xFFFF, 0xFFFF, 0xFFFF, 0xFFFF, 0xFFFF, 0xFFFF, 0xFFFF,
  0xFFFF, 0xFFFF, 0xFFFF, 0xFFFF, 0xFFFF, 0xFFFF, 0xFFFF, 0xFFFF, 0xFFFF, 0xFFFF, 0xFFFF, 0xFFFF,
  0xFFFF, 0xFFFF, 0xFFFF, 0xFFFF, 0xFFFF, 0xFFFF, 0xFFFF, 0xFFFF, 0xFFFF, 0xFFFF, 0xFFFF, 0xFFFF,
  0xFFFF, 0xFFFF, 0xFFFF, 0xFFFF, 0xFFFF, 0xFFFF, 0xFFFF, 0xFFFF, 0xFFFF, 0xFFFF, 0xFFFF, 0xFFFF,
  0xFFFF, 0xFFFF, 0xFFFF, 0xFFFF, 0xFFFF, 0xFFFF, 0xFFFF, 0xFFFF, 0xFFFF, 0xFFFF, 0xFFFF, 0xFFFF,
  0xFFFF, 0xFFFF, 0xFFFF, 0xFFFF, 0xFFFF, 0xFFFF, 0xFFFF, 0xFFFF, 0xFFFF, 0xFFFF, 0xFFFF, 0xFFFF,
  0xFFFF, 0xFFFF, 0xFFFF, 0xFFFF, 0xFFFF, 0xFFFF, 0xFFFF, 0xFFFF, 0xFFFF, 0xFFFF, 0xFFFF, 0xFFFF,
  0xFFFF, 0xFFFF, 0xFFFF, 0xFFFF, 0xFFFF, 0xFFFF, 0xFFFF, 0xFFFF, 0xFFFF, 0xFFFF, 0xDEDB, 0x6B4D,
  0x4A8B, 0x39C7, 0x2104, 0x0863, 0x0001, 0x0000, 0x0000, 0x0000, 0x0000, 0x0000, 0x0000, 0x0000,
  0x0000, 0x0000, 0x0000, 0x0000, 0x0001, 0x0003, 0x0884, 0x2105, 0x39C8, 0x52CC, 0x73D0, 0x9CF4,
  0xBDF8, 0xDEDB, 0xFFFF, 0xFFFF, 0xFFFF, 0xFFFF, 0xFFFF, 0xFFFF, 0xFFFF, 0xFFFF, 0xFFFF, 0xFFFF,
  0xFFFF, 0xFFFF, 0xFFFF, 0xFFFF, 0xFFFF, 0xFFFF, 0xFFFF, 0xFFFF, 0xFFFF, 0xFFFF, 0xFFFF, 0xFFFF,
  0xFFFF, 0xFFFF, 0xFFFF, 0xFFFF, 0xFFFF, 0xFFFF, 0xFFFF, 0xFFFF, 0xFFFF, 0xFFFF, 0xFFFF, 0xFFFF,
  0xFFFF, 0xFFFF, 0xFFFF, 0xFFFF, 0xFFFF, 0xFFFF, 0xFFFF, 0xFFFF, 0xFFFF, 0xFFFF, 0xFFFF, 0xFFFF,
  0xFFFF, 0xFFFF, 0xFFFF, 0xFFFF, 0xFFFF, 0xFFFF, 0xFFFF, 0xFFFF, 0xFFFF, 0xFFFF, 0xFFFF, 0xFFFF,
  0xFFFF, 0xFFFF, 0xFFFF, 0xFFFF, 0xFFFF, 0xFFFF, 0xFFFF, 0xFFFF, 0xFFFF, 0xFFFF, 0xFFFF, 0xFFFF,
  0xFFFF, 0xFFFF, 0xFFFF, 0xFFFF, 0xFFFF, 0xFFFF, 0xFFFF, 0xFFFF, 0xFFFF, 0xFFFF, 0xFFFF, 0xFFFF,
  0xFFFF, 0xFFFF, 0xFFFF, 0xFFFF, 0xFFFF, 0xFFFF, 0xFFFF, 0xFFFF, 0xFFFF, 0xFFFF, 0xFFFF, 0xFFFF,
  0xFFFF, 0xFFFF, 0xFFFF, 0xFFFF, 0xFFFF, 0xFFFF, 0xFFFF, 0xFFFF, 0xFFFF, 0xFFFF, 0xFFFF, 0xFFFF,
  0xFFFF, 0xFFFF, 0xFFFF, 0xFFFF, 0xFFFF, 0xFFFF, 0xFFFF, 0xFFFF, 0xFFFF, 0xFFFF, 0xFFFF, 0xFFFF,
  0xFFFF, 0xFFFF, 0xFFFF, 0xFFFF, 0xFFFF, 0xFFFF, 0xFFFF, 0xFFFF, 0xFFFF, 0xFFFF, 0xFFFF, 0xFFFF,
  0xFFFF, 0xFFFF, 0xFFFF, 0xFFFF, 0xFFFF, 0xFFFF, 0xFFFF, 0xFFFF, 0xFFFF, 0xFFFF, 0xFFFF, 0xFFFF,
  0xFFFF, 0xFFFF, 0xFFFF, 0xFFFF, 0xFFFF, 0xFFFF, 0xFFFF, 0xFFFF, 0xFFFF, 0xFFFF, 0xFFFF, 0xFFFF,
  0xFFFF, 0xFFFF, 0xFFFF, 0xFFFF, 0xFFFF, 0xFFFF, 0xFFFF, 0xFFFF, 0xFFFF, 0xFFFF, 0x7BCF, 0x0000,
  0x0000, 0x0000, 0x0001, 0x10A5, 0x2967, 0x39E8, 0x424B, 0x52AC, 0x52AC, 0x5AED, 0x630E, 0x632E,
  0x632E, 0x5AEE, 0x52CD, 0x4A6B, 0x422A, 0x31A8, 0x2106, 0x0864, 0x0001, 0x0000, 0x0000, 0x0000,
  0x0000, 0x0000, 0x6B4D, 0xFFFF, 0xFFFF, 0xFFFF, 0xFFFF, 0xFFFF, 0xFFFF, 0xFFFF, 0xFFFF, 0xFFFF,
  0xFFFF, 0xFFFF, 0xFFFF, 0xFFFF, 0xFFFF, 0xFFFF, 0xFFFF, 0xFFFF, 0xFFFF, 0xFFFF, 0xFFFF, 0xFFFF,
  0xFFFF, 0xFFFF, 0xFFFF, 0xFFFF, 0xFFFF, 0xFFFF, 0xFFFF, 0xFFFF, 0xFFFF, 0xFFFF, 0xFFFF, 0xFFFF,
  0xFFFF, 0xFFFF, 0xFFFF, 0xFFFF, 0xFFFF, 0xFFFF, 0xFFFF, 0xFFFF, 0xFFFF, 0xFFFF, 0xFFFF, 0xFFFF,
  0xFFFF, 0xFFFF, 0xFFFF, 0xFFFF, 0xFFFF, 0xFFFF, 0xFFFF, 0xFFFF, 0xFFFF, 0xFFFF, 0xFFFF, 0xFFFF,
  0xFFFF, 0xFFFF, 0xFFFF, 0xFFFF, 0xFFFF, 0xFFFF, 0xFFFF, 0xFFFF, 0xFFFF, 0xFFFF, 0xFFFF, 0xFFFF,
  0xFFFF, 0xFFFF, 0xFFFF, 0xFFFF, 0xFFFF, 0xFFFF, 0xFFFF, 0xFFFF, 0xFFFF, 0xFFFF, 0xFFFF, 0xFFFF,
  0xFFFF, 0xFFFF, 0xFFFF, 0xFFFF, 0xFFFF, 0xFFFF, 0xFFFF, 0xFFFF, 0xFFFF, 0xFFFF, 0xFFFF, 0xFFFF,
  0xFFFF, 0xFFFF, 0xFFFF, 0xFFFF, 0xFFFF, 0xFFFF, 0xFFFF, 0xFFFF, 0xFFFF, 0xFFFF, 0xFFFF, 0xFFFF,
  0xFFFF, 0xFFFF, 0xFFFF, 0xFFFF, 0xFFFF, 0xFFFF, 0xFFFF, 0xFFFF, 0xFFFF, 0xFFFF, 0xFFFF, 0xFFFF,
  0xFFFF, 0xFFFF, 0xFFFF, 0xFFFF, 0xFFFF, 0xFFFF, 0xFFFF, 0xFFFF, 0xFFFF, 0xFFFF, 0xFFFF, 0xFFFF,
  0xFFFF, 0xFFFF, 0xFFFF, 0xFFFF, 0xFFFF, 0xFFFF, 0xFFFF, 0xFFFF, 0xFFFF, 0xFFFF, 0xFFFF, 0xFFFF,
  0xFFFF, 0xFFFF, 0xFFFF, 0xFFFF, 0xFFFF, 0xFFFF, 0xFFFF, 0xFFFF, 0xFFFF, 0xFFFF, 0xFFFF, 0xFFFF,
  0xFFFF, 0xFFFF, 0xFFFF, 0xFFFF, 0xFFFF, 0xFFFF, 0xFFFF, 0xFFFF, 0xFFFF, 0xFFFF, 0xEF5D, 0xA514,
  0xB5D7, 0xDEDB, 0xEF9E, 0xFFFF, 0xFFFF, 0xFFFF, 0xFFFF, 0xFFFF, 0xFFFF, 0xFFFF, 0xFFFF, 0xFFFF,
  0xFFFF, 0xFFFF, 0xFFFF, 0xFFFF, 0xFFFF, 0xFFFF, 0xFFFF, 0xFFFF, 0xE73D, 0xCE7A, 0xB5B7, 0x94B3,
  0x6B4E, 0x39E7, 0x8C71, 0xFFFF, 0xFFFF, 0xFFFF, 0xFFFF, 0xFFFF, 0xFFFF, 0xFFFF, 0xFFFF, 0xFFFF,
  0xFFFF, 0xFFFF, 0xFFFF, 0xFFFF, 0xFFFF, 0xFFFF, 0xFFFF, 0xFFFF, 0xFFFF, 0xFFFF, 0xFFFF, 0xFFFF,
  0xFFFF, 0xFFFF, 0xFFFF, 0xFFFF, 0xFFFF, 0xFFFF, 0xFFFF, 0xFFFF, 0xFFFF, 0xFFFF, 0xFFFF, 0xFFFF,
  0xFFFF, 0xFFFF, 0xFFFF, 0xFFFF, 0xFFFF, 0xFFFF, 0xFFFF, 0xFFFF, 0xFFFF, 0xFFFF, 0xFFFF, 0xFFFF,
  0xFFFF, 0xFFFF, 0xFFFF, 0xFFFF, 0xFFFF, 0xFFFF, 0xFFFF, 0xFFFF, 0xFFFF, 0xFFFF, 0xFFFF, 0xFFFF,
  0xFFFF, 0xFFFF, 0xFFFF, 0xFFFF, 0xFFFF, 0xFFFF, 0xFFFF, 0xFFFF, 0xFFFF, 0xFFFF, 0xFFFF, 0xFFFF,
  0xFFFF, 0xFFFF, 0xFFFF, 0xFFFF, 0xFFFF, 0xFFFF, 0xFFFF, 0xFFFF, 0xFFFF, 0xFFFF, 0xFFFF, 0xFFFF,
  0xFFFF, 0xFFFF, 0xFFFF, 0xFFFF, 0xFFFF, 0xFFFF, 0xFFFF, 0xFFFF, 0xFFFF, 0xFFFF, 0xFFFF, 0xFFFF,
  0xFFFF, 0xFFFF, 0xFFFF, 0xFFFF, 0xFFFF, 0xFFFF, 0xFFFF, 0xFFFF, 0xFFFF, 0xFFFF, 0xFFFF, 0xFFFF,
  0xFFFF, 0xFFFF, 0xFFFF, 0xFFFF, 0xFFFF, 0xFFFF, 0xFFFF, 0xFFFF, 0xFFFF, 0xFFFF, 0xFFFF, 0xFFFF,
  0xFFFF, 0xFFFF, 0xFFFF, 0xFFFF, 0xFFFF, 0xFFFF, 0xFFFF, 0xFFFF, 0xFFFF, 0xFFFF, 0xFFFF, 0xFFFF,
  0xFFFF, 0xFFFF, 0xFFFF, 0xFFFF, 0xFFFF, 0xFFFF, 0xFFFF, 0xFFFF, 0xFFFF, 0xFFFF, 0xFFFF, 0xFFFF,
  0xFFFF, 0xFFFF, 0xFFFF, 0xFFFF, 0xFFFF, 0xFFFF, 0xFFFF, 0xFFFF, 0xFFFF, 0xFFFF, 0xFFFF, 0xFFFF,
  0xFFFF, 0xFFFF, 0xFFFF, 0xFFFF, 0xFFFF, 0xFFFF, 0xFFFF, 0xFFFF, 0xFFFF, 0xFFFF, 0xFFFF, 0xFFFF,
  0xFFFF, 0xFFFF, 0xFFFF, 0xFFFF, 0xFFFF, 0xFFFF, 0xFFFF, 0xFFFF, 0xFFFF, 0xFFFF, 0xFFFF, 0xFFFF,
  0xFFFE, 0xFFFF, 0xFFFF, 0xFFFF, 0xFFFF, 0xFFFF, 0xFFFF, 0xFFFF, 0xFFFF, 0xFFFF, 0xFFFF, 0xFFFF,
  0xFFFF, 0xFFFF, 0xFFFF, 0xFFFF, 0xFFFF, 0xFFFF, 0xFFFF, 0xFFFF, 0xFFFF, 0xFFFF, 0xFFFF, 0xFFFF,
  0xFFFF, 0xFFFF, 0xFFFF, 0xFFFF, 0xFFFF, 0xFFFF, 0xFFFF, 0xFFFF, 0xFFFF, 0xFFFF, 0xFFFF, 0xFFFF,
  0xFFFF, 0xFFFF, 0xFFFF, 0xFFFF, 0xFFFF, 0xFFFF, 0xFFFF, 0xFFFF, 0xFFFF, 0xFFFF, 0xFFFF, 0xFFFF,
  0xFFFF, 0xFFFF, 0xFFFF, 0xFFFF, 0xFFFF, 0xFFFF, 0xFFFF, 0xFFFF, 0xFFFF, 0xFFFF, 0xFFFF, 0xFFFF,
  0xFFFF, 0xFFFF, 0xFFFF, 0xFFFF, 0xFFFF, 0xFFFF, 0xFFFF, 0xFFFF, 0xFFFF, 0xFFFF, 0xFFFF, 0xFFFF,
  0xFFFF, 0xFFFF, 0xFFFF, 0xFFFF, 0xFFFF, 0xFFFF, 0xFFFF, 0xFFFF, 0xFFFF, 0xFFFF, 0xFFFF, 0xFFFF,
  0xFFFF, 0xFFFF, 0xFFFF, 0xFFFF, 0xFFFF, 0xFFFF, 0xFFFF, 0xFFFF, 0xFFFF, 0xFFFF, 0xFFFF, 0xFFFF,
  0xFFFF, 0xFFFF, 0xFFFF, 0xFFFF, 0xFFFF, 0xFFFF, 0xFFFF, 0xFFFF, 0xFFFF, 0xFFFF, 0xFFFF, 0xFFFF,
  0xFFFF, 0xFFFF, 0xFFFF, 0xFFFF, 0xFFFF, 0xFFFF, 0xFFFF, 0xFFFF, 0xFFFF, 0xFFFF, 0xFFFF, 0xFFFF,
  0xFFFF, 0xFFFF, 0xFFFF, 0xFFFF, 0xFFFF, 0xFFFF, 0xFFFF, 0xFFFF, 0xFFFF, 0xFFFF, 0xFFFF, 0xFFFF,
  0xFFFF, 0xFFFF, 0xFFFF, 0xFFFF, 0xFFFF, 0xFFFF, 0xFFFF, 0xFFFF, 0xFFFF, 0xFFFF, 0xFFFF, 0xFFFF,
  0xFFFF, 0xFFFF, 0xFFFF, 0xFFFF, 0xFFFF, 0xFFFF, 0xFFFF, 0xFFFF, 0xFFFF, 0xFFFF, 0xFFFF, 0xFFFF,
  0xFFFF, 0xFFFF, 0xFFFF, 0xFFFF, 0xFFFF, 0xFFFF, 0xFFFF, 0xFFFF, 0xFFFF, 0xFFFF, 0xFFFF, 0xFFFF,
  0xFFFF, 0xFFFF, 0xFFFF, 0xFFFF, 0xFFFF, 0xFFFF, 0xFFFF, 0xFFFF, 0xFFFF, 0xFFFF, 0xFFFF, 0xFFFF,
  0xFFFF, 0xFFFF, 0xFFFF, 0xFFFF, 0xFFFF, 0xFFFF, 0xFFFF, 0xFFFF, 0xFFFF, 0xFFFF, 0xFFFF, 0xE693,
  0xDE0E, 0xFFFF, 0xFFFF, 0xFFFF, 0xFFFF, 0xFFFF, 0xFFFF, 0xFFFF, 0xFFFF, 0xFFFF, 0xFFFF, 0xFFFF,
  0xFFFF, 0xFFFF, 0xFFFF, 0xFFFF, 0xFFFF, 0xFFFF, 0xFFFF, 0xFFFF, 0xFFFF, 0xFFFF, 0xFFFF, 0xFFFF,
  0xFFFF, 0xFFFF, 0xFFFF, 0xFFFF, 0xFFFF, 0xFFFF, 0xFFFF, 0xFFFF, 0xFFFF, 0xFFFF, 0xFFFF, 0xFFFF,
  0xFFFF, 0xFFFF, 0xFFFF, 0xFFFF, 0xFFFF, 0xFFFF, 0xFFFF, 0xFFFF, 0xFFFF, 0xFFFF, 0xFFFF, 0xFFFF,
  0xFFFF, 0xFFFF, 0xFFFF, 0xFFFF, 0xFFFF, 0xFFFF, 0xFFFF, 0xFFFF, 0xFFFF, 0xFFFF, 0xFFFF, 0xFFFF,
  0xFFFF, 0xFFFF, 0xFFFF, 0xFFFF, 0xFFFF, 0xFFFF, 0xFFFF, 0xFFFF, 0xFFFF, 0xFFFF, 0xFFFF, 0xFFFF,
  0xFFFF, 0xFFFF, 0xFFFF, 0xFFFF, 0xFFFF, 0xFFFF, 0xFFFF, 0xFFFF, 0xFFFF, 0xFFFF, 0xFFFF, 0xFFFF,
  0xFFFF, 0xFFFF, 0xFFFF, 0xFFFF, 0xFFFF, 0xFFFF, 0xFFFF, 0xFFFF, 0xFFFF, 0xFFFF, 0xFFFF, 0xFFFF,
  0xFFFF, 0xFFFF, 0xFFFF, 0xFFFF, 0xFFFF, 0xFFFF, 0xFFFF, 0xFFFF, 0xFFFF, 0xFFFF, 0xFFFF, 0xFFFF,
  0xFFFF, 0xFFFF, 0xFFFF, 0xFFFF, 0xFFFF, 0xFFFF, 0xFFFF, 0xFFFF, 0xFFFF, 0xFFFF, 0xFFFF, 0xFFFF,
  0xFFFF, 0xFFFF, 0xFFFF, 0xFFFF, 0xFFFF, 0xFFFF, 0xFFFF, 0xFFFF, 0xFFFF, 0xFFFF, 0xFFFF, 0xFFFF,
  0xFFFF, 0xFFFF, 0xFFFF, 0xFFFF, 0xFFFF, 0xFFFF, 0xFFFF, 0xFFFF, 0xFFFF, 0xFFFF, 0xFFFF, 0xFFFF,
  0xFFFF, 0xFFFF, 0xFFFF, 0xFFFF, 0xFFFF, 0xFFFF, 0xFFFF, 0xFFFF, 0xFFFF, 0xFFFF, 0xFFFF, 0xFFFF,
  0xFFFF, 0xFFFF, 0xFFFF, 0xFFFF, 0xFFFF, 0xFFFF, 0xFFFF, 0xFFFF, 0xFFFF, 0xFFFF, 0xFFFF, 0xFFFF,
  0xFFFF, 0xFFFF, 0xFFFF, 0xFFFF, 0xFFFF, 0xFFFF, 0xFFFF, 0xFFFF, 0xFFFF, 0xFFFF, 0xFFFF, 0xFFFF,
  0xFFFF, 0xFFFF, 0xFFFF, 0xFFFF, 0xFFFF, 0xFFFF, 0xFFFF, 0xFFFF, 0xFFFF, 0xFFFF, 0xFFFF, 0xE5EA,
  0xDD03, 0xFFFF, 0xFFFF, 0xFFFF, 0xFFFF, 0xFFFF, 0xFFFF, 0xFFFF, 0xFFFF, 0xFFFF, 0xFFFF, 0xFFFF,
  0xFFFF, 0xFFFF, 0xFFFF, 0xFFFF, 0xFFFF, 0xFFFF, 0xFFFF, 0xFFFF, 0xFFFF, 0xFFFF, 0xFFFF, 0xFFFF,
  0xFFFF, 0xFFFF, 0xFFFF, 0xFFFF, 0xFFFF, 0xFFFF, 0xFFFF, 0xFFFF, 0xFFFF, 0xFFFF, 0xFFFF, 0xFFFF,
  0xFFFF, 0xFFFF, 0xFFFF, 0xFFFF, 0xFFFF, 0xFFFF, 0xFFFF, 0xFFFF, 0xFFFF, 0xFFFF, 0xFFFF, 0xFFFF,
  0xFFFF, 0xFFFF, 0xFFFF, 0xFFFF, 0xFFFF, 0xFFFF, 0xFFFF, 0xFFFF, 0xFFFF, 0xFFFF, 0xFFFF, 0xFFFF,
  0xFFFF, 0xFFFF, 0xFFFF, 0xFFFF, 0xFFFF, 0xFFFF, 0xFFFF, 0xFFFF, 0xFFFF, 0xFFFF, 0xFFFF, 0xFFFF,
  0xFFFF, 0xFFFF, 0xFFFF, 0xFFFF, 0xFFFF, 0xFFFF, 0xFFFF, 0xFFFF, 0xFFFF, 0xFFFF, 0xFFFF, 0xFFFF,
  0xFFFF, 0xFFFF, 0xFFFF, 0xFFFF, 0xFFFF, 0xFFFF, 0xFFFF, 0xFFFF, 0xFFFF, 0xFFFF, 0xFFFF, 0xFFFF,
  0xFFFF, 0xFFFF, 0xFFFF, 0xFFFF, 0xFFFF, 0xFFFF, 0xFFFF, 0xFFFF, 0xFFFF, 0xFFFF, 0xFFFF, 0xFFFF,
  0xFFFF, 0xFFFF, 0xFFFF, 0xFFFF, 0xFFFF, 0xFFFF, 0xFFFF, 0xFFFF, 0xFFFF, 0xFFFF, 0xFFFF, 0xFFFF,
  0xFFFF, 0xFFFF, 0xFFFF, 0xFFFF, 0xFFFF, 0xFFFF, 0xFFFF, 0xFFFF, 0xFFFF, 0xFFFF, 0xFFFF, 0xFFFF,
  0xFFFF, 0xFFFF, 0xFFFF, 0xFFFF, 0xFFFF, 0xFFFF, 0xFFFF, 0xFFFF, 0xFFFF, 0xFFFF, 0xFFFF, 0xFFFF,
  0xFFFF, 0xFFFF, 0xFFFF, 0xFFFF, 0xFFFF, 0xFFFF, 0xFFFF, 0xFFFF, 0xFFFF, 0xFFFF, 0xFFFF, 0xFFFF,
  0xFFFF, 0xFFFF, 0xFFFF, 0xFFFF, 0xFFFF, 0xFFFF, 0xFFFF, 0xFFFF, 0xFFFF, 0xFFFF, 0xFFFF, 0xFFFF,
  0xFFFF, 0xFFFF, 0xFFFF, 0xFFFF, 0xFFFF, 0xFFFF, 0xFFFF, 0xFFFF, 0xFFFF, 0xFFFF, 0xFFFF, 0xFFFF,
  0xFFFF, 0xFFFF, 0xFFFF, 0xFFFF, 0xFFFF, 0xFFFF, 0xFFFF, 0xFFFF, 0xFFFF, 0xFFFF, 0xF79A, 0xED64,
  0xED21, 0xEEF5, 0xFFFF, 0xFFFF, 0xFFFF, 0xFFDE, 0xFFFF, 0xFFFF, 0xFFFF, 0xFFFF, 0xFFFF, 0xFFFF,
  0xFFFF, 0xFFFF, 0xFFFF, 0xFFFF, 0xFFFF, 0xFFFF, 0xFFFF, 0xFFFF, 0xFFFF, 0xFFFF, 0xFFFF, 0xFFFF,
  0xFFFF, 0xFFFF, 0xFFFF, 0xFFFF, 0xFFFF, 0xFFFF, 0xFFFF, 0xFFFF, 0xFFFF, 0xFFFF, 0xFFFF, 0xFFFF,
  0xFFFF, 0xFFFF, 0xFFFF, 0xFFFF, 0xFFFF, 0xFFFF, 0xFFFF, 0xFFFF, 0xFFFF, 0xFFFF, 0xFFFF, 0xFFFF,
  0xFFFF, 0xFFFF, 0xFFFF, 0xFFFF, 0xFFFF, 0xFFFF, 0xFFFF, 0xFFFF, 0xFFFF, 0xFFFF, 0xFFFF, 0xFFFF,
  0xFFFF, 0xFFFF, 0xFFFF, 0xFFFF, 0xFFFF, 0xFFFF, 0xFFFF, 0xFFFF, 0xFFFF, 0xFFFF, 0xFFFF, 0xFFFF,
  0xFFFF, 0xFFFF, 0xFFFF, 0xFFFF, 0xFFFF, 0xFFFF, 0xFFFF, 0xFFFF, 0xFFFF, 0xFFFF, 0xFFFF, 0xFFFF,
  0xFFFF, 0xFFFF, 0xFFFF, 0xFFFF, 0xFFFF, 0xFFFF, 0xFFFF, 0xFFFF, 0xFFFF, 0xFFFF, 0xFFFF, 0xFFFF,
  0xFFFF, 0xFFFF, 0xFFFF, 0xFFFF, 0xFFFF, 0xFFFF, 0xFFFF, 0xFFFF, 0xFFFF, 0xFFFF, 0xFFFF, 0xFFFF,
  0xFFFF, 0xFFFF, 0xFFFF, 0xFFFF, 0xFFFF, 0xFFFF, 0xFFFF, 0xFFFF, 0xFFFF, 0xFFFF, 0xFFFF, 0xFFFF,
  0xFFFF, 0xFFFF, 0xFFFF, 0xFFFF, 0xFFFF, 0xFFFF, 0xFFFF, 0xFFFF, 0xFFFF, 0xFFFF, 0xFFFF, 0xFFFF,
  0xFFFF, 0xFFFF, 0xFFFF, 0xFFFF, 0xFFFF, 0xFFFF, 0xFFFF, 0xFFFF, 0xFFFF, 0xFFFF, 0xFFFF, 0xFFFF,
  0xFFFF, 0xFFFF, 0xFFFF, 0xFFFF, 0xFFFF, 0xFFFF, 0xFFFF, 0xFFFF, 0xFFFF, 0xFFFF, 0xFFFF, 0xFFFF,
  0xFFFF, 0xFFFF, 0xFFFF, 0xFFFF, 0xFFFF, 0xFFFF, 0xFFFF, 0xFFFF, 0xFFFF, 0xFFFF, 0xFFFF, 0xFFFF,
  0xFFFF, 0xFFFF, 0xFFFF, 0xFFFF, 0xFFFF, 0xFFFF, 0xFFFF, 0xFFFF, 0xFFFF, 0xFFFF, 0xFFFF, 0xFFFF,
  0xFFFF, 0xFFFF, 0xFFFF, 0xFFFF, 0xFFFF, 0xFFFF, 0xFFFF, 0xDE31, 0xDD47, 0xEE0B, 0xE5A7, 0xF584,
  0xF5A4, 0xED86, 0xEE0A, 0xDD66, 0xC52B, 0xF77C, 0xFFFF, 0xFFFF, 0xFFFF, 0xFFFF, 0xFFFF, 0xFFFF,
  0xFFFF, 0xFFFF, 0xFFFF, 0xFFFF, 0xFFFF, 0xFFFF, 0xFFFF, 0xFFFF, 0xFFFF, 0xFFFF, 0xFFFF, 0xFFFF,
  0xFFFF, 0xFFFF, 0xFFFF, 0xFFFF, 0xFFFF, 0xFFFF, 0xFFFF, 0xFFFF, 0xFFFF, 0xFFFF, 0xFFFF, 0xFFFF,
  0xFFFF, 0xFFFF, 0xFFFF, 0xFFFF, 0xFFFF, 0xFFFF, 0xFFFF, 0xFFFF, 0xFFFF, 0xFFFF, 0xFFFF, 0xFFFF,
  0xFFFF, 0xFFFF, 0xFFFF, 0xFFFF, 0xFFFF, 0xFFFF, 0xFFFF, 0xFFFF, 0xFFFF, 0xFFFF, 0xFFFF, 0xFFFF,
  0xFFFF, 0xFFFF, 0xFFFF, 0xFFFF, 0xFFFF, 0xFFFF, 0xFFFF, 0xFFFF, 0xFFFF, 0xFFFF, 0xFFFF, 0xFFFF,
  0xFFFF, 0xFFFF, 0xFFFF, 0xFFFF, 0xFFFF, 0xFFFF, 0xFFFF, 0xFFFF, 0xFFFF, 0xFFFF, 0xFFFF, 0xFFFF,
  0xFFFF, 0xFFFF, 0xFFFF, 0xFFFF, 0xFFFF, 0xFFFF, 0xFFFF, 0xFFFF, 0xFFFF, 0xFFFF, 0xFFFF, 0xFFFF,
  0xFFFF, 0xFFFF, 0xFFFF, 0xFFFF, 0xFFFF, 0xFFFF, 0xFFFF, 0xFFFF, 0xFFFF, 0xFFFF, 0xFFFF, 0xFFFF,
  0xFFFF, 0xFFFF, 0xFFFF, 0xFFFF, 0xFFFF, 0xFFFF, 0xFFFF, 0xFFFF, 0xFFFF, 0xFFFF, 0xFFFF, 0xFFFF,
  0xFFFF, 0xFFFF, 0xFFFF, 0xFFFF, 0xFFFF, 0xFFFF, 0xFFFF, 0xFFFF, 0xFFFF, 0xFFFF, 0xFFFF, 0xFFFF,
  0xFFFF, 0xFFFF, 0xFFFF, 0xFFFF, 0xFFFF, 0xFFFF, 0xFFFF, 0xFFFF, 0xFFFF, 0xFFFF, 0xFFFF, 0xFFFF,
  0xFFFF, 0xFFFF, 0xFFFF, 0xFFFF, 0xFFFF, 0xFFFF, 0xFFFF, 0xFFFF, 0xFFFF, 0xFFFF, 0xFFFF, 0xFFFF,
  0xFFFF, 0xFFFF, 0xFFFF, 0xFFFF, 0xFFFF, 0xFFFF, 0xFFFF, 0xFFFF, 0xFFFF, 0xFFFF, 0xFFFF, 0xFFFF,
  0xFFFF, 0xFFFF, 0xFFFF, 0xFFFF, 0xFFFF, 0xFFFF, 0xFFFF, 0xFFFF, 0xFFFF, 0xFFFF, 0xFFFF, 0xFFFF,
  0xFFFF, 0xFFFF, 0xFFFF, 0xFFFF, 0xFFFF, 0xFFFF, 0xFFFF, 0xF77B, 0xE5AB, 0xE4E0, 0xFDA3, 0xF5C6,
  0xF5C6, 0xFDC4, 0xED00, 0xDD47, 0xEF18, 0xFFFF, 0xFFFF, 0xFFFF, 0xFFFF, 0xFFFF, 0xFFFF, 0xFFFF,
  0xFFFF, 0xFFFF, 0xFFFF, 0xFFFF, 0xFFFF, 0xFFFF, 0xFFFF, 0xFFFF, 0xFFFF, 0xFFFF, 0xFFFF, 0xFFFF,
  0xFFFF, 0xFFFF, 0xFFFF, 0xFFFF, 0xFFFF, 0xFFFF, 0xFFFF, 0xFFFF, 0xFFFF, 0xFFFF, 0xFFFF, 0xFFFF,
  0xE73C, 0xFFDF, 0xFFFF, 0xFFFF, 0xFFFF, 0xFFFF, 0xFFFF, 0xFFFF, 0xFFFF, 0xFFFF, 0xFFFF, 0xFFFF,
  0xFFFF, 0xFFFF, 0xFFFF, 0xFFFF, 0xFFFF, 0xFFFF, 0xFFFF, 0xFFFF, 0xFFFF, 0xFFFF, 0xFFFF, 0xFFFF,
  0xFFFF, 0xFFFF, 0xFFFF, 0xFFFF, 0xFFFF, 0xFFFF, 0xFFFF, 0xFFFF, 0xFFFF, 0xFFFF, 0xFFFF, 0xFFFF,
  0xFFFF, 0xFFFF, 0xFFFF, 0xFFFF, 0xFFFF, 0xFFFF, 0xFFFF, 0xFFFF, 0xFFFF, 0xFFFF, 0xFFFF, 0xFFFF,
  0xFFFF, 0xFFFF, 0xFFFF, 0xFFFF, 0xFFFF, 0xFFFF, 0xFFFF, 0xFFFF, 0xFFFF, 0xFFFF, 0xFFFF, 0xFFFF,
  0xFFFF, 0xFFFF, 0xFFFF, 0xFFFF, 0xFFFF, 0xFFFF, 0xFFFF, 0xFFFF, 0xFFFF, 0xFFFF, 0xFFFF, 0xFFFF,
  0xFFFF, 0xFFFF, 0xFFFF, 0xFFFF, 0xFFFF, 0xFFFF, 0xFFFF, 0xFFFF, 0xFFFF, 0xFFFF, 0xFFFF, 0xFFFF,
  0xFFFF, 0xFFFF, 0xFFFF, 0xFFFF, 0xFFFF, 0xFFFF, 0xFFFF, 0xFFFF, 0xFFFF, 0xFFFF, 0xFFFF, 0xFFFF,
  0xFFFF, 0xFFFF, 0xFFFF, 0xFFFF, 0xFFFF, 0xFFFF, 0xFFFF, 0xFFFF, 0xFFFF, 0xFFFF, 0xFFFF, 0xFFFF,
  0xFFFF, 0xFFFF, 0xFFFF, 0xFFFF, 0xFFFF, 0xFFFF, 0xFFFF, 0xB595, 0x3187, 0x6B8E, 0xFFFF, 0xFFFF,
  0xFFFF, 0xFFFF, 0xFFFF, 0xFFFF, 0xFFFF, 0xFFFF, 0xFFFF, 0xFFFF, 0xFFFF, 0xFFFF, 0xDE30, 0xF77B,
  0xFFFF, 0xFFFF, 0xFFFF, 0xFFFF, 0xFFFF, 0xFFFF, 0xFFFF, 0xFFFF, 0xFFFF, 0xFFFF, 0xFFFF, 0xFFFF,
  0xFFFF, 0xFFFF, 0xFFFF, 0xFFFF, 0xFFFF, 0xFFFF, 0xFFFF, 0xFFFF, 0xFFFF, 0xE6B2, 0xED63, 0xFDC5,
  0xFDC6, 0xF563, 0xEE2D, 0xFFFF, 0xFFFF, 0xFFFF, 0xFFFF, 0xFFFF, 0xFFFF, 0xFFFF, 0xFFFF, 0xFFFF,
  0xFFFF, 0xFFFF, 0xFFFF, 0xFFFF, 0xFFFF, 0xFFFF, 0xFFFF, 0xFFFF, 0xFFFF, 0xFFFF, 0xFFFF, 0xFFFF,
  0xFFFF, 0xFFFF, 0xDE73, 0xE6D6, 0xFFFF, 0xFFFF, 0xFFFF, 0xFFFF, 0xFFFF, 0xFFFF, 0xFFFF, 0xE73C,
  0x0000, 0x2105, 0xB575, 0xFFFF, 0xFFFF, 0xFFFF, 0xFFFF, 0xFFFF, 0xFFFF, 0xFFFF, 0xFFFF, 0xFFFF,
  0xFFFF, 0xFFFF, 0xFFFF, 0xFFFF, 0xFFFF, 0xFFFF, 0xFFFF, 0xFFFF, 0xFFFF, 0xFFFF, 0xFFFF, 0xFFFF,
  0xFFFF, 0xFFFF, 0xFFFF, 0xFFFF, 0xFFFF, 0xFFFF, 0xFFFF, 0xFFFF, 0xFFFF, 0xFFFF, 0xFFFF, 0xFFFF,
  0xFFFF, 0xFFFF, 0xFFFF, 0xFFFF, 0xFFFF, 0xFFFF, 0xFFFF, 0xFFFF, 0xFFFF, 0xFFFF, 0xFFFF, 0xFFFF,
  0xFFFF, 0xFFFF, 0xFFFF, 0xFFFF, 0xFFFF, 0xFFFF, 0xFFFF, 0xFFFF, 0xFFFF, 0xFFFF, 0xFFFF, 0xFFFF,
  0xFFFF, 0xFFFF, 0xFFFF, 0xFFFF, 0xFFFF, 0xFFFF, 0xFFFF, 0xFFFF, 0xFFFF, 0xFFFF, 0xFFFF, 0xFFFF,
  0xFFFF, 0xFFFF, 0xFFFF, 0xFFFF, 0xFFFF, 0xFFFF, 0xFFFF, 0xFFFF, 0xFFFF, 0xFFFF, 0xFFFF, 0xFFFF,
  0xFFFF, 0xFFFF, 0xFFFF, 0xFFFF, 0xFFFF, 0xFFFF, 0xFFFF, 0xFFFF, 0xFFFF, 0xFFFF, 0xFFFF, 0xFFFF,
  0xFFFF, 0xFFFF, 0xFFFF, 0xFFFF, 0xFFFF, 0xFFFF, 0xFFFF, 0xFFFF, 0xFFFF, 0xFFFF, 0xFFFF, 0xFFFF,
  0xFFFF, 0xFFFF, 0xFFFF, 0xFFFF, 0xFFFF, 0xB595, 0x31A7, 0x0000, 0x0000, 0x6B8E, 0xFFFF, 0xFFFF,
  0xFFFF, 0xFFFF, 0xFFFF, 0xFFFF, 0xFFFF, 0xFFFF, 0xFFFF, 0xFFFF, 0xFFFF, 0xFFDD, 0xD4A1, 0xEEB4,
  0xFFFF, 0xFFFF, 0xFFFF, 0xFFFF, 0xFFFF, 0xFFFF, 0xFFFF, 0xFFFF, 0xFFFF, 0xFFFF, 0xFFFF, 0xFFFF,
  0xFFFF, 0xFFFF, 0xFFFF, 0xFFFF, 0xFFFF, 0xFFFF, 0xFFFF, 0xFFFF, 0xFFFF, 0xF778, 0xF542, 0xF563,
  0xF563, 0xF542, 0xF6D3, 0xFFFF, 0xFFFF, 0xFFFF, 0xFFFF, 0xFFFF, 0xFFFF, 0xFFFF, 0xFFFF, 0xFFFF,
  0xFFFF, 0xFFFF, 0xFFFF, 0xFFFF, 0xFFFF, 0xFFFF, 0xFFFF, 0xFFFF, 0xFFFF, 0xFFFF, 0xFFFF, 0xFFFF,
  0xFFFF, 0xFFFF, 0xDD25, 0xE5CC, 0xFFFF, 0xFFFF, 0xFFFF, 0xFFFF, 0xFFFF, 0xFFFF, 0xFFFF, 0xEF7D,
  0x4A6A, 0x0000, 0x0000, 0x31A7, 0xB595, 0xFFFF, 0xFFFF, 0xFFFF, 0xFFFF, 0xFFFF, 0xFFFF, 0xFFFF,
  0xFFFF, 0xFFFF, 0xFFFF, 0xFFFF, 0xFFFF, 0xFFFF, 0xFFFF, 0xFFFF, 0xFFFF, 0xFFFF, 0xFFFF, 0xFFFF,
  0xFFFF, 0xFFFF, 0xFFFF, 0xFFFF, 0xFFFF, 0xFFFF, 0xFFFF, 0xFFFF, 0xFFFF, 0xFFFF, 0xFFFF, 0xFFFF,
  0xFFFF, 0xFFFF, 0xFFFF, 0xFFFF, 0xFFFF, 0xFFFF, 0xFFFF, 0xFFFF, 0xFFFF, 0xFFFF, 0xFFFF, 0xFFFF,
  0xFFFF, 0xFFFF, 0xFFFF, 0xFFFF, 0xFFFF, 0xFFFF, 0xFFFF, 0xFFFF, 0xFFFF, 0xFFFF, 0xFFFF, 0xFFFF,
  0xFFFF, 0xFFFF, 0xFFFF, 0xFFFF, 0xFFFF, 0xFFFF, 0xFFFF, 0xFFFF, 0xFFFF, 0xFFFF, 0xFFFF, 0xFFFF,
  0xFFFF, 0xFFFF, 0xFFFF, 0xFFFF, 0xFFFF, 0xFFFF, 0xFFFF, 0xFFFF, 0xFFFF, 0xFFFF, 0xFFFF, 0xFFFF,
  0xFFFF, 0xFFFF, 0xFFFF, 0xFFFF, 0xFFFF, 0xFFFF, 0xFFFF, 0xFFFF, 0xFFFF, 0xFFFF, 0xFFFF, 0xFFFF,
  0xFFFF, 0xFFFF, 0xFFFF, 0xFFFF, 0xFFFF, 0xFFFF, 0xFFFF, 0xFFFF, 0xFFFF, 0xFFFF, 0xFFFF, 0xFFFF,
  0xFFFF, 0xFFFF, 0xFFFF, 0xC5F7, 0x4209, 0x0000, 0x0000, 0x4A6A, 0xC618, 0xFFFF, 0xFFFF, 0xFFFF,
  0xFFFF, 0xFFFF, 0xFFFF, 0xFFFF, 0xFFFF, 0xFFFF, 0xFFFF, 0xFFFF, 0xFFFF, 0xEED3, 0xE4C0, 0xEE0A,
  0xFFFF, 0xFFFF, 0xFFFF, 0xFFFF, 0xFFFF, 0xFFFF, 0xFFFF, 0xFFFF, 0xFFFF, 0xFFFF, 0xFFFF, 0xFFFF,
  0xFFFF, 0xFFFF, 0xFFFF, 0xFFFF, 0xFFFF, 0xFFFF, 0xFFFF, 0xFFFF, 0xFFFF, 0xEE0A, 0xE4A0, 0xEE91,
  0xEE91, 0xE4E0, 0xE5A8, 0xFFFF, 0xFFFF, 0xFFFF, 0xFFFF, 0xFFFF, 0xFFFF, 0xFFFF, 0xFFFF, 0xFFFF,
  0xFFFF, 0xFFFF, 0xFFFF, 0xFFFF, 0xFFFF, 0xFFFF, 0xFFFF, 0xFFFF, 0xFFFF, 0xFFFF, 0xFFFF, 0xFFFF,
  0xFFFF, 0xF759, 0xED00, 0xED85, 0xF7FE, 0xFFFF, 0xFFFF, 0xFFFF, 0xFFFF, 0xFFFF, 0xFFFF, 0xFFFF,
  0xFFFF, 0xC5F7, 0x4A4A, 0x0000, 0x0000, 0x3A08, 0xC5F7, 0xFFFF, 0xFFFF, 0xFFFF, 0xFFFF, 0xFFFF,
  0xFFFF, 0xFFFF, 0xFFFF, 0xFFFF, 0xFFFF, 0xFFFF, 0xFFFF, 0xFFFF, 0xFFFF, 0xFFFF, 0xFFFF, 0xFFFF,
  0xFFFF, 0xFFFF, 0xFFFF, 0xFFFF, 0xFFFF, 0xFFFF, 0xFFFF, 0xFFFF, 0xFFFF, 0xFFFF, 0xFFFF, 0xFFFF,
  0xFFFF, 0xFFFF, 0xFFFF, 0xFFFF, 0xFFFF, 0xFFFF, 0xFFFF, 0xFFFF, 0xFFFF, 0xFFFF, 0xFFFF, 0xFFFF,
  0xFFFF, 0xFFFF, 0xFFFF, 0xFFFF, 0xFFFF, 0xFFFF, 0xFFFF, 0xFFFF, 0xFFFF, 0xFFFF, 0xFFFF, 0xFFFF,
  0xFFFF, 0xFFFF, 0xFFFF, 0xFFFF, 0xFFFF, 0xFFFF, 0xFFFF, 0xFFFF, 0xFFFF, 0xFFFF, 0xFFFF, 0xFFFF,
  0xFFFF, 0xFFFF, 0xFFFF, 0xFFFF, 0xFFFF, 0xFFFF, 0xFFFF, 0xFFFF, 0xFFFF, 0xFFFF, 0xFFFF, 0xFFFF,
  0xFFFF, 0xFFFF, 0xFFFF, 0xFFFF, 0xFFFF, 0xFFFF, 0xFFFF, 0xFFFF, 0xFFFF, 0xFFFF, 0xFFFF, 0xFFFF,
  0xFFFF, 0xFFFF, 0xFFFF, 0xFFFF, 0xFFFF, 0xFFFF, 0xFFFF, 0xFFFF, 0xFFFF, 0xFFFF, 0xFFFF, 0xFFFF,
  0xFFFF, 0xE71B, 0x5AEC, 0x0000, 0x0000, 0x4229, 0xBDF7, 0xFFFF, 0xFFFF, 0xFFFF, 0xFFFF, 0xFFFF,
  0xFFFF, 0xFFFF, 0xFFFF, 0xFFFF, 0xFFFF, 0xEF5B, 0xDDED, 0xEE6F, 0xEE6F, 0xE586, 0xF583, 0xED85,
  0xE62D, 0xEE8F, 0xDDAB, 0xD654, 0xFFFF, 0xFFFF, 0xFFFF, 0xFFFF, 0xFFFF, 0xFFFF, 0xFFFF, 0xFFFF,
  0xFFFF, 0xFFFF, 0xFFFF, 0xFFFF, 0xFFFF, 0xFFFF, 0xFFFF, 0xFFFF, 0xF77B, 0xCCE6, 0xEEB2, 0xFFFF,
  0xFFFF, 0xEED5, 0xCD06, 0xEF39, 0xFFFF, 0xFFFF, 0xFFFF, 0xFFFF, 0xFFFF, 0xFFFF, 0xFFFF, 0xFFFF,
  0xFFFF, 0xFFFF, 0xFFFF, 0xFFFF, 0xFFFF, 0xFFFF, 0xFFFF, 0xFFFF, 0xFFFF, 0xF7BE, 0xDE10, 0xEE2E,
  0xEE90, 0xE5A8, 0xF583, 0xF584, 0xE5EB, 0xEE90, 0xE5EC, 0xD5F0, 0xFFDE, 0xFFFF, 0xFFFF, 0xFFFF,
  0xFFFF, 0xFFFF, 0xFFFF, 0xBDD7, 0x4229, 0x0000, 0x0000, 0x5ACC, 0xE71C, 0xFFFF, 0xFFFF, 0xFFFF,
  0xFFFF, 0xFFFF, 0xFFFF, 0xFFFF, 0xFFFF, 0xFFFF, 0xFFFF, 0xFFFF, 0xFFFF, 0xFFFF, 0xFFFF, 0xFFFF,
  0xFFFF, 0xFFFF, 0xFFFF, 0xFFFF, 0xFFFF, 0xFFFF, 0xFFFF, 0xFFFF, 0xFFFF, 0xFFFF, 0xFFFF, 0xFFFF,
  0xFFFF, 0xFFFF, 0xFFFF, 0xFFFF, 0xFFFF, 0xFFFF, 0xFFFF, 0xFFFF, 0xFFFF, 0xFFFF, 0xFFFF, 0xFFFF,
  0xFFFF, 0xFFFF, 0xFFFF, 0xFFFF, 0xFFFF, 0xFFFF, 0xFFFF, 0xFFFF, 0xFFFF, 0xFFFF, 0xFFFF, 0xFFFF,
  0xFFFF, 0xFFFF, 0xFFFF, 0xFFFF, 0xFFFF, 0xFFFF, 0xFFFF, 0xFFFF, 0xFFFF, 0xFFFF, 0xFFFF, 0xFFFF,
  0xFFFF, 0xFFFF, 0xFFFF, 0xFFFF, 0xFFFF, 0xFFFF, 0xFFFF, 0xFFFF, 0xFFFF, 0xFFFF, 0xFFFF, 0xFFFF,
  0xFFFF, 0xFFFF, 0xFFFF, 0xFFFF, 0xFFFF, 0xFFFF, 0xFFFF, 0xFFFF, 0xFFFF, 0xFFFF, 0xFFFF, 0xFFFF,
  0xFFFF, 0xFFFF, 0xFFFF, 0xFFFF, 0xFFFF, 0xFFFF, 0xFFFF, 0xFFFF, 0xFFFF, 0xFFFF, 0xFFFF, 0xFFFF,
  0x8C51, 0x0001, 0x0000, 0x3187, 0xB5B6, 0xFFFF, 0xFFFF, 0xFFFF, 0xFFFF, 0xFFFF, 0xFFFF, 0xFFFF,
  0xFFFF, 0xFFFF, 0xFFFF, 0xFFFF, 0xFFFF, 0xFFDE, 0xDDEF, 0xDCA0, 0xF520, 0xFDA5, 0xF5C6, 0xF5C5,
  0xF562, 0xDCA0, 0xD549, 0xEF3A, 0xFFFF, 0xFFFF, 0xFFFF, 0xFFFF, 0xFFFF, 0xFFFF, 0xFFFF, 0xFFFF,
  0xFFFF, 0xFFFF, 0xFFFF, 0xFFFF, 0xFFFF, 0xFFFF, 0xFFFF, 0xFFFF, 0xF77B, 0xEF5B, 0xFFFF, 0xFFFF,
  0xFFFF, 0xFFFF, 0xF77C, 0xF75B, 0xFFFF, 0xFFFF, 0xFFFF, 0xFFFF, 0xFFFF, 0xFFFF, 0xFFFF, 0xFFFF,
  0xFFFF, 0xFFFF, 0xFFFF, 0xFFFF, 0xFFFF, 0xFFFF, 0xFFFF, 0xFFFF, 0xFFFF, 0xFFFF, 0xE694, 0xDCC2,
  0xECE0, 0xFDA4, 0xF5C6, 0xF5C6, 0xF583, 0xE4C0, 0xD4E5, 0xE6B7, 0xFFFF, 0xFFFF, 0xFFFF, 0xFFFF,
  0xFFFF, 0xFFFF, 0xFFFF, 0xFFFF, 0xFFFF, 0xB5B6, 0x2966, 0x0000, 0x0001, 0x9492, 0xFFFF, 0xFFFF,
  0xFFFF, 0xFFFF, 0xFFFF, 0xFFFF, 0xFFFF, 0xFFFF, 0xFFFF, 0xFFFF, 0xFFFF, 0xFFFF, 0xFFFF, 0xFFFF,
  0xFFFF, 0xFFFF, 0xFFFF, 0xFFFF, 0xFFFF, 0xFFFF, 0xFFFF, 0xFFFF, 0xFFFF, 0xFFFF, 0xFFFF, 0xFFFF,
  0xFFFF, 0xFFFF, 0xFFFF, 0xFFFF, 0xFFFF, 0xFFFF, 0xFFFF, 0xFFFF, 0xFFFF, 0xFFFF, 0xFFFF, 0xFFFF,
  0xFFFF, 0xFFFF, 0xFFFF, 0xFFFF, 0xFFFF, 0xFFFF, 0xFFFF, 0xFFFF, 0xFFFF, 0xFFFF, 0xFFFF, 0xFFFF,
  0xFFFF, 0xFFFF, 0xFFFF, 0xFFFF, 0xFFFF, 0xFFFF, 0xFFFF, 0xFFFF, 0xFFFF, 0xFFFF, 0xFFFF, 0xFFFF,
  0xFFFF, 0xFFFF, 0xFFFF, 0xFFFF, 0xFFFF, 0xFFFF, 0xFFFF, 0xFFFF, 0xFFFF, 0xFFFF, 0xFFFF, 0xFFFF,
  0xFFFF, 0xFFFF, 0xFFFF, 0xFFFF, 0xFFFF, 0xFFFF, 0xFFFF, 0xFFFF, 0xFFFF, 0xFFFF, 0xFFFF, 0xFFFF,
  0xFFFF, 0xFFFF, 0xFFFF, 0xFFFF, 0xFFFF, 0xFFFF, 0xFFFF, 0xFFFF, 0xFFFF, 0xFFFF, 0xBDD6, 0x2967,
  0x0000, 0x0022, 0x9CD3, 0xFFFF, 0xFFFF, 0xFFFF, 0xFFFF, 0xFFFF, 0xFFFF, 0xFFFF, 0xFFFF, 0xFFFF,
  0xFFFF, 0xFFFF, 0xFFFF, 0xFFFF, 0xFFFF, 0xFFFF, 0xFFFF, 0xEF39, 0xEDA7, 0xF5A4, 0xF5C6, 0xF5A5,
  0xF584, 0xEEB3, 0xFFFF, 0xFFFF, 0xFFFF, 0xFFFF, 0xFFFF, 0xFFFF, 0xFFFF, 0xFFFF, 0xFFFF, 0xFFFF,
  0xFFFF, 0xFFFF, 0xFFFF, 0xFFFF, 0xFFFF, 0xFFFF, 0xFFFF, 0xFFFF, 0xFFFF, 0xFFFF, 0xFFFF, 0xFFFF,
  0xFFFF, 0xFFFF, 0xFFFF, 0xFFFF, 0xFFFF, 0xFFFF, 0xFFFF, 0xFFFF, 0xFFFF, 0xFFFF, 0xFFFF, 0xFFFF,
  0xFFFF, 0xFFFF, 0xFFFF, 0xFFFF, 0xFFFF, 0xFFFF, 0xFFFF, 0xFFFF, 0xFFFF, 0xFFFF, 0xFFFF, 0xF79C,
  0xE5EA, 0xF584, 0xF5C6, 0xF5C5, 0xF583, 0xEE4E, 0xFFFF, 0xFFFF, 0xFFFF, 0xFFFF, 0xFFFF, 0xFFFF,
  0xFFFF, 0xFFFF, 0xFFFF, 0xFFFF, 0xFFFF, 0xFFFF, 0xFFFF, 0x8C71, 0x0001, 0x0000, 0x31A7, 0xC618,
  0xFFFF, 0xFFFF, 0xFFFF, 0xFFFF, 0xFFFF, 0xFFFF, 0xFFFF, 0xFFFF, 0xFFFF, 0xFFFF, 0xFFFF, 0xFFFF,
  0xFFFF, 0xFFFF, 0xFFFF, 0xFFFF, 0xFFFF, 0xFFFF, 0xFFFF, 0xFFFF, 0xFFFF, 0xFFFF, 0xFFFF, 0xFFFF,
  0xFFFF, 0xFFFF, 0xFFFF, 0xFFFF, 0xFFFF, 0xFFFF, 0xFFFF, 0xFFFF, 0xFFFF, 0xFFFF, 0xFFFF, 0xFFFF,
  0xFFFF, 0xFFFF, 0xFFFF, 0xFFFF, 0xFFFF, 0xFFFF, 0xFFFF, 0xFFFF, 0xFFFF, 0xFFFF, 0xFFFF, 0xFFFF,
  0xFFFF, 0xFFFF, 0xFFFF, 0xFFFF, 0xFFFF, 0xFFFF, 0xFFFF, 0xFFFF, 0xFFFF, 0xFFFF, 0xFFFF, 0xFFFF,
  0xFFFF, 0xFFFF, 0xFFFF, 0xFFFF, 0xFFFF, 0xFFFF, 0xFFFF, 0xFFFF, 0xFFFF, 0xFFFF, 0xFFFF, 0xFFFF,
  0xFFFF, 0xFFFF, 0xFFFF, 0xFFFF, 0xFFFF, 0xFFFF, 0xFFFF, 0xFFFF, 0xFFFF, 0xFFFF, 0xFFFF, 0xFFFF,
  0xFFFF, 0xFFFF, 0xFFFF, 0xFFFF, 0xFFFF, 0xFFFF, 0xFFFF, 0xFFFF, 0xF7BE, 0x6B6E, 0x0000, 0x0000,
  0x5AEC, 0xE73C, 0xFFFF, 0xFFFF, 0xFFFF, 0xFFFF, 0xFFFF, 0xFFFF, 0xFFFF, 0xFFFF, 0xFFFF, 0xFFFF,
  0xFFFF, 0xFFFF, 0xFFFF, 0xFFFF, 0xFFFF, 0xFFFF, 0xFFFF, 0xFFFF, 0xEE4D, 0xF541, 0xF563, 0xFDA3,
  0xEDA7, 0xFFFF, 0xFFFF, 0xFFFF, 0xFFFF, 0xFFFF, 0xFFFF, 0xFFFF, 0xFFFF, 0xFFFF, 0xFFFF, 0xFFFF,
  0xFFFF, 0xFFFF, 0xFFFF, 0xFFFF, 0xFFFF, 0xFFFF, 0xFFFF, 0xFFFF, 0xFFFF, 0xFFFF, 0xFFFF, 0xFFFF,
  0xFFFF, 0xFFFF, 0xFFFF, 0xFFFF, 0xFFFF, 0xFFFF, 0xFFFF, 0xFFFF, 0xFFFF, 0xFFFF, 0xFFFF, 0xFFFF,
  0xFFFF, 0xFFFF, 0xFFFF, 0xFFFF, 0xFFFF, 0xFFFF, 0xFFFF, 0xFFFF, 0xFFFF, 0xFFFF, 0xFFFF, 0xFFFF,
  0xEEF3, 0xF522, 0xF563, 0xFDA3, 0xED63, 0xF77A, 0xFFFF, 0xFFFF, 0xFFFF, 0xFFFF, 0xFFFF, 0xFFFF,
  0xFFFF, 0xFFFF, 0xFFFF, 0xFFFF, 0xFFFF, 0xFFFF, 0xFFFF, 0xFFFF, 0xE71B, 0x5ACB, 0x0000, 0x0000,
  0x73AE, 0xFFFF, 0xFFFF, 0xFFFF, 0xFFFF, 0xFFFF, 0xFFFF, 0xFFFF, 0xFFFF, 0xFFFF, 0xFFFF, 0xFFFF,
  0xFFFF, 0xFFFF, 0xFFFF, 0xFFFF, 0xFFFF, 0xFFFF, 0xFFFF, 0xFFFF, 0xFFFF, 0xFFFF, 0xFFFF, 0xFFFF,
  0xFFFF, 0xFFFF, 0xFFFF, 0xFFFF, 0xFFFF, 0xFFFF, 0xFFFF, 0xFFFF, 0xFFFF, 0xFFFF, 0xFFFF, 0xFFFF,
  0xFFFF, 0xFFFF, 0xFFFF, 0xFFFF, 0xFFFF, 0xFFFF, 0xFFFF, 0xFFFF, 0xFFFF, 0xFFFF, 0xFFFF, 0xFFFF,
  0xFFFF, 0xFFFF, 0xFFFF, 0xFFFF, 0xFFFF, 0xFFFF, 0xFFFF, 0xFFFF, 0xFFFF, 0xFFFF, 0xFFFF, 0xFFFF,
  0xFFFF, 0xFFFF, 0xFFFF, 0xFFFF, 0xFFFF, 0xFFFF, 0xFFFF, 0xFFFF, 0xFFFF, 0xFFFF, 0xFFFF, 0xFFFF,
  0xFFFF, 0xFFFF, 0xFFFF, 0xFFFF, 0xFFFF, 0xFFFF, 0xFFFF, 0xFFFF, 0xFFFF, 0xFFFF, 0xFFFF, 0xFFFF,
  0xFFFF, 0xFFFF, 0xFFFF, 0xFFFF, 0xFFFF, 0xFFFF, 0xFFFF, 0xBDF7, 0x18E4, 0x0000, 0x2105, 0xBDD6,
  0xFFFF, 0xFFFF, 0xFFFF, 0xFFFF, 0xFFFF, 0xFFFF, 0xFFFF, 0xFFFF, 0xFFFF, 0xFFFF, 0xFFFF, 0xFFFF,
  0xFFFF, 0xFFFF, 0xFFFF, 0xFFFF, 0xFFFF, 0xFFFF, 0xFFFF, 0xFFFC, 0xED22, 0xED43, 0xEE2E, 0xED86,
  0xED00, 0xF737, 0xFFFF, 0xFFFF, 0xFFFF, 0xFFFF, 0xFFFF, 0xFFFF, 0xFFFF, 0xFFFF, 0xFFFF, 0xFFFF,
  0xFFFF, 0xFFFF, 0xFFFF, 0xFFFF, 0xFFFF, 0xFFFF, 0xFFFF, 0xFFFF, 0xFFFF, 0xFFFF, 0xFFFF, 0xFFFF,
  0xFFFF, 0xFFFF, 0xFFFF, 0xFFFF, 0xFFFF, 0xFFFF, 0xFFFF, 0xFFFF, 0xFFFF, 0xFFFF, 0xFFFF, 0xFFFF,
  0xFFFF, 0xFFFF, 0xFFFF, 0xFFFF, 0xFFFF, 0xFFFF, 0xFFFF, 0xFFFF, 0xFFFF, 0xFFFF, 0xFFFF, 0xFFFF,
  0xF5C7, 0xECE0, 0xEE2E, 0xEDC9, 0xE4C0, 0xF6B1, 0xFFFF, 0xFFFF, 0xFFFF, 0xFFFF, 0xFFFF, 0xFFFF,
  0xFFFF, 0xFFFF, 0xFFFF, 0xFFFF, 0xFFFF, 0xFFFF, 0xFFFF, 0xFFFF, 0xFFFF, 0xFFFF, 0xB5B6, 0x18E4,
  0x0000, 0x2965, 0xCE79, 0xFFFF, 0xFFFF, 0xFFFF, 0xFFFF, 0xFFFF, 0xFFFF, 0xFFFF, 0xFFFF, 0xFFFF,
  0xFFFF, 0xFFFF, 0xFFFF, 0xFFFF, 0xFFFF, 0xFFFF, 0xFFFF, 0xFFFF, 0xFFFF, 0xFFFF, 0xFFFF, 0xFFFF,
  0xFFFF, 0xFFFF, 0xFFFF, 0xFFFF, 0xFFFF, 0xFFFF, 0xFFFF, 0xFFFF, 0xFFFF, 0xFFFF, 0xFFFF, 0xFFFF,
  0xFFFF, 0xFFFF, 0xFFFF, 0xFFFF, 0xFFFF, 0xFFFF, 0xFFFF, 0xFFFF, 0xFFFF, 0xFFFF, 0xFFFF, 0xFFFF,
  0xFFFF, 0xFFFF, 0xFFFF, 0xFFFF, 0xFFFF, 0xFFFF, 0xFFFF, 0xFFFF, 0xFFFF, 0xFFFF, 0xFFFF, 0xFFFF,
  0xFFFF, 0xFFFF, 0xFFFF, 0xFFFF, 0xFFFF, 0xFFFF, 0xFFFF, 0xFFFF, 0xFFFF, 0xFFFF, 0xFFFF, 0xFFFF,
  0xFFFF, 0xFFFF, 0xFFFF, 0xFFFF, 0xFFFF, 0xFFFF, 0xFFFF, 0xFFFF, 0xFFFF, 0xFFFF, 0xFFFF, 0xFFFF,
  0xFFFF, 0xFFFF, 0xFFFF, 0xFFFF, 0xFFFF, 0xFFFF, 0x7BCE, 0x0000, 0x0000, 0x6B4D, 0xFFDE, 0xFFFF,
  0xFFFF, 0xFFFF, 0xFFFF, 0xFFFF, 0xFFFF, 0xFFFF, 0xFFFF, 0xFFFF, 0xFFFF, 0xFFFF, 0xFFFF, 0xFFFF,
  0xFFFF, 0xFFFF, 0xFFFF, 0xFFFF, 0xFFFF, 0xFFFF, 0xFFFF, 0xE631, 0xD4C2, 0xF737, 0xFFFF, 0xF75A,
  0xD525, 0xDDCB, 0xFFFF, 0xFFFF, 0xFFFF, 0xFFFF, 0xFFFF, 0xFFFF, 0xFFFF, 0xFFFF, 0xFFFF, 0xFFFF,
  0xFFFF, 0xFFFF, 0xFFFF, 0xFFFF, 0xFFFF, 0xFFFF, 0xFFFF, 0xFFFF, 0xFFFF, 0xFFFF, 0xFFFF, 0xFFFF,
  0xFFFF, 0xFFFF, 0xFFFF, 0xFFFF, 0xFFFF, 0xFFFF, 0xFFFF, 0xFFFF, 0xFFFF, 0xFFFF, 0xFFFF, 0xFFFF,
  0xFFFF, 0xFFFF, 0xFFFF, 0xFFFF, 0xFFFF, 0xFFFF, 0xFFFF, 0xFFFF, 0xFFFF, 0xFFFF, 0xFFFF, 0xEF17,
  0xCCA1, 0xEEB2, 0xFFFF, 0xFFBE, 0xDDAA, 0xD547, 0xFFDE, 0xFFFF, 0xFFFF, 0xFFFF, 0xFFFF, 0xFFFF,
  0xFFFF, 0xFFFF, 0xFFFF, 0xFFFF, 0xFFFF, 0xFFFF, 0xFFFF, 0xFFFF, 0xFFFF, 0xFFFF, 0xFFFF, 0xF7BE,
  0x632D, 0x0000, 0x0000, 0x9492, 0xFFFF, 0xFFFF, 0xFFFF, 0xFFFF, 0xFFFF, 0xFFFF, 0xFFFF, 0xFFFF,
  0xFFFF, 0xFFFF, 0xFFFF, 0xFFFF, 0xFFFF, 0xFFFF, 0xFFFF, 0xFFFF, 0xFFFF, 0xFFFF, 0xFFFF, 0xFFFF,
  0xFFFF, 0xFFFF, 0xFFFF, 0xFFFF, 0xFFFF, 0xFFFF, 0xFFFF, 0xFFFF, 0xFFFF, 0xFFFF, 0xFFFF, 0xFFFF,
  0xFFFF, 0xFFFF, 0xFFFF, 0xFFFF, 0xFFFF, 0xFFFF, 0xFFFF, 0xFFFF, 0xFFFF, 0xFFFF, 0xFFFF, 0xFFFF,
  0xFFFF, 0xFFFF, 0xFFFF, 0xFFFF, 0xFFFF, 0xFFFF, 0xFFFF, 0xFFFF, 0xFFFF, 0xFFFF, 0xFFFF, 0xFFFF,
  0xFFFF, 0xFFFF, 0xFFFF, 0xFFFF, 0xFFFF, 0xFFFF, 0xFFFF, 0xFFFF, 0xFFFF, 0xFFFF, 0xFFFF, 0xFFFF,
  0xFFFF, 0xFFFF, 0xFFFF, 0xFFFF, 0xFFFF, 0xFFFF, 0xFFFF, 0xFFFF, 0xFFFF, 0xFFFF, 0xFFFF, 0xFFFF,
  0xFFFF, 0xFFFF, 0xFFFF, 0xFFFF, 0xDEFB, 0x31A7, 0x0000, 0x1083, 0xB596, 0xFFFF, 0xFFFF, 0xFFFF,
  0xFFFF, 0xFFFF, 0xFFFF, 0xFFFF, 0xFFFF, 0xFFFF, 0xFFFF, 0xFFFF, 0xFFFF, 0xFFFF, 0xFFFF, 0xFFFF,
  0xFFFF, 0xFFFF, 0xFFFF, 0xFFFF, 0xFFFF, 0xFFFF, 0xFFFF, 0xE6B6, 0xF77C, 0xFFFF, 0xFFFF, 0xFFFF,
  0xFFDE, 0xE695, 0xFFFF, 0xFFFF, 0xFFFF, 0xFFFF, 0xFFFF, 0xFFFF, 0xFFFF, 0xFFFF, 0xFFFF, 0xFFFF,
  0xFFFF, 0xFFFF, 0xFFFF, 0xFFFF, 0xFFFF, 0xFFFF, 0xFFFF, 0xFFFF, 0xFFFF, 0xFFFF, 0xFFFF, 0xFFFF,
  0xFFFF, 0xFFFF, 0xFFFF, 0xFFFF, 0xFFFF, 0xFFFF, 0xFFFF, 0xFFFF, 0xFFFF, 0xFFFF, 0xFFFF, 0xFFFF,
  0xFFFF, 0xFFFF, 0xFFFF, 0xFFFF, 0xFFFF, 0xFFFF, 0xFFFF, 0xFFFF, 0xFFFF, 0xFFFF, 0xFFFF, 0xE6D7,
  0xE6F8, 0xFFFF, 0xFFFF, 0xFFFF, 0xFFFF, 0xE6B5, 0xF79C, 0xFFFF, 0xFFFF, 0xFFFF, 0xFFFF, 0xFFFF,
  0xFFFF, 0xFFFF, 0xFFFF, 0xFFFF, 0xFFFF, 0xFFFF, 0xFFFF, 0xFFFF, 0xFFFF, 0xFFFF, 0xFFFF, 0xFFFF,
  0xFFFF, 0xAD75, 0x0862, 0x0000, 0x528A, 0xEF7D, 0xFFFF, 0xFFFF, 0xFFFF, 0xFFFF, 0xFFFF, 0xFFFF,
  0xFFFF, 0xFFFF, 0xFFFF, 0xFFFF, 0xFFFF, 0xFFFF, 0xFFFF, 0xFFFF, 0xFFFF, 0xFFFF, 0xFFFF, 0xFFFF,
  0xFFFF, 0xFFFF, 0xFFFF, 0xFFFF, 0xFFFF, 0xFFFF, 0xFFFF, 0xFFFF, 0xFFFF, 0xFFFF, 0xFFFF, 0xFFFF,
  0xFFFF, 0xFFFF, 0xFFFF, 0xFFFF, 0xFFFF, 0xFFFF, 0xFFFF, 0xFFFF, 0xFFFF, 0xFFFF, 0xFFFF, 0xFFFF,
  0xFFFF, 0xFFFF, 0xFFFF, 0xFFFF, 0xFFFF, 0xFFFF, 0xFFFF, 0xFFFF, 0xFFFF, 0xFFFF, 0xFFFF, 0xFFFF,
  0xFFFF, 0xFFFF, 0xFFFF, 0xFFFF, 0xFFFF, 0xFFFF, 0xFFFF, 0xFFFF, 0xFFFF, 0xFFFF, 0xFFFF, 0xFFFF,
  0xFFFF, 0xFFFF, 0xFFFF, 0xFFFF, 0xFFFF, 0xFFFF, 0xFFFF, 0xFFFF, 0xFFFF, 0xFFFF, 0xFFFF, 0xFFFF,
  0xFFFF, 0xFFFF, 0xFFFF, 0xB595, 0x0022, 0x0000, 0x4229, 0xE73C, 0xFFFF, 0xFFFF, 0xFFFF, 0xFFFF,
  0xFFFF, 0xFFFF, 0xFFFF, 0xFFFF, 0xFFFF, 0xFFFF, 0xFFFF, 0xFFFF, 0xFFFF, 0xFFFF, 0xFFFF, 0xFFFF,
  0xFFFF, 0xFFFF, 0xFFFF, 0xFFFF, 0xFFFF, 0xFFFF, 0xFFFF, 0xFFFF, 0xFFFF, 0xFFFF, 0xFFFF, 0xFFFF,
  0xFFFF, 0xFFFF, 0xFFFF, 0xFFFF, 0xFFFF, 0xFFFF, 0xFFFF, 0xFFFF, 0xFFFF, 0xFFFF, 0xFFFF, 0xFFFF,
  0xFFFF, 0xFFFF, 0xFFFF, 0xFFFF, 0xFFFF, 0xFFFF, 0xFFFF, 0xFFFF, 0xFFFF, 0xFFFF, 0xFFFF, 0xFFFF,
  0xFFFF, 0xFFFF, 0xFFFF, 0xFFFF, 0xFFFF, 0xFFFF, 0xFFFF, 0xFFFF, 0xFFFF, 0xFFFF, 0xFFFF, 0xFFFF,
  0xFFFF, 0xFFFF, 0xFFFF, 0xFFFF, 0xFFFF, 0xFFFF, 0xFFFF, 0xFFFF, 0xFFFF, 0xFFFF, 0xFFFF, 0xFFFF,
  0xFFFF, 0xFFFF, 0xFFFF, 0xFFFF, 0xFFFF, 0xFFFF, 0xFFFF, 0xFFFF, 0xFFFF, 0xFFFF, 0xFFFF, 0xFFFF,
  0xFFFF, 0xFFFF, 0xFFFF, 0xFFFF, 0xFFFF, 0xFFFF, 0xFFFF, 0xFFFF, 0xFFFF, 0xFFFF, 0xFFFF, 0xFFFF,
  0xFFFF, 0xFFFF, 0xE73C, 0x4208, 0x0000, 0x18C4, 0xC638, 0xFFFF, 0xFFFF, 0xFFFF, 0xFFFF, 0xFFFF,
  0xFFFF, 0xFFFF, 0xFFFF, 0xFFFF, 0xFFFF, 0xFFFF, 0xFFFF, 0xFFFF, 0xFFFF, 0xFFFF, 0xFFFF, 0xFFFF,
  0xFFFF, 0xFFFF, 0xFFFF, 0xFFFF, 0xFFFF, 0xFFFF, 0xFFFF, 0xFFFF, 0xFFFF, 0xFFFF, 0xFFFF, 0xFFFF,
  0xFFFF, 0xFFFF, 0xFFFF, 0xFFFF, 0xFFFF, 0xFFFF, 0xFFFF, 0xFFFF, 0xFFFF, 0xFFFF, 0xFFFF, 0xFFFF,
  0xFFFF, 0xFFFF, 0xFFFF, 0xFFFF, 0xFFFF, 0xFFFF, 0xFFFF, 0xFFFF, 0xFFFF, 0xFFFF, 0xFFFF, 0xFFFF,
  0xFFFF, 0xFFFF, 0xFFFF, 0xFFFF, 0xFFFF, 0xFFFF, 0xFFFF, 0xFFFF, 0xFFFF, 0xFFFF, 0xFFFF, 0xFFFF,
  0xFFFF, 0xFFFF, 0xFFFF, 0xFFFF, 0xFFFF, 0xFFFF, 0xFFFF, 0xFFFF, 0xFFFF, 0xFFFF, 0xFFFF, 0xFFFF,
  0xFFFF, 0xFFFF, 0x7BEF, 0x0000, 0x0000, 0x8C51, 0xFFFF, 0xFFFF, 0xFFFF, 0xFFFF, 0xFFFF, 0xFFFF,
  0xFFFF, 0xFFFF, 0xFFFF, 0xFFFF, 0xFFFF, 0xFFFF, 0xFFFF, 0xFFFF, 0xFFFF, 0xFFFF, 0xFFFF, 0xFFFF,
  0xFFFF, 0xFFFF, 0xFFFF, 0xFFFF, 0xFFFF, 0xFFFF, 0xFFFF, 0xFFFF, 0xFFFF, 0xFFFF, 0xFFFF, 0xFFFF,
  0xFFFF, 0xFFFF, 0xFFFF, 0xFFFF, 0xFFFF, 0xFFFF, 0xFFFF, 0xFFFF, 0xFFFF, 0xFFFF, 0xFFFF, 0xFFFF,
  0xFFFF, 0xFFFF, 0xFFFF, 0xFFFF, 0xFFFF, 0xFFFF, 0xFFFF, 0xFFFF, 0xFFFF, 0xFFFF, 0xFFFF, 0xFFBD,
  0xE672, 0xFFFF, 0xFFFF, 0xFFFF, 0xFFFF, 0xFFFF, 0xFFFF, 0xFFFF, 0xFFFF, 0xFFFF, 0xFFFF, 0xFFFF,
  0xFFFF, 0xFFFF, 0xFFFF, 0xFFFF, 0xFFFF, 0xFFFF, 0xFFFF, 0xFFFF, 0xFFFF, 0xFFFF, 0xFFFF, 0xFFFF,
  0xFFFF, 0xFFFF, 0xFFFF, 0xFFFF, 0xFFFF, 0xFFFF, 0xFFFF, 0xFFFF, 0xFFFF, 0xFFFF, 0xFFFF, 0xFFFF,
  0xFFFF, 0xFFFF, 0xFFFF, 0xFFFF, 0xFFFF, 0xFFFF, 0xFFFF, 0xFFFF, 0xFFFF, 0xFFFF, 0xFFFF, 0xFFFF,
  0xFFFF, 0xFFFF, 0xFFFF, 0xFFFF, 0x7BEF, 0x0000, 0x0000, 0x94B2, 0xFFFF, 0xFFFF, 0xFFFF, 0xFFFF,
  0xFFFF, 0xFFFF, 0xFFFF, 0xFFFF, 0xFFFF, 0xFFFF, 0xFFFF, 0xFFFF, 0xFFFF, 0xFFFF, 0xFFFF, 0xFFFF,
  0xFFFF, 0xFFFF, 0xFFFF, 0xFFFF, 0xFFFF, 0xFFFF, 0xFFFF, 0xFFFF, 0xFFFF, 0xFFFF, 0xFFFF, 0xFFFF,
  0xFFFF, 0xFFFF, 0xFFFF, 0xFFFF, 0xFFFF, 0xFFFF, 0xFFFF, 0xFFFF, 0xFFFF, 0xFFFF, 0xFFFF, 0xFFFF,
  0xFFFF, 0xFFFF, 0xFFFF, 0xFFFF, 0xFFFF, 0xFFFF, 0xFFFF, 0xFFFF, 0xFFFF, 0xFFFF, 0xFFFF, 0xFFFF,
  0xFFFF, 0xFFFF, 0xFFFF, 0xFFFF, 0xFFFF, 0xFFFF, 0xFFFF, 0xFFFF, 0xFFFF, 0xFFFF, 0xFFFF, 0xFFFF,
  0xFFFF, 0xFFFF, 0xFFFF, 0xFFFF, 0xFFFF, 0xFFFF, 0xFFFF, 0xFFFF, 0xFFFF, 0xFFFF, 0xFFFF, 0xFFFF,
  0xF7BE, 0x528B, 0x0000, 0x0863, 0xBDD6, 0xFFFF, 0xFFFF, 0xFFFF, 0xFFFF, 0xFFFF, 0xFFFF, 0xFFFF,
  0xFFFF, 0xFFFF, 0xFFFF, 0xFFFF, 0xFFFF, 0xFFFF, 0xFFFF, 0xFFFF, 0xFFFF, 0xFFFF, 0xFFFF, 0xFFFF,
  0xFFFF, 0xFFFF, 0xFFFF, 0xFFFF, 0xFFFF, 0xFFFF, 0xFFFF, 0xFFFF, 0xFFFF, 0xFFFF, 0xFFFF, 0xFFFF,
  0xFFFF, 0xFFFF, 0xFFFF, 0xFFFF, 0xFFFF, 0xFFFF, 0xFFFF, 0xFFFF, 0xFFFF, 0xFFFF, 0xFFFF, 0xFFFF,
  0xFFFF, 0xFFFF, 0xFFFF, 0xFFFF, 0xFFFF, 0xFFFF, 0xFFFF, 0xFFFF, 0xFFFF, 0xFFFF, 0xFFFF, 0xEE90,
  0xD420, 0xF758, 0xFFFF, 0xFFFF, 0xFFFF, 0xFFFF, 0xFFFF, 0xFFFF, 0xFFFF, 0xFFFF, 0xFFFF, 0xFFFF,
  0xFFFF, 0xFFFF, 0xFFFF, 0xFFFF, 0xFFFF, 0xFFFF, 0xFFFF, 0xFFFF, 0xFFFF, 0xFFFF, 0xFFFF, 0xFFFF,
  0xFFFF, 0xFFFF, 0xFFFF, 0xFFFF, 0xFFFF, 0xFFFF, 0xFFFF, 0xFFFF, 0xFFFF, 0xFFFF, 0xFFFF, 0xFFFF,
  0xFFFF, 0xFFFF, 0xFFFF, 0xFFFF, 0xFFFF, 0xFFFF, 0xFFFF, 0xFFFF, 0xFFFF, 0xFFFF, 0xFFFF, 0xFFFF,
  0xFFFF, 0xFFFF, 0xFFFF, 0xFFFF, 0xFFFF, 0xB596, 0x0021, 0x0000, 0x738E, 0xFFFF, 0xFFFF, 0xFFFF,
  0xFFFF, 0xFFFF, 0xFFFF, 0xFFFF, 0xFFFF, 0xFFFF, 0xFFFF, 0xFFFF, 0xFFFF, 0xFFFF, 0xFFFF, 0xFFFF,
  0xFFFF, 0xFFFF, 0xFFFF, 0xFFFF, 0xFFFF, 0xFFFF, 0xFFFF, 0xFFFF, 0xFFFF, 0xFFFF, 0xFFFF, 0xFFFF,
  0xFFFF, 0xFFFF, 0xFFFF, 0xFFFF, 0xFFFF, 0xFFFF, 0xFFFF, 0xFFFF, 0xFFFF, 0xFFFF, 0xFFFF, 0xFFFF,
  0xFFFF, 0xFFFF, 0xFFFF, 0xFFFF, 0xFFFF, 0xFFFF, 0xFFFF, 0xFFFF, 0xFFFF, 0xFFFF, 0xFFFF, 0xFFFF,
  0xFFFF, 0xFFFF, 0xFFFF, 0xFFFF, 0xFFFF, 0xFFFF, 0xFFFF, 0xFFFF, 0xFFFF, 0xFFFF, 0xFFFF, 0xFFFF,
  0xFFFF, 0xFFFF, 0xFFFF, 0xFFFF, 0xFFFF, 0xFFFF, 0xFFFF, 0xFFFF, 0xFFFF, 0xFFFF, 0xFFFF, 0xE71C,
  0x2125, 0x0000, 0x2966, 0xDEFB, 0xFFFF, 0xFFFF, 0xFFFF, 0xFFFF, 0xFFFF, 0xFFFF, 0xFFFF, 0xFFFF,
  0xFFFF, 0xFFFF, 0xFFFF, 0xFFFF, 0xFFFF, 0xFFFF, 0xFFFF, 0xFFFF, 0xFFFF, 0xFFFF, 0xFFFF, 0xFFFF,
  0xFFFF, 0xFFFF, 0xFFFF, 0xFFFF, 0xFFFF, 0xFFFF, 0xFFFF, 0xFFFF, 0xFFFF, 0xFFFF, 0xFFFF, 0xFFFF,
  0xFFFF, 0xFFFF, 0xFFFF, 0xFFFF, 0xFFFF, 0xFFFF, 0xFFFF, 0xFFFF, 0xFFFF, 0xFFFF, 0xFFFF, 0xFFFF,
  0xFFFF, 0xFFFF, 0xFFFF, 0xF759, 0xEF59, 0xFFFF, 0xFFFF, 0xFFFF, 0xFFFF, 0xFFDE, 0xE6D7, 0xEE6E,
  0xED20, 0xEEF4, 0xEF18, 0xFFFF, 0xFFFF, 0xFFFF, 0xFFFF, 0xFFFF, 0xFFDE, 0xFFDE, 0xFFFF, 0xFFFF,
  0xFFFF, 0xFFFF, 0xFFFF, 0xFFFF, 0xFFFF, 0xFFFF, 0xFFFF, 0xFFFF, 0xFFFF, 0xFFFF, 0xFFFF, 0xFFFF,
  0xFFFF, 0xFFFF, 0xFFFF, 0xFFFF, 0xFFFF, 0xFFFF, 0xFFFF, 0xFFFF, 0xFFFF, 0xFFFF, 0xFFFF, 0xFFFF,
  0xFFFF, 0xFFFF, 0xFFFF, 0xFFFF, 0xFFFF, 0xFFFF, 0xFFFF, 0xFFFF, 0xFFFF, 0xFFFF, 0xFFFF, 0xFFFF,
  0xFFFF, 0xFFFF, 0xFFFF, 0xFFFF, 0xFFFF, 0xFFFF, 0xDEDA, 0x2125, 0x0000, 0x4A49, 0xFFDE, 0xFFFF,
  0xFFFF, 0xFFFF, 0xFFFF, 0xFFFF, 0xFFFF, 0xFFFF, 0xFFFF, 0xFFFF, 0xFFFF, 0xFFFF, 0xFFFF, 0xFFFF,
  0xFFFF, 0xFFFF, 0xFFFF, 0xFFFF, 0xFFFF, 0xFFFF, 0xFFFF, 0xFFFF, 0xFFFF, 0xFFFF, 0xFFFF, 0xFFFF,
  0xFFFF, 0xFFFF, 0xFFFF, 0xFFFF, 0xFFFF, 0xFFFF, 0xFFFF, 0xFFFF, 0xFFFF, 0xFFFF, 0xFFFF, 0xFFFF,
  0xFFFF, 0xFFFF, 0xFFFF, 0xFFFF, 0xFFFF, 0xFFFF, 0xFFFF, 0xFFFF, 0xFFFF, 0xFFFF, 0xFFFF, 0xFFFF,
  0xFFFF, 0xFFFF, 0xFFFF, 0xFFFF, 0xFFFF, 0xFFFF, 0xFFFF, 0xFFFF, 0xFFFF, 0xFFFF, 0xFFFF, 0xFFFF,
  0xFFFF, 0xFFFF, 0xFFFF, 0xFFFF, 0xFFFF, 0xFFFF, 0xFFFF, 0xFFFF, 0xFFFF, 0xFFFF, 0xCE79, 0x10A3,
  0x0000, 0x5AEB, 0xFFFF, 0xFFFF, 0xFFFF, 0xFFFF, 0xFFFF, 0xFFFF, 0xFFFF, 0xFFFF, 0xFFFF, 0xFFFF,
  0xFFFF, 0xFFFF, 0xFFFF, 0xFFFF, 0xFFFF, 0xFFFF, 0xFFFF, 0xFFFF, 0xFFFF, 0xFFFF, 0xFFFF, 0xFFFF,
  0xFFFF, 0xFFFF, 0xFFFF, 0xFFFF, 0xFFFF, 0xFFFF, 0xFFFF, 0xFFFF, 0xFFFF, 0xFFFF, 0xFFFF, 0xFFFF,
  0xFFFF, 0xFFFF, 0xFFFF, 0xFFFF, 0xFFFF, 0xFFFF, 0xFFFF, 0xFFFF, 0xFFFF, 0xFFFF, 0xFFFF, 0xFFFF,
  0xFFFF, 0xFFFF, 0xFFFF, 0xE5C9, 0xD460, 0xF77B, 0xEED5, 0xFFDD, 0xFFFF, 0xFFBD, 0xD5AC, 0xF691,
  0xEDA5, 0xEED3, 0xDDEE, 0xFFFF, 0xFFFF, 0xF77B, 0xEF39, 0xFF79, 0xD4C1, 0xEEF5, 0xFFFF, 0xFFFF,
  0xFFFF, 0xFFFF, 0xFFFF, 0xFFFF, 0xFFFF, 0xFFFF, 0xFFFF, 0xFFFF, 0xFFFF, 0xFFFF, 0xFFFF, 0xFFFF,
  0xFFFF, 0xFFFF, 0xFFFF, 0xFFFF, 0xFFFF, 0xFFFF, 0xFFFF, 0xFFFF, 0xFFFF, 0xFFFF, 0xFFFF, 0xFFFF,
  0xFFFF, 0xFFFF, 0xFFFF, 0xFFFF, 0xFFFF, 0xFFFF, 0xFFFF, 0xFFFF, 0xFFFF, 0xFFFF, 0xFFFF, 0xFFFF,
  0xFFFF, 0xFFFF, 0xFFFF, 0xFFFF, 0xFFFF, 0xFFFF, 0xFFFF, 0xF7BE, 0x4229, 0x0000, 0x2966, 0xE73C,
  0xFFFF, 0xFFFF, 0xFFFF, 0xFFFF, 0xFFFF, 0xFFFF, 0xFFFF, 0xFFFF, 0xFFFF, 0xFFFF, 0xFFFF, 0xFFFF,
  0xFFFF, 0xFFFF, 0xFFFF, 0xFFFF, 0xFFFF, 0xFFFF, 0xFFFF, 0xFFFF, 0xFFFF, 0xFFFF, 0xFFFF, 0xFFFF,
  0xFFFF, 0xFFFF, 0xFFFF, 0xFFFF, 0xFFFF, 0xFFFF, 0xFFFF, 0xFFFF, 0xFFFF, 0xFFFF, 0xFFFF, 0xFFFF,
  0xFFFF, 0xFFFF, 0xFFFF, 0xFFFF, 0xFFFF, 0xFFFF, 0xFFFF, 0xFFFF, 0xFFFF, 0xFFFF, 0xFFFF, 0xFFFF,
  0xFFFF, 0xFFFF, 0xFFFF, 0xFFFF, 0xFFFF, 0xFFFF, 0xFFFF, 0xFFFF, 0xFFFF, 0xFFFF, 0xFFFF, 0xFFFF,
  0xFFFF, 0xFFFF, 0xFFFF, 0xFFFF, 0xFFFF, 0xFFFF, 0xFFFF, 0xFFFF, 0xFFFF, 0xEF5D, 0x0000, 0x0000,
  0x73AF, 0xFFFF, 0xFFFF, 0xFFFF, 0xFFFF, 0xFFFF, 0xFFFF, 0xFFFF, 0xFFFF, 0xFFFF, 0xFFFF, 0xFFFF,
  0xFFFF, 0xFFFF, 0xFFFF, 0xFFFF, 0xFFFF, 0xFFFF, 0xFFFF, 0xFFFF, 0xFFFF, 0xFFFF, 0xFFFF, 0xFFFF,
  0xFFFF, 0xFFFF, 0xFFFF, 0xFFFF, 0xFFFF, 0xFFFF, 0xFFFF, 0xFFFF, 0xFFFF, 0xFFFF, 0xFFFF, 0xFFFF,
  0xFFFF, 0xFFFF, 0xFFFF, 0xFFFF, 0xFFFF, 0xFFFF, 0xFFFF, 0xFFFF, 0xFFFF, 0xFFFF, 0xFFFF, 0xFFFF,
  0xFFFF, 0xFFFF, 0xFFFF, 0xF737, 0xEC80, 0xEE6F, 0xDDED, 0xEE91, 0xFFFF, 0xFFFF, 0xE672, 0xEE70,
  0xEDC8, 0xE6B2, 0xEED5, 0xFFFF, 0xFFFF, 0xDDEC, 0xDE30, 0xF5E8, 0xED00, 0xFFDD, 0xFFFF, 0xFFFF,
  0xFFFF, 0xFFFF, 0xFFFF, 0xFFFF, 0xFFFF, 0xFFFF, 0xFFFF, 0xFFFF, 0xFFFF, 0xFFFF, 0xFFFF, 0xFFFF,
  0xFFFF, 0xFFFF, 0xFFFF, 0xFFFF, 0xFFFF, 0xFFFF, 0xFFFF, 0xFFFF, 0xFFFF, 0xFFFF, 0xFFFF, 0xFFFF,
  0xFFFF, 0xFFFF, 0xFFFF, 0xFFFF, 0xFFFF, 0xFFFF, 0xFFFF, 0xFFFF, 0xFFFF, 0xFFFF, 0xFFFF, 0xFFFF,
  0xFFFF, 0xFFFF, 0xFFFF, 0xFFFF, 0xFFFF, 0xFFFF, 0xFFFF, 0xFFFF, 0xFFFF, 0x632D, 0x0000, 0x10A3,
  0xDEDA, 0xFFFF, 0xFFFF, 0xFFFF, 0xFFFF, 0xFFFF, 0xFFFF, 0xFFFF, 0xFFFF, 0xFFFF, 0xFFFF, 0xFFFF,
  0xFFFF, 0xFFFF, 0xFFFF, 0xFFFF, 0xFFFF, 0xFFFF, 0xFFFF, 0xFFFF, 0xFFFF, 0xFFFF, 0xFFFF, 0xFFFF,
  0xFFFF, 0xFFFF, 0xFFFF, 0xFFFF, 0xFFFF, 0xFFFF, 0xFFFF, 0xFFFF, 0xFFFF, 0xFFFF, 0xFFFF, 0xFFFF,
  0xFFFF, 0xFFFF, 0xFFFF, 0xFFFF, 0xFFFF, 0xFFFF, 0xFFFF, 0xFFFF, 0xFFFF, 0xFFFF, 0xFFFF, 0xFFFF,
  0xFFFF, 0xFFFF, 0xFFFF, 0xFFFF, 0xFFFF, 0xFFFF, 0xFFFF, 0xFFFF, 0xFFFF, 0xFFFF, 0xFFFF, 0xFFFF,
  0xFFFF, 0xFFFF, 0xFFFF, 0xFFFF, 0xFFFF, 0xFFFF, 0xFFFF, 0xFFFF, 0xFFFF, 0xF7BE, 0x5AEC, 0x7BCF,
  0xFFFF, 0xFFFF, 0xFFFF, 0xFFFF, 0xFFFF, 0xFFFF, 0xFFFF, 0xFFFF, 0xFFFF, 0xFFFF, 0xFFFF, 0xFFFF,
  0xFFFF, 0xFFFF, 0xFFFF, 0xFFFF, 0xFFFF, 0xFFFF, 0xFFFF, 0xFFFF, 0xFFFF, 0xFFFF, 0xFFFF, 0xFFFF,
  0xFFFF, 0xFFFF, 0xFFFF, 0xFFFF, 0xFFFF, 0xFFFF, 0xFFFF, 0xFFFF, 0xFFFF, 0xFFFF, 0xFFFF, 0xFFFF,
  0xFFFF, 0xFFFF, 0xFFFF, 0xFFFF, 0xFFFF, 0xFFFF, 0xFFFF, 0xFFFF, 0xFFFF, 0xFFFF, 0xFFFF, 0xFFFF,
  0xFFFF, 0xFFFF, 0xF738, 0xE6B6, 0xF690, 0xECE0, 0xEEB3, 0xDE0F, 0xFFFF, 0xFFFF, 0xE6B4, 0xE62D,
  0xEE0A, 0xE691, 0xEF17, 0xFFFF, 0xFF7B, 0xDE2F, 0xF6B1, 0xECC0, 0xEF15, 0xEEF7, 0xFFFF, 0xFFFF,
  0xFFFF, 0xFFFF, 0xFFFF, 0xFFFF, 0xFFFF, 0xFFFF, 0xFFFF, 0xFFFF, 0xFFFF, 0xFFFF, 0xFFFF, 0xFFFF,
  0xFFFF, 0xFFFF, 0xFFFF, 0xFFFF, 0xFFFF, 0xFFFF, 0xFFFF, 0xFFFF, 0xFFFF, 0xFFFF, 0xFFFF, 0xFFFF,
  0xFFFF, 0xFFFF, 0xFFFF, 0xFFFF, 0xFFFF, 0xFFFF, 0xFFFF, 0xFFFF, 0xFFFF, 0xFFFF, 0xFFFF, 0xFFFF,
  0xFFFF, 0xFFFF, 0xFFFF, 0xFFFF, 0xFFFF, 0xFFFF, 0xFFFF, 0xFFFF, 0xFFFF, 0xFFFF, 0x840F, 0x0000,
  0x0862, 0xD69A, 0xFFFF, 0xFFFF, 0xFFFF, 0xFFFF, 0xFFFF, 0xFFFF, 0xFFFF, 0xFFFF, 0xFFFF, 0xFFFF,
  0xFFFF, 0xFFFF, 0xFFFF, 0xFFFF, 0xFFFF, 0xFFFF, 0xFFFF, 0xFFFF, 0xFFFF, 0xFFFF, 0xFFFF, 0xFFFF,
  0xFFFF, 0xFFFF, 0xFFFF, 0xFFFF, 0xFFFF, 0xFFFF, 0xFFFF, 0xFFFF, 0xFFFF, 0xFFFF, 0xFFFF, 0xFFFF,
  0xFFFF, 0xFFFF, 0xFFFF, 0xFFFF, 0xFFFF, 0xFFFF, 0xFFFF, 0xFFFF, 0xFFFF, 0xFFFF, 0xFFFF, 0xFFFF,
  0xFFFF, 0xFFFF, 0xFFFF, 0xFFFF, 0xFFFF, 0xFFFF, 0xFFFF, 0xFFFF, 0xFFFF, 0xFFFF, 0xFFFF, 0xFFFF,
  0xFFFF, 0xFFFF, 0xFFFF, 0xFFFF, 0xFFFF, 0xFFFF, 0xFFFF, 0xFFFF, 0xFFFF, 0xFFFF, 0xFFFF, 0xFFFF,
  0xFFFF, 0xFFFF, 0xFFFF, 0xFFFF, 0xFFFF, 0xFFFF, 0xFFFF, 0xFFFF, 0xFFFF, 0xFFFF, 0xFFFF, 0xFFFF,
  0xFFFF, 0xFFFF, 0xFFFF, 0xFFFF, 0xFFFF, 0xFFFF, 0xFFFF, 0xFFFF, 0xFFFF, 0xFFFF, 0xFFFF, 0xFFFF,
  0xFFFF, 0xFFFF, 0xFFFF, 0xFFFF, 0xFFFF, 0xFFFF, 0xFFFF, 0xFFFF, 0xFFFF, 0xFFFF, 0xFFFF, 0xFFFF,
  0xFFFF, 0xFFFF, 0xFFFF, 0xFFFF, 0xFFFF, 0xFFFF, 0xFFFF, 0xFFFF, 0xFFFF, 0xFFFF, 0xFFFF, 0xFFFF,
  0xFFFF, 0xFFFF, 0xFF9C, 0xD549, 0xE6D6, 0xED23, 0xF62C, 0xDE94, 0xF77B, 0xFFFF, 0xE6B5, 0xDDC8,
  0xF608, 0xEEAF, 0xF77B, 0xFFFF, 0xE6B4, 0xE6B3, 0xF583, 0xF68F, 0xDE10, 0xDDCD, 0xFFFF, 0xFFFF,
  0xFFFF, 0xFFFF, 0xFFFF, 0xFFFF, 0xFFFF, 0xFFFF, 0xFFFF, 0xFFFF, 0xFFFF, 0xFFFF, 0xFFFF, 0xFFFF,
  0xFFFF, 0xFFFF, 0xFFFF, 0xFFFF, 0xFFFF, 0xFFFF, 0xFFFF, 0xFFFF, 0xFFFF, 0xFFFF, 0xFFFF, 0xFFFF,
  0xFFFF, 0xFFFF, 0xFFFF, 0xFFFF, 0xFFFF, 0xFFFF, 0xFFFF, 0xFFFF, 0xFFFF, 0xFFFF, 0xFFFF, 0xFFFF,
  0xFFFF, 0xFFFF, 0xFFFF, 0xFFFF, 0xFFFF, 0xFFFF, 0xFFFF, 0xFFFF, 0xFFFF, 0xFFFF, 0xFFFF, 0x8C51,
  0x0000, 0x0021, 0xCE79, 0xFFFF, 0xFFFF, 0xFFFF, 0xFFFF, 0xFFFF, 0xFFFF, 0xFFFF, 0xFFFF, 0xFFFF,
  0xFFFF, 0xFFFF, 0xFFFF, 0xFFFF, 0xFFFF, 0xFFFF, 0xFFFF, 0xFFFF, 0xFFFF, 0xFFFF, 0xFFFF, 0xFFFF,
  0xFFFF, 0xFFFF, 0xFFFF, 0xFFFF, 0xFFFF, 0xFFFF, 0xFFFF, 0xFFFF, 0xFFFF, 0xFFFF, 0xFFFF, 0xFFFF,
  0xFFFF, 0xFFFF, 0xFFFF, 0xFFFF, 0xFFFF, 0xFFFF, 0xFFFF, 0xFFFF, 0xFFFF, 0xFFFF, 0xFFFF, 0xFFFF,
  0xFFFF, 0xFFFF, 0xFFFF, 0xFFFF, 0xFFFF, 0xFFFF, 0xFFFF, 0xFFFF, 0xFFFF, 0xFFFF, 0xFFFF, 0xFFFF,
  0xFFFF, 0xFFFF, 0xFFFF, 0xFFFF, 0xFFFF, 0xFFFF, 0xFFFF, 0xFFFF, 0xFFFF, 0xFFFF, 0xFFFF, 0xFFFF,
  0xFFFF, 0xFFFF, 0xFFFF, 0xFFFF, 0xFFFF, 0xFFFF, 0xFFFF, 0xFFFF, 0xFFFF, 0xFFFF, 0xFFFF, 0xFFFF,
  0xFFFF, 0xFFFF, 0xFFFF, 0xFFFF, 0xFFFF, 0xFFFF, 0xFFFF, 0xFFFF, 0xFFFF, 0xFFFF, 0xFFFF, 0xFFFF,
  0xFFFF, 0xFFFF, 0xFFFF, 0xFFFF, 0xFFFF, 0xFFFF, 0xFFFF, 0xFFFF, 0xFFFF, 0xFFFF, 0xFFFF, 0xFFFF,
  0xFFFF, 0xFFFF, 0xFFFF, 0xFFFF, 0xFFFF, 0xFFFF, 0xFFFF, 0xFFFF, 0xFFFF, 0xFFFF, 0xFFFF, 0xFFFF,
  0xFFFF, 0xFFFF, 0xFFFF, 0xF79B, 0xCD6A, 0xEE92, 0xEDA7, 0xE6B2, 0xDE95, 0xFFFF, 0xEF19, 0xDE0C,
  0xE62B, 0xE6D2, 0xFFFF, 0xFFBD, 0xE6B5, 0xEE4D, 0xEDC7, 0xE6B4, 0xD58B, 0xFFFF, 0xFFFF, 0xFFFF,
  0xFFFF, 0xFFFF, 0xFFFF, 0xFFFF, 0xFFFF, 0xFFFF, 0xFFFF, 0xFFFF, 0xFFFF, 0xFFFF, 0xFFFF, 0xFFFF,
  0xFFFF, 0xFFFF, 0xFFFF, 0xFFFF, 0xFFFF, 0xFFFF, 0xFFFF, 0xFFFF, 0xFFFF, 0xFFFF, 0xFFFF, 0xFFFF,
  0xFFFF, 0xFFFF, 0xFFFF, 0xFFFF, 0xFFFF, 0xFFFF, 0xFFFF, 0xFFFF, 0xFFFF, 0xFFFF, 0xFFFF, 0xFFFF,
  0xFFFF, 0xFFFF, 0xFFFF, 0xFFFF, 0xFFFF, 0xFFFF, 0xFFFF, 0xFFFF, 0xFFFF, 0xFFFF, 0xFFFF, 0xFFFF,
  0x8C72, 0x0000, 0x0841, 0xCE79, 0xFFFF, 0xFFFF, 0xFFFF, 0xFFFF, 0xFFFF, 0xFFFF, 0xFFFF, 0xFFFF,
  0xFFFF, 0xFFFF, 0xFFFF, 0xFFFF, 0xFFFF, 0xFFFF, 0xFFFF, 0xFFFF, 0xFFFF, 0xFFFF, 0xFFFF, 0xFFFF,
  0xFFFF, 0xFFFF, 0xFFFF, 0xFFFF, 0xFFFF, 0xFFFF, 0xFFFF, 0xFFFF, 0xFFFF, 0xFFFF, 0xFFFF, 0xFFFF,
  0xFFFF, 0xFFFF, 0xFFFF, 0xFFFF, 0xFFFF, 0xFFFF, 0xFFFF, 0xFFFF, 0xFFFF, 0xFFFF, 0xFFFF, 0xFFFF,
  0xFFFF, 0xFFFF, 0xFFFF, 0xFFFF, 0xFFFF, 0xFFFF, 0xFFFF, 0xFFFF, 0xFFFF, 0xFFFF, 0xFFFF, 0xFFFF,
  0xFFFF, 0xFFFF, 0xFFFF, 0xFFFF, 0xFFFF, 0xFFFF, 0xFFFF, 0xFFFF, 0xFFFF, 0xFFFF, 0xFFFF, 0xFFFF,
  0xFFFF, 0xFFFF, 0xFFFF, 0xFFFF, 0xFFFF, 0xFFFF, 0xFFFF, 0xFFFF, 0xFFFF, 0xFFFF, 0xFFFF, 0xFFFF,
  0xFFFF, 0xFFFF, 0xFFFF, 0xFFFF, 0xFFFF, 0xFFFF, 0xFFFF, 0xFFFF, 0xFFFF, 0xFFFF, 0xFFFF, 0xFFFF,
  0xFFFF, 0xFFFF, 0xFFFF, 0xFFFF, 0xFFFF, 0xFFFF, 0xFFFF, 0xFFFF, 0xFFFF, 0xFFFF, 0xFFFF, 0xFFFF,
  0xFFFF, 0xFFFF, 0xFFFF, 0xFFFF, 0xFFFF, 0xFFFF, 0xFFFF, 0xFFFF, 0xFFFF, 0xEEF7, 0xEEF7, 0xF7DF,
  0xD5CC, 0xF738, 0xFFFF, 0xFFFF, 0xEF38, 0xD611, 0xE5ED, 0xDD25, 0xEF38, 0xFFFF, 0xFFFF, 0xFFFF,
  0xFFFF, 0xFFFF, 0xFFFF, 0xF77C, 0xDE2F, 0xED86, 0xE652, 0xCDAC, 0xFFDE, 0xFFFF, 0xFFFF, 0xDE31,
  0xDE74, 0xFFFF, 0xF7BD, 0xFFFF, 0xFFFF, 0xFFFF, 0xFFFF, 0xFFFF, 0xFFFF, 0xFFFF, 0xFFFF, 0xFFFF,
  0xFFFF, 0xFFFF, 0xFFFF, 0xFFFF, 0xFFFF, 0xFFFF, 0xFFFF, 0xFFFF, 0xFFFF, 0xFFFF, 0xFFFF, 0xFFFF,
  0xFFFF, 0xFFFF, 0xFFFF, 0xFFFF, 0xFFFF, 0xFFFF, 0xFFFF, 0xFFFF, 0xFFFF, 0xFFFF, 0xFFFF, 0xFFFF,
  0xFFFF, 0xFFFF, 0xFFFF, 0xFFFF, 0xFFFF, 0xFFFF, 0xFFFF, 0xFFFF, 0xFFFF, 0xFFFF, 0xFFFF, 0xFFFF,
  0xFFFF, 0x8C72, 0x0000, 0x0021, 0xD69A, 0xFFFF, 0xFFFF, 0xFFFF, 0xFFFF, 0xFFFF, 0xFFFF, 0xFFFF,
  0xFFFF, 0xFFFF, 0xFFFF, 0xFFFF, 0xFFFF, 0xFFFF, 0xFFFF, 0xFFFF, 0xFFFF, 0xFFFF, 0xFFFF, 0xFFFF,
  0xFFFF, 0xFFFF, 0xFFFF, 0xFFFF, 0xFFFF, 0xFFFF, 0xFFFF, 0xFFFF, 0xFFFF, 0xFFFF, 0xFFFF, 0xFFFF,
  0xFFFF, 0xFFFF, 0xFFFF, 0xFFFF, 0xFFFF, 0xFFFF, 0xFFFF, 0xFFFF, 0xFFFF, 0xFFFF, 0xFFFF, 0xFFFF,
  0xFFFF, 0xFFFF, 0xFFFF, 0xFFFF, 0xFFFF, 0xFFFF, 0xFFFF, 0xFFFF, 0xFFFF, 0xFFFF, 0xFFFF, 0xFFFF,
  0xFFFF, 0xFFFF, 0xFFFF, 0xFFFF, 0xFFFF, 0xFFFF, 0xFFFF, 0xFFFF, 0xFFFF, 0xFFFF, 0xFFFF, 0xFFFF,
  0xFFFF, 0xFFFF, 0xFFFF, 0xFFFF, 0xFFFF, 0xFFFF, 0xFFFF, 0xFFFF, 0xFFFF, 0xFFFF, 0xFFFF, 0xFFFF,
  0xFFFF, 0xFFFF, 0xFFFF, 0xF7BE, 0xE77E, 0xDF7E, 0xE77E, 0xF7BE, 0xFFFF, 0xFFFF, 0xFFFF, 0xFFFF,
  0xFFFF, 0xFFFF, 0xFFFF, 0xFFFF, 0xFFFF, 0xFFFF, 0xFFFF, 0xFFFF, 0xFFFF, 0xFFFF, 0xFFFF, 0xFFFF,
  0xFFFF, 0xFFFF, 0xFFFF, 0xFFFF, 0xFFFF, 0xFFFF, 0xFFFF, 0xFFFF, 0xFFFF, 0xDD88, 0xDC00, 0xEE4E,
  0xE6D6, 0xD58B, 0xE693, 0xFFFF, 0xFFFF, 0xEF18, 0xDE52, 0xF718, 0xFFFF, 0xEF18, 0xF691, 0xF66E,
  0xEE6F, 0xEE90, 0xEEF5, 0xF7DE, 0xF79C, 0xE672, 0xD631, 0xF79C, 0xFFFF, 0xFFFF, 0xD5CE, 0xC54C,
  0xE6D6, 0xEDC8, 0xD460, 0xEF3A, 0xFFFF, 0xFFFF, 0xFFFF, 0xFFFF, 0xFFFF, 0xFFFF, 0xFFFF, 0xFFFF,
  0xFFFF, 0xFFFF, 0xFFFF, 0xFFFF, 0xFFFF, 0xFFFF, 0xFFFF, 0xFFFF, 0xFFFF, 0xFFFF, 0xFFFF, 0xFFFF,
  0xFFFF, 0xFFFF, 0xFFFF, 0xFFFF, 0xFFFF, 0xFFFF, 0xFFFF, 0xFFFF, 0xFFFF, 0xFFFF, 0xFFFF, 0xFFFF,
  0xFFFF, 0xFFFF, 0xFFFF, 0xFFFF, 0xFFFF, 0xFFFF, 0xFFFF, 0xFFFF, 0xFFFF, 0xFFFF, 0xFFFF, 0xFFFF,
  0xFFFF, 0xFFFF, 0x8C72, 0x0000, 0x0841, 0xDEDB, 0xFFFF, 0xFFFF, 0xFFFF, 0xFFFF, 0xFFFF, 0xFFFF,
  0xFFFF, 0xFFFF, 0xFFFF, 0xFFFF, 0xFFFF, 0xFFFF, 0xFFFF, 0xFFFF, 0xFFFF, 0xFFFF, 0xFFFF, 0xFFFF,
  0xFFFF, 0xFFFF, 0xFFFF, 0xFFFF, 0xFFFF, 0xFFFF, 0xFFFF, 0xFFFF, 0xFFFF, 0xFFFF, 0xFFFF, 0xFFFF,
  0xFFFF, 0xFFFF, 0xFFFF, 0xFFFF, 0xFFFF, 0xFFFF, 0xFFFF, 0xFFFF, 0xFFFF, 0xFFFF, 0xFFFF, 0xFFFF,
  0xFFFF, 0xFFFF, 0xFFFF, 0xFFFF, 0xFFFF, 0xFFFF, 0xFFFF, 0xFFFF, 0xFFFF, 0xFFFF, 0xFFFF, 0xFFFF,
  0xFFFF, 0xFFFF, 0xFFFF, 0xFFFF, 0xFFFF, 0xFFFF, 0xFFFF, 0xFFFF, 0xFFFF, 0xFFFF, 0xFFFF, 0xFFFF,
  0xFFFF, 0xFFFF, 0xFFFF, 0xFFFF, 0xFFFF, 0xFFFF, 0xFFFF, 0xFFFF, 0xFFFF, 0xFFFF, 0xFFFF, 0xFFFF,
  0xFFFF, 0xFFFF, 0xEFBE, 0xD75E, 0xDF7E, 0xDF9E, 0xDF7F, 0xD75E, 0xEFBE, 0xFFFF, 0xFFFF, 0xFFFF,
  0xFFFF, 0xFFFF, 0xFFFF, 0xFFFF, 0xFFFF, 0xFFFF, 0xFFFF, 0xFFFF, 0xFFFF, 0xFFFF, 0xFFFF, 0xFFFF,
  0xFFFF, 0xFFFF, 0xFFFF, 0xFFFF, 0xFFFF, 0xFFFF, 0xFFFF, 0xFFFF, 0xFFFF, 0xF79B, 0xEE6E, 0xED00,
  0xED44, 0xEEB3, 0xD5EE, 0xDE31, 0xFFDE, 0xFFFF, 0xFFFF, 0xF79C, 0xE5A8, 0xED20, 0xED41, 0xF561,
  0xF562, 0xF541, 0xED40, 0xE564, 0xEED4, 0xFFFF, 0xFFBD, 0xFFFF, 0xF79C, 0xCDEF, 0xD5F0, 0xF6B3,
  0xECE0, 0xECC0, 0xEDEC, 0xF7DE, 0xFFFF, 0xFFFF, 0xFFFF, 0xFFFF, 0xFFFF, 0xFFFF, 0xFFFF, 0xFFFF,
  0xFFFF, 0xFFFF, 0xFFFF, 0xFFFF, 0xFFFF, 0xFFFF, 0xFFFF, 0xFFFF, 0xFFFF, 0xFFFF, 0xFFFF, 0xFFFF,
  0xFFFF, 0xFFFF, 0xFFFF, 0xFFFF, 0xFFFF, 0xFFFF, 0xFFFF, 0xFFFF, 0xFFFF, 0xFFFF, 0xFFFF, 0xFFFF,
  0xFFFF, 0xFFFF, 0xFFFF, 0xFFFF, 0xFFFF, 0xFFFF, 0xFFFF, 0xFFFF, 0xFFFF, 0xFFFF, 0xFFFF, 0xFFFF,
  0xFFFF, 0xFFFF, 0xFFFF, 0x8430, 0x0000, 0x10A3, 0xEF3C, 0xFFFF, 0xFFFF, 0xFFFF, 0xFFFF, 0xFFFF,
  0xFFFF, 0xFFFF, 0xFFFF, 0xFFFF, 0xFFFF, 0xFFFF, 0xFFFF, 0xFFFF, 0xFFFF, 0xFFFF, 0xFFFF, 0xFFFF,
  0xFFFF, 0xFFFF, 0xFFFF, 0xFFFF, 0xFFFF, 0xFFFF, 0xFFFF, 0xFFFF, 0xFFFF, 0xFFFF, 0xFFFF, 0xFFFF,
  0xFFFF, 0xFFFF, 0xFFFF, 0xFFFF, 0xFFFF, 0xFFFF, 0xFFFF, 0xFFFF, 0xFFFF, 0xFFFF, 0xFFFF, 0xFFFF,
  0xFFFF, 0xFFFF, 0xFFFF, 0xFFFF, 0xFFFF, 0xFFFF, 0xFFFF, 0xFFFF, 0xFFFF, 0xFFFF, 0xFFFF, 0xFFFF,
  0xFFFF, 0xFFFF, 0xFFFF, 0xFFFF, 0xFFFF, 0xFFFF, 0xFFFF, 0xFFFF, 0xFFFF, 0xFFFF, 0xFFFF, 0xFFFF,
  0xFFFF, 0xFFFF, 0xFFFF, 0xFFFF, 0xFFFF, 0xFFFF, 0xFFFF, 0xFFFF, 0xFFFF, 0xFFFF, 0xFFFF, 0xFFFF,
  0xFFFF, 0xEFBE, 0xD75E, 0xDF9F, 0xE79F, 0xE79E, 0xE79F, 0xDF9F, 0xDF9E, 0xEFBE, 0xF7DF, 0xFFFF,
  0xFFFF, 0xFFFF, 0xFFFF, 0xFFFF, 0xFFFF, 0xFFFF, 0xFFFF, 0xFFFF, 0xFFFF, 0xFFFF, 0xFFFF, 0xFFFF,
  0xFFFF, 0xFFFF, 0xFFFF, 0xFFFF, 0xFFFF, 0xFFFF, 0xFFFF, 0xFFFF, 0xFFFF, 0xFFDE, 0xDE32, 0xE692,
  0xF62C, 0xED23, 0xEE0C, 0xDE0F, 0xE694, 0xFFFF, 0xEF17, 0xE4E0, 0xF540, 0xFDC5, 0xF5C6, 0xF5C6,
  0xF5C6, 0xF5C6, 0xFDC6, 0xFD82, 0xECE0, 0xE60C, 0xFFFF, 0xF7BD, 0xD673, 0xDE30, 0xED88, 0xECC2,
  0xF64D, 0xDE51, 0xEF5A, 0xFFFF, 0xFFFF, 0xFFFF, 0xFFFF, 0xFFFF, 0xFFFF, 0xFFFF, 0xFFFF, 0xFFFF,
  0xFFFF, 0xFFFF, 0xFFFF, 0xFFFF, 0xFFFF, 0xFFFF, 0xFFFF, 0xFFFF, 0xFFFF, 0xFFFF, 0xFFFF, 0xFFFF,
  0xFFFF, 0xFFFF, 0xFFFF, 0xFFFF, 0xFFFF, 0xFFFF, 0xFFFF, 0xFFFF, 0xFFFF, 0xFFFF, 0xFFFF, 0xFFFF,
  0xFFFF, 0xFFFF, 0xFFFF, 0xFFFF, 0xFFFF, 0xFFFF, 0xFFFF, 0xFFFF, 0xFFFF, 0xFFFF, 0xFFFF, 0xFFFF,
  0xFFFF, 0xFFFF, 0xFFFF, 0xFFFF, 0x73AF, 0x0000, 0x2966, 0xF7BE, 0xFFFF, 0xFFFF, 0xFFFF, 0xFFFF,
  0xFFFF, 0xFFFF, 0xFFFF, 0xFFFF, 0xFFFF, 0xFFFF, 0xFFFF, 0xFFFF, 0xFFFF, 0xFFFF, 0xFFFF, 0xFFFF,
  0xFFFF, 0xFFFF, 0xFFFF, 0xFFFF, 0xFFFF, 0xFFFF, 0xFFFF, 0xFFFF, 0xFFFF, 0xFFFF, 0xFFFF, 0xFFFF,
  0xFFFF, 0xFFFF, 0xFFFF, 0xFFFF, 0xFFFF, 0xFFFF, 0xFFFF, 0xFFFF, 0xFFFF, 0xFFFF, 0xFFFF, 0xFFFF,
  0xFFFF, 0xFFFF, 0xFFFF, 0xFFFF, 0xFFFF, 0xFFFF, 0xFFFF, 0xFFFF, 0xFFFF, 0xFFFF, 0xFFFF, 0xFFFF,
  0xFFFF, 0xFFFF, 0xFFFF, 0xFFFF, 0xFFFF, 0xFFFF, 0xFFFF, 0xFFFF, 0xFFFF, 0xFFFF, 0xFFFF, 0xFFFF,
  0xFFFF, 0xFFFF, 0xFFFF, 0xFFFF, 0xFFFF, 0xFFFF, 0xFFFF, 0xFFFF, 0xFFFF, 0xFFFF, 0xFFFF, 0xFFFF,
  0xFFDF, 0xDF5E, 0xDF9F, 0xE79E, 0xE79F, 0xE79F, 0xE79F, 0xE79F, 0xDF9F, 0xDF9E, 0xDF7E, 0xE79E,
  0xFFFF, 0xFFFF, 0xFFFF, 0xFFFF, 0xFFFF, 0xFFFF, 0xFFFF, 0xFFFF, 0xFFFF, 0xFFFF, 0xFFFF, 0xFFFF,
  0xFFFF, 0xFFFF, 0xFFFF, 0xFFFF, 0xFFFF, 0xFFFF, 0xFFFF, 0xFFFF, 0xFFFF, 0xFFFF, 0xE651, 0xDDCC,
  0xDE50, 0xE671, 0xEDEB, 0xDDA9, 0xF7BD, 0xF77A, 0xE500, 0xFDA4, 0xF5E7, 0xF5C6, 0xF5C5, 0xF5C5,
  0xF5C5, 0xF5C5, 0xF5C5, 0xF5C6, 0xFDE6, 0xED00, 0xE64F, 0xFFFF, 0xDE0E, 0xE567, 0xE5CC, 0xE692,
  0xE671, 0xD56A, 0xEEF8, 0xFFFF, 0xFFFF, 0xFFFF, 0xFFFF, 0xFFFF, 0xFFFF, 0xFFFF, 0xFFFF, 0xFFFF,
  0xFFFF, 0xFFFF, 0xFFFF, 0xFFFF, 0xFFFF, 0xFFFF, 0xFFFF, 0xFFFF, 0xFFFF, 0xFFFF, 0xFFFF, 0xFFFF,
  0xFFFF, 0xFFFF, 0xFFFF, 0xFFFF, 0xFFFF, 0xFFFF, 0xFFFF, 0xFFFF, 0xFFFF, 0xFFFF, 0xFFFF, 0xFFFF,
  0xFFFF, 0xFFFF, 0xF7DF, 0xEFBF, 0xF7DF, 0xFFFF, 0xFFFF, 0xFFFF, 0xFFFF, 0xFFFF, 0xFFFF, 0xFFFF,
  0xFFFF, 0xFFFF, 0xFFFF, 0xFFFF, 0xFFFF, 0x52AB, 0x0000, 0x4229, 0xFFFF, 0xFFFF, 0xFFFF, 0xFFFF,
  0xFFFF, 0xFFFF, 0xFFFF, 0xFFFF, 0xFFFF, 0xFFFF, 0xFFFF, 0xFFFF, 0xFFFF, 0xFFFF, 0xFFFF, 0xFFFF,
  0xFFFF, 0xFFFF, 0xFFFF, 0xFFFF, 0xFFFF, 0xFFFF, 0xFFFF, 0xFFFF, 0xFFFF, 0xFFFF, 0xFFFF, 0xFFFF,
  0xFFFF, 0xFFFF, 0xFFFF, 0xFFFF, 0xFFFF, 0xFFFF, 0xFFFF, 0xFFFF, 0xFFFF, 0xFFFF, 0xFFFF, 0xFFFF,
  0xFFFF, 0xFFFF, 0xFFFF, 0xFFFF, 0xFFFF, 0xFFFF, 0xFFFF, 0xFFFF, 0xFFFF, 0xFFFF, 0xFFFF, 0xFFFF,
  0xFFFF, 0xFFFF, 0xFFFF, 0xFFFF, 0xFFFF, 0xFFFF, 0xFFFF, 0xFFFF, 0xFFFF, 0xFFFF, 0xFFFF, 0xFFFF,
  0xFFFF, 0xFFFF, 0xFFFF, 0xFFFF, 0xFFFF, 0xFFFF, 0xFFFF, 0xFFFF, 0xFFFF, 0xFFFF, 0xFFFF, 0xF7DF,
  0xDF5E, 0xDF9F, 0xE79F, 0xE79F, 0xE79E, 0xE79F, 0xE79F, 0xE79F, 0xDF9F, 0xE79F, 0xE79F, 0xD77E,
  0xEF9E, 0xFFFF, 0xFFFF, 0xFFFF, 0xFFFF, 0xFFFF, 0xFFFF, 0xFFFF, 0xFFFF, 0xFFFF, 0xFFFF, 0xFFFF,
  0xFFFF, 0xFFFF, 0xFFFF, 0xFFFF, 0xFFFF, 0xFFFF, 0xFFFF, 0xFFFF, 0xFFFF, 0xFFFF, 0xFFFF, 0xFFFF,
  0xEEF6, 0xE673, 0xD652, 0xE6F7, 0xFFFF, 0xE565, 0xFD62, 0xF5E7, 0xF5C6, 0xF5C6, 0xF5C5, 0xF5C5,
  0xF5A5, 0xF5C5, 0xF5C5, 0xF5A5, 0xF5C6, 0xFDE6, 0xE500, 0xEF38, 0xEEF7, 0xDE0D, 0xDE94, 0xE692,
  0xEED4, 0xFFFF, 0xFFFF, 0xFFFF, 0xFFFF, 0xFFFF, 0xFFFF, 0xFFFF, 0xFFFF, 0xFFFF, 0xFFFF, 0xFFFF,
  0xFFFF, 0xFFFF, 0xFFFF, 0xFFFF, 0xFFFF, 0xFFFF, 0xFFFF, 0xFFFF, 0xFFFF, 0xFFFF, 0xFFFF, 0xFFFF,
  0xFFFF, 0xFFFF, 0xFFFF, 0xFFFF, 0xFFFF, 0xFFFF, 0xFFFF, 0xFFFF, 0xFFFF, 0xFFFF, 0xFFFF, 0xFFFF,
  0xFFFF, 0xE77E, 0xDF5E, 0xDF7E, 0xDF5E, 0xE79E, 0xFFFF, 0xFFFF, 0xFFFF, 0xFFFF, 0xFFFF, 0xFFFF,
  0xFFFF, 0xFFFF, 0xFFFF, 0xFFFF, 0xFFFF, 0xFFFF, 0x31C7, 0x0000, 0x738E, 0xFFFF, 0xFFFF, 0xFFFF,
  0xFFFF, 0xFFFF, 0xFFFF, 0xFFFF, 0xFFFF, 0xFFFF, 0xFFFF, 0xFFFF, 0xFFFF, 0xFFFF, 0xFFFF, 0xFFFF,
  0xFFFF, 0xFFFF, 0xFFFF, 0xFFFF, 0xFFFF, 0xFFFF, 0xFFFF, 0xFFFF, 0xFFFF, 0xFFFF, 0xFFFF, 0xFFFF,
  0xFFFF, 0xFFFF, 0xFFFF, 0xFFFF, 0xFFFF, 0xFFFF, 0xFFFF, 0xFFFF, 0xFFFF, 0xFFFF, 0xFFFF, 0xFFFF,
  0xFFFF, 0xFFFF, 0xFFFF, 0xFFFF, 0xFFFF, 0xFFFF, 0xFFFF, 0xFFFF, 0xFFFF, 0xFFFF, 0xFFFF, 0xFFFF,
  0xFFFF, 0xFFFF, 0xFFFF, 0xFFFF, 0xFFFF, 0xFFFF, 0xFFFF, 0xFFFF, 0xFFFF, 0xFFFF, 0xFFFF, 0xFFFF,
  0xFFFF, 0xFFFF, 0xFFFF, 0xFFFF, 0xFFFF, 0xFFFF, 0xFFFF, 0xFFFF, 0xF7BF, 0xE79F, 0xEFBF, 0xDF9E,
  0xDF9F, 0xE79F, 0xDF9F, 0xE79F, 0xE79F, 0xE79F, 0xE79F, 0xE79F, 0xDF9F, 0xDF9F, 0xE7BF, 0xE7BF,
  0xDF9E, 0xF7DF, 0xF7DF, 0xFFFF, 0xFFFF, 0xFFFF, 0xFFFF, 0xFFFF, 0xFFFF, 0xFFFF, 0xFFFF, 0xFFFF,
  0xFFFF, 0xFFFF, 0xFFFF, 0xFFFF, 0xFFFF, 0xFFFF, 0xFFFF, 0xFFFF, 0xFFFF, 0xFFFF, 0xFFFF, 0xFFFF,
  0xFFFF, 0xFFFF, 0xF77B, 0xFFDF, 0xEEB3, 0xED00, 0xF5E6, 0xF5C6, 0xF5C6, 0xF5C5, 0xF5C5, 0xF5C5,
  0xF5A5, 0xF5C5, 0xF5C5, 0xF5C5, 0xF5A5, 0xF5C6, 0xF561, 0xE5C9, 0xFFFF, 0xEF19, 0xFFDD, 0xFFFF,
  0xFFFF, 0xFFFF, 0xFFFF, 0xFFFF, 0xFFFF, 0xFFFF, 0xFFFF, 0xFFFF, 0xFFFF, 0xFFFF, 0xFFFF, 0xFFFF,
  0xFFFF, 0xFFFF, 0xFFFF, 0xFFFF, 0xFFFF, 0xFFFF, 0xFFFF, 0xFFFF, 0xFFFF, 0xFFFF, 0xFFFF, 0xFFFF,
  0xFFFF, 0xFFFF, 0xFFFF, 0xFFFF, 0xFFFF, 0xFFFF, 0xFFFF, 0xFFFF, 0xFFFF, 0xFFFF, 0xFFFF, 0xFFFF,
  0xE77E, 0xDF5E, 0xDF9F, 0xE79E, 0xE79F, 0xDF7F, 0xE79E, 0xFFFF, 0xFFFF, 0xFFFF, 0xFFFF, 0xFFFF,
  0xFFFF, 0xFFFF, 0xFFFF, 0xFFFF, 0xFFFF, 0xFFFF, 0xF79D, 0x18C4, 0x0000, 0x94B3, 0xFFFF, 0xFFFF,
  0xFFFF, 0xFFFF, 0xFFFF, 0xFFFF, 0xFFFF, 0xFFFF, 0xFFFF, 0xFFFF, 0xFFFF, 0xFFFF, 0xFFFF, 0xFFFF,
  0xFFFF, 0xFFFF, 0xFFFF, 0xFFFF, 0xFFFF, 0xFFFF, 0xFFFF, 0xFFFF, 0xFFFF, 0xFFFF, 0xFFFF, 0xFFFF,
  0xFFFF, 0xFFFF, 0xFFFF, 0xFFFF, 0xFFFF, 0xFFFF, 0xFFFF, 0xFFFF, 0xFFFF, 0xFFFF, 0xFFFF, 0xFFFF,
  0xFFFF, 0xFFFF, 0xFFFF, 0xFFFF, 0xFFFF, 0xFFFF, 0xFFFF, 0xFFFF, 0xFFFF, 0xFFFF, 0xFFFF, 0xFFFF,
  0xFFFF, 0xFFFF, 0xFFFF, 0xFFFF, 0xFFFF, 0xFFFF, 0xFFFF, 0xFFFF, 0xFFFF, 0xFFFF, 0xFFFF, 0xFFFF,
  0xFFFF, 0xFFFF, 0xFFFF, 0xFFFF, 0xFFFF, 0xFFFF, 0xFFFF, 0xE77E, 0xCF3D, 0xD75E, 0xD75E, 0xD77E,
  0xDF7E, 0xDF7E, 0xDF7E, 0xDF7E, 0xDF7E, 0xDF7E, 0xDF7E, 0xDF7E, 0xDF7E, 0xDF7F, 0xDF7F, 0xDF9F,
  0xDF9F, 0xDF7E, 0xDF7E, 0xDF7E, 0xEF9E, 0xFFFF, 0xFFFF, 0xFFFF, 0xFFFF, 0xFFFF, 0xFFFF, 0xFFFF,
  0xFFFF, 0xFFFF, 0xFFFF, 0xFFFF, 0xFFFF, 0xFFFF, 0xFFFF, 0xFFFF, 0xFFFF, 0xDDED, 0xE62F, 0xE694,
  0xEEF7, 0xEF5B, 0xFFFF, 0xFFFF, 0xE5A8, 0xF541, 0xF5C6, 0xF5A5, 0xF5C5, 0xF5C6, 0xF5C5, 0xF5C5,
  0xF5C5, 0xF5C5, 0xF5A5, 0xF5C5, 0xF5C5, 0xF5C5, 0xF5A4, 0xE542, 0xF77A, 0xFFFF, 0xFFFF, 0xF79C,
  0xEF38, 0xEEB4, 0xD5EE, 0xEF5A, 0xFFFF, 0xFFFF, 0xFFFF, 0xFFFF, 0xFFFF, 0xFFFF, 0xFFFF, 0xFFFF,
  0xFFFF, 0xFFFF, 0xFFFF, 0xFFFF, 0xFFFF, 0xFFFF, 0xFFFF, 0xFFFF, 0xFFFF, 0xFFFF, 0xFFFF, 0xFFFF,
  0xFFFF, 0xFFFF, 0xFFFF, 0xFFFF, 0xFFFF, 0xFFFF, 0xFFFF, 0xFFFF, 0xFFFF, 0xFFFF, 0xFFFF, 0xE79E,
  0xD77E, 0xE79F, 0xE79E, 0xE79F, 0xE79F, 0xE79F, 0xDF9F, 0xE79E, 0xE79E, 0xF7DF, 0xFFFF, 0xFFFF,
  0xFFFF, 0xFFFF, 0xFFFF, 0xFFFF, 0xFFFF, 0xFFFF, 0xFFFF, 0xDEDB, 0x0000, 0x0000, 0xB596, 0xFFFF,
  0xFFFF, 0xFFFF, 0xFFFF, 0xFFFF, 0xFFFF, 0xFFFF, 0xFFFF, 0xFFFF, 0xFFFF, 0xFFFF, 0xFFFF, 0xFFFF,
  0xFFFF, 0xFFFF, 0xFFFF, 0xFFFF, 0xFFFF, 0xFFFF, 0xFFFF, 0xFFFF, 0xFFFF, 0xFFFF, 0xFFFF, 0xFFFF,
  0xFFFF, 0xFFFF, 0xFFFF, 0xFFFF, 0xFFFF, 0xFFFF, 0xFFFF, 0xFFFF, 0xFFFF, 0xFFFF, 0xFFFF, 0xFFFF,
  0xFFFF, 0xFFFF, 0xFFFF, 0xFFFF, 0xFFFF, 0xFFFF, 0xFFFF, 0xFFFF, 0xFFFF, 0xFFFF, 0xFFFF, 0xFFFF,
  0xFFFF, 0xFFFF, 0xFFFF, 0xFFFF, 0xFFFF, 0xFFFF, 0xFFFF, 0xFFFF, 0xFFFF, 0xFFFF, 0xFFFF, 0xFFFF,
  0xFFFF, 0xFFFF, 0xFFFF, 0xFFFF, 0xFFFF, 0xFFFF, 0xFFFF, 0xEF9E, 0xEFBF, 0xEFBE, 0xEFBF, 0xEFBF,
  0xEFBF, 0xEFBE, 0xEFBF, 0xEFBF, 0xEFBE, 0xEFBF, 0xEFBF, 0xEFBF, 0xEFBF, 0xEFBF, 0xEFBF, 0xEFBF,
  0xEFBF, 0xEFBF, 0xEFDF, 0xEFBF, 0xEF9E, 0xFFFF, 0xFFFF, 0xFFFF, 0xFFFF, 0xFFFF, 0xFFFF, 0xFFFF,
  0xFFFF, 0xFFFF, 0xFFFF, 0xFFFF, 0xFFFF, 0xFFFF, 0xFFFF, 0xF77A, 0xEED2, 0xEE91, 0xE692, 0xE670,
  0xE671, 0xE670, 0xEF38, 0xFFDE, 0xE585, 0xF583, 0xF5A5, 0xF5C5, 0xF5C5, 0xF5C5, 0xF5C5, 0xF5C5,
  0xF5C5, 0xF5C5, 0xF5C5, 0xF5A5, 0xF5C5, 0xF5A5, 0xF5C5, 0xED20, 0xF716, 0xFFDE, 0xE6B1, 0xE6D4,
  0xE6B4, 0xE672, 0xD5EE, 0xE6F6, 0xFFFF, 0xFFFF, 0xFFFF, 0xFFFF, 0xFFFF, 0xFFFF, 0xFFFF, 0xFFFF,
  0xFFFF, 0xFFFF, 0xFFFF, 0xFFFF, 0xFFFF, 0xFFFF, 0xFFFF, 0xFFFF, 0xFFFF, 0xFFFF, 0xFFFF, 0xFFFF,
  0xFFFF, 0xFFFF, 0xFFFF, 0xFFFF, 0xFFFF, 0xFFFF, 0xFFFF, 0xFFFF, 0xFFFF, 0xFFFF, 0xEF9E, 0xDF7E,
  0xE79F, 0xE79F, 0xE79E, 0xE79F, 0xE79F, 0xDF9F, 0xDF9F, 0xDF9F, 0xD77E, 0xDF7E, 0xF7DF, 0xFFFF,
  0xFFFF, 0xFFFF, 0xFFFF, 0xFFFF, 0xFFFF, 0xFFFF, 0xFFFF, 0xFFFF, 0xAD76, 0x0861, 0x94B2, 0xFFFF,
  0xFFFF, 0xFFFF, 0xFFFF, 0xFFFF, 0xFFFF, 0xFFFF, 0xFFFF, 0xFFFF, 0xFFFF, 0xFFFF, 0xFFFF, 0xFFFF,
  0xFFFF, 0xFFFF, 0xFFFF, 0xFFFF, 0xFFFF, 0xFFFF, 0xFFFF, 0xFFFF, 0xFFFF, 0xFFFF, 0xFFFF, 0xFFFF,
  0xFFFF, 0xFFFF, 0xFFFF, 0xFFFF, 0xFFFF, 0xFFFF, 0xFFFF, 0xFFFF, 0xFFFF, 0xFFFF, 0xFFFF, 0xFFFF,
  0xFFFF, 0xFFFF, 0xFFFF, 0xFFFF, 0xFFFF, 0xFFFF, 0xFFFF, 0xFFFF, 0xFFFF, 0xFFFF, 0xFFFF, 0xFFFF,
  0xFFFF, 0xFFFF, 0xFFFF, 0xFFFF, 0xFFFF, 0xFFFF, 0xFFFF, 0xFFFF, 0xFFFF, 0xFFFF, 0xFFFF, 0xFFFF,
  0xFFFF, 0xFFFF, 0xFFFF, 0xFFFF, 0xFFFF, 0xFFFF, 0xFFFF, 0xFFFF, 0xFFFF, 0xFFFF, 0xFFFF, 0xFFFF,
  0xFFFF, 0xFFFF, 0xFFFF, 0xFFFF, 0xFFFF, 0xFFFF, 0xFFFF, 0xFFFF, 0xFFFF, 0xFFFF, 0xFFFF, 0xFFFF,
  0xFFFF, 0xFFFF, 0xFFFF, 0xFFFF, 0xFFFF, 0xFFFF, 0xFFFF, 0xFFFF, 0xFFFF, 0xFFFF, 0xFFFF, 0xFFFF,
  0xFFFF, 0xFFFF, 0xFFFF, 0xFFFF, 0xFFFF, 0xFFFF, 0xFFFF, 0xD504, 0xE400, 0xED01, 0xED65, 0xEDC8,
  0xEDEA, 0xEDC9, 0xEEB3, 0xF7BD, 0xED65, 0xF584, 0xF5A5, 0xF5A5, 0xF5A5, 0xF5A5, 0xF5C5, 0xF5A5,
  0xF5A5, 0xF5A5, 0xF5C5, 0xF5A5, 0xF5A5, 0xF5C5, 0xF5C5, 0xED20, 0xF717, 0xF77A, 0xE5A9, 0xEDEB,
  0xF5EB, 0xEDC9, 0xF5C9, 0xF562, 0xDD02, 0xEF3A, 0xFFFF, 0xFFFF, 0xFFFF, 0xFFFF, 0xFFFF, 0xFFFF,
  0xFFFF, 0xFFFF, 0xFFFF, 0xFFFF, 0xFFFF, 0xFFFF, 0xFFFF, 0xFFFF, 0xFFFF, 0xFFFF, 0xFFFF, 0xFFFF,
  0xFFFF, 0xFFFF, 0xFFFF, 0xFFFF, 0xFFFF, 0xFFFF, 0xFFFF, 0xFFDF, 0xFFFF, 0xEFBE, 0xD75E, 0xDF9F,
  0xDF9F, 0xE79F, 0xE79E, 0xE79F, 0xE79F, 0xE79F, 0xDF9F, 0xDF9F, 0xE7BF, 0xDF9F, 0xE79E, 0xFFFF,
  0xFFFF, 0xFFFF, 0xFFFF, 0xFFFF, 0xFFFF, 0xFFFF, 0xFFFF, 0xFFFF, 0xFFFF, 0xEF7E, 0xFFFF, 0xFFFF,
  0xFFFF, 0xFFFF, 0xFFFF, 0xFFFF, 0xFFFF, 0xFFFF, 0xFFFF, 0xFFFF, 0xFFFF, 0xFFFF, 0xFFFF, 0xFFFF,
  0xFFFF, 0xFFFF, 0xFFFF, 0xFFFF, 0xFFFF, 0xFFFF, 0xFFFF, 0xFFFF, 0xFFFF, 0xFFFF, 0xFFFF, 0xFFFF,
  0xFFFF, 0xFFFF, 0xFFFF, 0xFFFF, 0xFFFF, 0xFFFF, 0xFFFF, 0xFFFF, 0xFFFF, 0xFFFF, 0xFFFF, 0xFFFF,
  0xFFFF, 0xFFFF, 0xFFFF, 0xFFFF, 0xFFFF, 0xFFFF, 0xFFFF, 0xFFFF, 0xFFFF, 0xFFFF, 0xFFFF, 0xFFFF,
  0xFFFF, 0xFFFF, 0xFFFF, 0xFFFF, 0xFFFF, 0xFFFF, 0xFFFF, 0xFFFF, 0xFFFF, 0xFFFF, 0xFFFF, 0xFFFF,
  0xFFFF, 0xFFFF, 0xFFFF, 0xFFFF, 0xFFFF, 0xFFFF, 0xFFFF, 0xFFFF, 0xFFFF, 0xFFFF, 0xFFFF, 0xFFFF,
  0xFFFF, 0xFFFF, 0xFFFF, 0xFFFF, 0xFFFF, 0xFFFF, 0xFFFF, 0xFFFF, 0xFFFF, 0xFFFF, 0xFFFF, 0xFFFF,
  0xFFFF, 0xFFFF, 0xFFFF, 0xFFFF, 0xFFFF, 0xFFFF, 0xFFFF, 0xFFFF, 0xFFFF, 0xFFFF, 0xFFFF, 0xFFFF,
  0xFFFF, 0xFFFF, 0xFFFF, 0xFFFF, 0xFFFF, 0xFFFF, 0xFFFF, 0xF717, 0xEE2C, 0xEE6E, 0xEE70, 0xEE90,
  0xE62E, 0xDE0B, 0xE6F5, 0xFFDE, 0xED86, 0xF583, 0xF5A5, 0xF5A5, 0xF5C5, 0xF5A5, 0xF5A5, 0xF5C5,
  0xF5C5, 0xF5C5, 0xF5A5, 0xF5A5, 0xF5C5, 0xF5C5, 0xFDC5, 0xED41, 0xF738, 0xEF7B, 0xD5AA, 0xE62D,
  0xEE0C, 0xEE4E, 0xF68E, 0xF5E6, 0xE566, 0xF75A, 0xFFFF, 0xFFFF, 0xFFFF, 0xFFFF, 0xFFFF, 0xFFFF,
  0xFFFF, 0xFFFF, 0xFFFF, 0xFFFF, 0xFFFF, 0xFFFF, 0xFFFF, 0xFFFF, 0xFFFF, 0xFFFF, 0xFFFF, 0xFFFF,
  0xFFFF, 0xFFFF, 0xFFFF, 0xFFFF, 0xFFFF, 0xF7DF, 0xE77E, 0xDF5E, 0xDF7E, 0xDF9F, 0xDF9F, 0xDF9F,
  0xDF9F, 0xDF9F, 0xDF9F, 0xDF9F, 0xDF9F, 0xDF9F, 0xDF9F, 0xDF9F, 0xDF9F, 0xE7BF, 0xDF9F, 0xE7BF,
  0xEFBE, 0xEFBF, 0xFFFF, 0xFFFF, 0xFFFF, 0xFFFF, 0xFFFF, 0xFFFF, 0xFFFF, 0xFFFF, 0xFFFF, 0xFFFF,
  0xFFFF, 0xFFFF, 0xFFFF, 0xFFFF, 0xFFFF, 0xFFFF, 0xFFFF, 0xFFFF, 0xFFFF, 0xFFFF, 0xFFFF, 0xFFFF,
  0xFFFF, 0xFFFF, 0xFFFF, 0xFFFF, 0xFFFF, 0xFFFF, 0xFFFF, 0xFFFF, 0xFFFF, 0xFFFF, 0xFFFF, 0xFFFF,
  0xFFFF, 0xFFFF, 0xFFFF, 0xFFFF, 0xFFFF, 0xFFFF, 0xFFFF, 0xFFFF, 0xFFFF, 0xFFFF, 0xFFFF, 0xFFFF,
  0xFFFF, 0xFFFF, 0xFFFF, 0xFFFF, 0xFFFF, 0xFFFF, 0xFFFF, 0xFFFF, 0xFFFF, 0xFFFF, 0xFFFF, 0xFFFF,
  0xFFFF, 0xFFFF, 0xFFFF, 0xFFFF, 0xFFFF, 0xFFFF, 0xFFFF, 0xFFFF, 0xFFFF, 0xFFFF, 0xFFFF, 0xFFFF,
  0xFFFF, 0xFFFF, 0xFFFF, 0xFFFF, 0xFFFF, 0xFFFF, 0xFFFF, 0xFFFF, 0xFFFF, 0xFFFF, 0xFFFF, 0xFFFF,
  0xFFFF, 0xFFFF, 0xFFFF, 0xFFFF, 0xFFFF, 0xFFFF, 0xFFFF, 0xFFFF, 0xFFFF, 0xFFFF, 0xFFFF, 0xFFFF,
  0xFFFF, 0xFFFF, 0xFFFF, 0xFFFF, 0xFFFF, 0xFFFF, 0xFFFF, 0xFFFF, 0xFFFF, 0xFFFF, 0xFFFF, 0xFFFF,
  0xFFFF, 0xFFFF, 0xFFFF, 0xFFFF, 0xFFFF, 0xFFFF, 0xFFFF, 0xFFFF, 0xFFFF, 0xDE51, 0xE650, 0xE6B3,
  0xEEF5, 0xEF18, 0xF7BE, 0xFFFF, 0xEDA8, 0xF561, 0xF5C6, 0xF5C5, 0xF5C5, 0xF5A5, 0xF5A5, 0xF5C5,
  0xF5C5, 0xF5C5, 0xF5C5, 0xF5C5, 0xF5C5, 0xF5C5, 0xFDC4, 0xED42, 0xF77B, 0xFFFF, 0xEF18, 0xE6F6,
  0xDE93, 0xE691, 0xDE0E, 0xEF5A, 0xFFFF, 0xFFFF, 0xFFFF, 0xFFFF, 0xFFFF, 0xFFFF, 0xFFFF, 0xFFFF,
  0xFFFF, 0xFFFF, 0xFFFF, 0xFFFF, 0xFFFF, 0xFFFF, 0xFFFF, 0xFFFF, 0xFFFF, 0xFFFF, 0xFFFF, 0xFFFF,
  0xFFFF, 0xFFFF, 0xFFFF, 0xFFFF, 0xFFFF, 0xE75E, 0xD75E, 0xDF7E, 0xD77E, 0xDF7E, 0xDF9E, 0xDF9E,
  0xDF9E, 0xDF9E, 0xDF7E, 0xDF7E, 0xDF7E, 0xDF7E, 0xDF7E, 0xDF7E, 0xDF7E, 0xDF9E, 0xDF9F, 0xDF7E,
  0xDF9E, 0xD77E, 0xE77D, 0xFFFF, 0xFFFF, 0xFFFF, 0xFFFF, 0xFFFF, 0xFFFF, 0xFFFF, 0xFFFF, 0xFFFF,
  0xF79E, 0xF7BF, 0xFFFF, 0xFFFF, 0xFFFF, 0xFFFF, 0xFFFF, 0xFFFF, 0xFFFF, 0xFFFF, 0xFFFF, 0xFFFF,
  0xFFFF, 0xFFFF, 0xFFFF, 0xFFFF, 0xFFFF, 0xFFFF, 0xFFFF, 0xFFFF, 0xFFFF, 0xFFFF, 0xFFFF, 0xFFFF,
  0xFFFF, 0xFFFF, 0xFFFF, 0xFFFF, 0xFFFF, 0xFFFF, 0xFFFF, 0xFFFF, 0xFFFF, 0xFFFF, 0xFFFF, 0xFFFF,
  0xFFFF, 0xFFFF, 0xFFFF, 0xFFFF, 0xFFFF, 0xFFFF, 0xFFFF, 0xF7BE, 0xAD55, 0xF7BE, 0xFFFF, 0xFFFF,
  0xFFFF, 0xFFFF, 0xFFFF, 0xFFFF, 0xFFFF, 0xFFFF, 0xFFFF, 0xFFFF, 0xFFFF, 0xFFFF, 0xFFFF, 0xFFFF,
  0xFFFF, 0xFFFF, 0xFFFF, 0xFFFF, 0xFFFF, 0xFFFF, 0xFFFF, 0xFFFF, 0xFFFF, 0xFFFF, 0xFFFF, 0xFFFF,
  0xFFFF, 0xFFFF, 0xFFFF, 0xFFFF, 0xFFFF, 0xFFFF, 0xFFFF, 0xFFFF, 0xFFFF, 0xFFFF, 0xFFFF, 0xFFFF,
  0xFFFF, 0xFFFF, 0xFFFF, 0xFFFF, 0xFFFF, 0xFFFF, 0xFFFF, 0xFFFF, 0xFFFF, 0xFFFF, 0xFFFF, 0xFFFF,
  0xFFFF, 0xFFFF, 0xFFFF, 0xFFFF, 0xFFFF, 0xFFFF, 0xFFFF, 0xFFFF, 0xFFFF, 0xFFBD, 0xFFDE, 0xFFFF,
  0xFFFF, 0xFFFF, 0xFFFF, 0xFFFF, 0xEE91, 0xED00, 0xF5E6, 0xF5A5, 0xF5C6, 0xF5A5, 0xF5A5, 0xF5C5,
  0xF5C5, 0xF5C5, 0xF5C5, 0xF5A5, 0xF5C5, 0xF5C6, 0xF561, 0xE5A7, 0xFFFF, 0xFFFF, 0xFFFF, 0xFFFF,
  0xFFDE, 0xF759, 0xE693, 0xFFBD, 0xFFFF, 0xFFFF, 0xFFFF, 0xFFFF, 0xFFFF, 0xFFFF, 0xFFFF, 0xFFFF,
  0xFFFF, 0xFFFF, 0xFFFF, 0xFFFF, 0xFFFF, 0xFFFF, 0xFFFF, 0xFFFF, 0xFFFF, 0xFFFF, 0xFFFF, 0xFFFF,
  0xFFFF, 0xFFFF, 0xFFFF, 0xFFFF, 0xFFFF, 0xFFDF, 0xFFFF, 0xFFFF, 0xF7FF, 0xFFDF, 0xFFFF, 0xF7FF,
  0xFFFF, 0xFFFF, 0xFFFF, 0xFFFF, 0xFFFF, 0xFFDF, 0xF7DF, 0xF7DF, 0xF7FF, 0xF7FF, 0xF7DF, 0xFFFF,
  0xFFFF, 0xF7FF, 0xF7DF, 0xFFFF, 0xFFFF, 0xFFFF, 0xFFFF, 0xFFFF, 0xFFFF, 0xFFFF, 0xFFFF, 0xFFFF,
  0x2104, 0x2124, 0xFFFF, 0xFFFF, 0xFFFF, 0xFFFF, 0xFFFF, 0xFFFF, 0xFFFF, 0xFFFF, 0xFFFF, 0xFFFF,
  0xFFFF, 0xFFFF, 0xFFFF, 0xFFFF, 0xFFFF, 0xFFFF, 0xFFFF, 0xFFFF, 0xFFFF, 0xFFFF, 0xFFFF, 0xFFFF,
  0xFFFF, 0xFFFF, 0xFFFF, 0xFFFF, 0xFFFF, 0xFFFF, 0xFFFF, 0xFFFF, 0xFFFF, 0xFFFF, 0xFFFF, 0xFFFF,
  0xFFFF, 0xFFFF, 0xFFFF, 0xFFFF, 0xFFFF, 0xFFFF, 0xFFFF, 0x5ACC, 0x0000, 0xAD76, 0xFFFF, 0xFFFF,
  0xFFFF, 0xFFFF, 0xFFFF, 0xFFFF, 0xFFFF, 0xFFFF, 0xFFFF, 0xFFFF, 0xFFFF, 0xFFFF, 0xFFFF, 0xFFFF,
  0xFFFF, 0xFFFF, 0xFFFF, 0xFFFF, 0xFFFF, 0xFFFF, 0xFFFF, 0xFFFF, 0xFFFF, 0xFFFF, 0xFFFF, 0xFFFF,
  0xFFFF, 0xFFFF, 0xFFFF, 0xFFFF, 0xFFFF, 0xFFFF, 0xFFFF, 0xFFFF, 0xFFFF, 0xFFFF, 0xFFFF, 0xFFFF,
  0xFFFF, 0xFFFF, 0xFFFF, 0xFFFF, 0xFFFF, 0xFFFF, 0xFFFF, 0xFFFF, 0xFFFF, 0xFFFF, 0xFFFF, 0xFFFF,
  0xFFFF, 0xFFFF, 0xFFFF, 0xFFFF, 0xFFFF, 0xFFFF, 0xFFFF, 0xFFFF, 0xFFFF, 0xFFFF, 0xFFFF, 0xFFFF,
  0xF79B, 0xE695, 0xDE72, 0xEF59, 0xF7DE, 0xE543, 0xFDA3, 0xF5C6, 0xF5C5, 0xF5A5, 0xF5A5, 0xF5A5,
  0xF5C5, 0xF5C5, 0xF5C5, 0xF5C5, 0xF5C5, 0xFDE5, 0xECE0, 0xEEF6, 0xFFFF, 0xDE92, 0xEED6, 0xFFFF,
  0xFFFF, 0xFFFF, 0xFFFF, 0xFFFF, 0xFFFF, 0xFFFF, 0xFFFF, 0xFFFF, 0xFFFF, 0xFFFF, 0xFFFF, 0xFFFF,
  0xFFFF, 0xFFFF, 0xFFFF, 0xFFFF, 0xFFFF, 0xFFFF, 0xFFFF, 0xFFFF, 0xFFFF, 0xFFFF, 0xFFFF, 0xFFFF,
  0xFFFF, 0xFFFF, 0xFFFF, 0xFFFF, 0xFFFF, 0xFFFF, 0xFFFF, 0xFFFF, 0xFFFF, 0xFFFF, 0xFFFF, 0xFFFF,
  0xFFFF, 0xFFFF, 0xFFFF, 0xFFFF, 0xFFFF, 0xFFFF, 0xFFFF, 0xFFFF, 0xFFFF, 0xFFFF, 0xFFFF, 0xFFFF,
  0xFFFF, 0xFFFF, 0xFFFF, 0xFFFF, 0xFFFF, 0xFFFF, 0xFFFF, 0xFFFF, 0xFFFF, 0xFFFF, 0xFFFF, 0xFFFF,
  0x4A8A, 0x0000, 0x6B8F, 0xFFFF, 0xFFFF, 0xFFFF, 0xFFFF, 0xFFFF, 0xFFFF, 0xFFFF, 0xFFFF, 0xFFFF,
  0xFFFF, 0xFFFF, 0xFFFF, 0xFFFF, 0xFFFF, 0xFFFF, 0xFFFF, 0xFFFF, 0xFFFF, 0xFFFF, 0xFFFF, 0xFFFF,
  0xFFFF, 0xFFFF, 0xFFFF, 0xFFFF, 0xFFFF, 0xFFFF, 0xFFFF, 0xFFFF, 0xFFFF, 0xFFFF, 0xFFFF, 0xFFFF,
  0xFFFF, 0xFFFF, 0xFFFF, 0xFFFF, 0xFFFF, 0xFFFF, 0xB596, 0x0000, 0x2146, 0xEF5D, 0xFFFF, 0xFFFF,
  0xFFFF, 0xFFFF, 0xFFFF, 0xFFFF, 0xFFFF, 0xFFFF, 0xFFFF, 0xFFFF, 0xFFFF, 0xFFFF, 0xFFFF, 0xFFFF,
  0xFFFF, 0xFFFF, 0xFFFF, 0xFFFF, 0xFFFF, 0xFFFF, 0xFFFF, 0xFFFF, 0xFFFF, 0xFFFF, 0xFFFF, 0xFFFF,
  0xFFFF, 0xFFFF, 0xFFFF, 0xFFFF, 0xFFFF, 0xFFFF, 0xFFFF, 0xFFFF, 0xFFFF, 0xFFFF, 0xFFFF, 0xFFFF,
  0xFFFF, 0xFFFF, 0xFFFF, 0xFFFF, 0xFFFF, 0xFFFF, 0xFFFF, 0xFFFF, 0xFFFF, 0xFFFF, 0xFFFF, 0xFFFF,
  0xFFFF, 0xFFFF, 0xFFFF, 0xFFFF, 0xFFFF, 0xFFFF, 0xFFFF, 0xFFFF, 0xFFFF, 0xFFFF, 0xEEF6, 0xDDED,
  0xDE50, 0xDE73, 0xEDE9, 0xE587, 0xF7FF, 0xEF17, 0xED00, 0xFDC4, 0xF5C6, 0xF5A5, 0xF5A5, 0xF5A5,
  0xF5A5, 0xF5C5, 0xF5C5, 0xF5C6, 0xFE06, 0xED00, 0xE60D, 0xFFFF, 0xE5CC, 0xE5AA, 0xE6B3, 0xDDEE,
  0xDDCE, 0xFF9C, 0xFFFF, 0xFFFF, 0xFFFF, 0xFFFF, 0xFFFF, 0xFFFF, 0xFFFF, 0xFFFF, 0xFFFF, 0xFFFF,
  0xFFFF, 0xFFFF, 0xFFFF, 0xFFFF, 0xFFFF, 0xFFFF, 0xFFFF, 0xFFFF, 0xFFFF, 0xFFFF, 0xFFFF, 0xFFFF,
  0xFFFF, 0xFFFF, 0xFFFF, 0xFFFF, 0xFFFF, 0xFFFF, 0xFFFF, 0xFFFF, 0xFFFF, 0xFFFF, 0xFFFF, 0xFFFF,
  0xFFFF, 0xFFFF, 0xFFFF, 0xFFFF, 0xFFFF, 0xFFFF, 0xFFFF, 0xFFFF, 0xFFFF, 0xFFFF, 0xFFFF, 0xFFFF,
  0xFFFF, 0xFFFF, 0xFFFF, 0xFFFF, 0xFFFF, 0xFFFF, 0xFFFF, 0xFFFF, 0xFFFF, 0xFFFF, 0xFFFF, 0xFFFF,
  0xF7BE, 0x18C4, 0x0000, 0xC639, 0xFFFF, 0xFFFF, 0xFFFF, 0xFFFF, 0xFFFF, 0xFFFF, 0xFFFF, 0xFFFF,
  0xFFFF, 0xFFFF, 0xFFFF, 0xFFFF, 0xFFFF, 0xFFFF, 0xFFFF, 0xFFFF, 0xFFFF, 0xFFFF, 0xFFFF, 0xFFFF,
  0xFFFF, 0xFFFF, 0xFFFF, 0xFFFF, 0xFFFF, 0xFFFF, 0xFFFF, 0xFFFF, 0xFFFF, 0xFFFF, 0xFFFF, 0xFFFF,
  0xFFFF, 0xFFFF, 0xFFFF, 0xFFFF, 0xFFFF, 0xF79E, 0x1083, 0x0000, 0xDEBA, 0xFFFF, 0xFFFF, 0xFFFF,
  0xFFFF, 0xFFFF, 0xFFFF, 0xFFFF, 0xFFFF, 0xFFFF, 0xFFFF, 0xFFFF, 0xFFFF, 0xFFFF, 0xFFFF, 0xFFFF,
  0xFFFF, 0xFFFF, 0xFFFF, 0xFFFF, 0xFFFF, 0xFFFF, 0xFFFF, 0xFFFF, 0xFFFF, 0xFFFF, 0xFFFF, 0xFFFF,
  0xFFFF, 0xFFFF, 0xFFFF, 0xFFFF, 0xFFFF, 0xFFFF, 0xFFFF, 0xFFFF, 0xFFFF, 0xFFFF, 0xFFFF, 0xFFFF,
  0xFFFF, 0xFFFF, 0xFFFF, 0xFFFF, 0xFFFF, 0xFFFF, 0xFFFF, 0xFFFF, 0xFFFF, 0xFFFF, 0xFFFF, 0xFFFF,
  0xFFFF, 0xFFFF, 0xFFFF, 0xFFFF, 0xFFFF, 0xFFFF, 0xFFFF, 0xFFFF, 0xFFFF, 0xFFFF, 0xDE31, 0xDE0F,
  0xEE50, 0xED45, 0xF5EB, 0xDE0E, 0xDE73, 0xFFFF, 0xEEB3, 0xE4E0, 0xFD82, 0xF5C5, 0xF5C5, 0xF5C5,
  0xF5C5, 0xF5C6, 0xF5E6, 0xF5A3, 0xED00, 0xE5EB, 0xFFFF, 0xE6F6, 0xD5CD, 0xED8A, 0xF589, 0xEE72,
  0xD5CE, 0xCD2B, 0xF79C, 0xFFFF, 0xFFFF, 0xFFFF, 0xFFFF, 0xFFFF, 0xFFFF, 0xFFFF, 0xFFFF, 0xFFFF,
  0xFFFF, 0xFFFF, 0xFFFF, 0xFFFF, 0xFFFF, 0xFFFF, 0xFFFF, 0xFFDF, 0xFFFF, 0xFFFF, 0xFFFF, 0xFFFF,
  0xFFFF, 0xFFFF, 0xFFFF, 0xFFFF, 0xFFFF, 0xFFFF, 0xFFFF, 0xFFFF, 0xFFFF, 0xFFFF, 0xFFFF, 0xFFFF,
  0xFFFF, 0xFFFF, 0xFFFF, 0xFFFF, 0xFFFF, 0xFFFF, 0xFFFF, 0xFFFF, 0xFFFF, 0xFFFF, 0xFFFF, 0xFFFF,
  0xFFFF, 0xFFFF, 0xFFFF, 0xFFFF, 0xFFFF, 0xFFFF, 0xFFFF, 0xFFFF, 0xFFFF, 0xFFFF, 0xFFFF, 0xFFFF,
  0xFFFF, 0xBDF8, 0x0000, 0x2146, 0xFFFF, 0xFFFF, 0xFFFF, 0xFFFF, 0xFFFF, 0xFFFF, 0xFFFF, 0xFFFF,
  0xFFFF, 0xFFFF, 0xFFFF, 0xFFFF, 0xFFFF, 0xFFFF, 0xFFFF, 0xFFFF, 0xFFFF, 0xFFFF, 0xFFFF, 0xFFFF,
  0xFFFF, 0xFFFF, 0xFFFF, 0xFFFF, 0xFFFF, 0xFFFF, 0xFFFF, 0xFFFF, 0xFFFF, 0xFFFF, 0xFFFF, 0xFFFF,
  0xFFFF, 0xFFFF, 0xFFFF, 0xFFFF, 0xFFFF, 0x5AEC, 0x0000, 0x73D0, 0xFFFF, 0xF7DE, 0xFFFF, 0xFFFF,
  0xFFFF, 0xFFFF, 0xFFFF, 0xFFFF, 0xFFFF, 0xFFFF, 0xFFFF, 0xFFFF, 0xFFFF, 0xFFFF, 0xFFFF, 0xFFFF,
  0xFFFF, 0xFFFF, 0xFFFF, 0xFFFF, 0xFFFF, 0xFFFF, 0xFFFF, 0xFFFF, 0xFFFF, 0xFFFF, 0xFFFF, 0xFFFF,
  0xFFFF, 0xFFFF, 0xFFFF, 0xFFFF, 0xFFFF, 0xFFFF, 0xFFFF, 0xFFFF, 0xFFFF, 0xFFFF, 0xFFFF, 0xFFFF,
  0xFFFF, 0xFFFF, 0xFFFF, 0xFFFF, 0xFFFF, 0xFFFF, 0xFFFF, 0xFFFE, 0xFFDE, 0xFFFF, 0xFFFF, 0xFFFF,
  0xFFFF, 0xFFFF, 0xFFFF, 0xFFFF, 0xFFFF, 0xFFFF, 0xFFFF, 0xFFFF, 0xFFFF, 0xFFDE, 0xEE90, 0xED22,
  0xE4C1, 0xEE93, 0xDE11, 0xD5EE, 0xF77B, 0xFFFF, 0xFFFF, 0xEF39, 0xE565, 0xED00, 0xF540, 0xF562,
  0xF562, 0xF540, 0xED00, 0xE543, 0xEEB3, 0xFFFF, 0xFFFF, 0xEF39, 0xD5EE, 0xDE51, 0xEE0D, 0xE480,
  0xF5EB, 0xE6D5, 0xFFDF, 0xFFFF, 0xFFFF, 0xFFFF, 0xFFFF, 0xFFFF, 0xFFFF, 0xFFFF, 0xFFFF, 0xFFFF,
  0xFFFF, 0xFFFF, 0xFFFF, 0xFFFF, 0xFFFF, 0xFFFF, 0xFFFF, 0xCE59, 0x4A6A, 0x632D, 0xEF5D, 0xFFFF,
  0xFFFF, 0xFFFF, 0xFFFF, 0xFFFF, 0xFFFF, 0xFFFF, 0xFFFF, 0xFFFF, 0xFFFF, 0xFFFF, 0xFFFF, 0xFFFF,
  0xFFFF, 0xFFFF, 0xFFFF, 0xFFFF, 0xFFFF, 0xFFFF, 0xFFFF, 0xFFFF, 0xFFFF, 0xFFFF, 0xFFFF, 0xDEFB,
  0x7BEF, 0xD6BA, 0xFFFF, 0xFFFF, 0xFFFF, 0xFFFF, 0xFFFF, 0xFFFF, 0xFFFF, 0xFFFF, 0xFFFF, 0xFFFF,
  0xFFFF, 0xFFFF, 0x52AC, 0x0000, 0x8C72, 0xFFFF, 0xFFFF, 0xFFFF, 0xFFFF, 0xFFFF, 0xFFFF, 0xFFFF,
  0xFFFF, 0xFFFF, 0xFFFF, 0xFFFF, 0xFFFF, 0xFFFF, 0xFFFF, 0xFFFF, 0xFFFF, 0xFFFF, 0xFFFF, 0xFFFF,
  0xFFFF, 0xFFFF, 0xFFFF, 0xFFFF, 0xFFFF, 0xFFFF, 0xFFFF, 0xFFFF, 0xFFFF, 0xFFFF, 0xFFFF, 0xFFFF,
  0xFFFF, 0xFFFF, 0xFFFF, 0xFFFF, 0xC638, 0x0000, 0x2146, 0xBFBE, 0x7E38, 0x7DD6, 0xD71C, 0xFFFF,
  0xFFFF, 0xFFFF, 0xFFFF, 0xFFFF, 0xFFFF, 0xFFFF, 0xFFFF, 0xFFFF, 0xFFFF, 0xFFFF, 0xFFFF, 0xFFFF,
  0xFFFF, 0xFFFF, 0xFFFF, 0xFFFF, 0xFFFF, 0xFFFF, 0xFFFF, 0xFFFF, 0xFFFF, 0xFFFF, 0xFFFF, 0xFFFF,
  0xFFFF, 0xFFFF, 0xFFFF, 0xFFFF, 0xFFFF, 0xFFFF, 0xFFFF, 0xFFFF, 0xFFFF, 0xFFFF, 0xFFFF, 0xFFFF,
  0xFFFF, 0xFFFF, 0xFFFF, 0xFFFF, 0xFFFF, 0xFFFF, 0xFFFF, 0xFFFF, 0xFFFF, 0xFFFF, 0xFFFF, 0xFFFF,
  0xFFFF, 0xFFFF, 0xFFFF, 0xFFFF, 0xFFFF, 0xFFFF, 0xFFFF, 0xFFFF, 0xFFFF, 0xDDCC, 0xDBC0, 0xED87,
  0xEEF7, 0xCD8D, 0xDDAD, 0xFFFF, 0xFFFF, 0xEED6, 0xE672, 0xFFDE, 0xFFFF, 0xEEB3, 0xEE2C, 0xEE0A,
  0xEDE9, 0xEE09, 0xEE70, 0xF7BD, 0xFFFF, 0xDE94, 0xEF18, 0xFFFF, 0xFFFF, 0xD58C, 0xD5AE, 0xEED4,
  0xE4E1, 0xDC40, 0xE62E, 0xFFFF, 0xFFFF, 0xFFFF, 0xFFFF, 0xFFFF, 0xFFFF, 0xFFFF, 0xFFFF, 0xFFFF,
  0xFFFF, 0xFFFF, 0xFFFF, 0xFFFF, 0xFFFF, 0xFFFF, 0xFFFF, 0xF7BE, 0xD69A, 0x634D, 0x2105, 0xDF1C,
  0xFFFF, 0xA534, 0x73AF, 0x73AF, 0xCE59, 0xFFFF, 0xFFFF, 0xFFFF, 0xFFFF, 0xFFFF, 0xFFFF, 0xFFFF,
  0xFFFF, 0xFFFF, 0xFFFF, 0xFFFF, 0xFFFF, 0xFFFF, 0xFFFF, 0xFFFF, 0xFFFF, 0xFFFF, 0xFFFF, 0xDEFC,
  0x6B4D, 0x39E8, 0xB5B7, 0xCE9A, 0x634D, 0x630C, 0xBE18, 0xFFFF, 0xFFFF, 0xFFFF, 0xFFFF, 0xFFFF,
  0xFFFF, 0xFFFF, 0xEF5D, 0x0021, 0x0021, 0xEF5D, 0xFFFF, 0xFFFF, 0xFFFF, 0xFFFF, 0xFFFF, 0xFFFF,
  0xFFFF, 0xFFFF, 0xFFFF, 0xFFFF, 0xFFFF, 0xFFFF, 0xFFFF, 0xFFFF, 0xFFFF, 0xFFFF, 0xFFFF, 0xFFFF,
  0xFFFF, 0xFFFF, 0xFFFF, 0xFFFF, 0xFFFF, 0xFFFF, 0xFFFF, 0xFFFF, 0xFFFF, 0xFFFF, 0xFFFF, 0xFFFF,
  0xFFFF, 0xFFFF, 0xFFFF, 0xFFFF, 0x2967, 0x0000, 0x8576, 0x9F5D, 0x7E17, 0x7618, 0x6D75, 0xE75D,
  0xFFFF, 0xFFFF, 0xFFFF, 0xFFFF, 0xFFFF, 0xFFFF, 0xFFFF, 0xFFFF, 0xFFFF, 0xFFFF, 0xFFFF, 0xFFFF,
  0xFFFF, 0xFFFF, 0xFFFF, 0xFFFF, 0xFFFF, 0xFFFF, 0xFFFF, 0xFFFF, 0xFFFF, 0xFFFF, 0xFFFF, 0xFFFF,
  0xFFFF, 0xFFFF, 0xFFFF, 0xFFFF, 0xFFFF, 0xFFFF, 0xFFFF, 0xFFFF, 0xFFFF, 0xFFFF, 0xFFFF, 0xFFFF,
  0xFFFF, 0xFFFF, 0xFFFF, 0xFFFF, 0xFFFF, 0xFFFF, 0xFFFF, 0xFFFF, 0xFFFF, 0xFFFF, 0xFFFF, 0xFFFF,
  0xFFFF, 0xFFFF, 0xFFFF, 0xFFFF, 0xFFFF, 0xFFFF, 0xFFFF, 0xFFFF, 0xFFFF, 0xEED6, 0xEEB4, 0xF7BD,
  0xD54A, 0xE672, 0xFFFF, 0xFFFF, 0xEF18, 0xD610, 0xE5CB, 0xDD65, 0xEF7A, 0xFFFF, 0xFFFF, 0xFFFF,
  0xFFFF, 0xFFFF, 0xFFFF, 0xF7BC, 0xDD68, 0xDD89, 0xD60F, 0xF73A, 0xFFFF, 0xFFFF, 0xDDED, 0xD58A,
  0xEF59, 0xEDCB, 0xE62D, 0xFFFF, 0xFFFF, 0xFFFF, 0xFFFF, 0xFFFF, 0xFFFF, 0xFFFF, 0xFFFF, 0xFFFF,
  0xFFFF, 0xFFFF, 0xFFFF, 0xFFFF, 0xFFFF, 0xFFFF, 0xFFFF, 0xFFFF, 0xFFFF, 0xFFFF, 0x94D3, 0x0021,
  0x3A09, 0x52AB, 0x73AF, 0x632D, 0x8C72, 0xFFDF, 0xFFFF, 0xFFFF, 0xFFFF, 0xFFFF, 0xFFFF, 0xFFFF,
  0xFFFF, 0xFFFF, 0xFFFF, 0xFFFF, 0xFFFF, 0xFFFF, 0xFFFF, 0xFFFF, 0xFFFF, 0xFFFF, 0xFFFF, 0xFFFF,
  0xFFFF, 0xE71C, 0x0862, 0x4A6A, 0xA514, 0xB5B6, 0xCE59, 0xFFFF, 0xFFFF, 0xFFFF, 0xFFFF, 0xFFFF,
  0xFFFF, 0xFFFF, 0xFFFF, 0x8C72, 0x0000, 0x5ACC, 0xFFFF, 0xFFFF, 0xFFFF, 0xFFFF, 0xFFFF, 0xFFFF,
  0xFFFF, 0xFFFF, 0xFFFF, 0xFFFF, 0xFFFF, 0xFFFF, 0xFFFF, 0xFFFF, 0xFFFF, 0xFFFF, 0xFFFF, 0xFFFF,
  0xFFFF, 0xFFFF, 0xFFFF, 0xFFFF, 0xFFFF, 0xFFFF, 0xFFFF, 0xFFFF, 0xFFFF, 0xFFFF, 0xFFFF, 0xFFFF,
  0xFFFF, 0xFFFF, 0xFFFF, 0x9CF3, 0x0000, 0x3A8B, 0xB7DE, 0x7E17, 0x8E38, 0x8E79, 0x6DD6, 0xB69A,
  0xFFFF, 0xFFFF, 0xFFFF, 0xFFFF, 0xFFFF, 0xFFFF, 0xFFFF, 0xFFFF, 0xFFFF, 0xFFFF, 0xFFFF, 0xFFFF,
  0xFFFF, 0xFFFF, 0xFFFF, 0xFFFF, 0xFFFF, 0xFFFF, 0xFFFF, 0xFFFF, 0xFFFF, 0xFFFF, 0xFFFF, 0xFFFF,
  0xFFFF, 0xFFFF, 0xFFFF, 0xFFFF, 0xFFFF, 0xFFFF, 0xFFFF, 0xFFFF, 0xFFFF, 0xFFFF, 0xFFFF, 0xFFFF,
  0xA594, 0xDF3C, 0xFFFF, 0xFFFF, 0xFFFF, 0xFFFF, 0xFFFF, 0xFFFF, 0xFFFF, 0xFFFF, 0xFFFF, 0xFFFF,
  0xFFFF, 0xFFFF, 0xFFFF, 0xFFFF, 0xFFFF, 0xFFFF, 0xFFFF, 0xFFFF, 0xFFFF, 0xFFFF, 0xFFFF, 0xFFDE,
  0xFFBC, 0xFFFF, 0xFFFF, 0xF77A, 0xD58B, 0xEE93, 0xF5A6, 0xE66D, 0xE6B4, 0xFFFF, 0xEF59, 0xDE2F,
  0xE62E, 0xEF17, 0xFFFF, 0xE6B4, 0xE68F, 0xED87, 0xE672, 0xCD6B, 0xFF9C, 0xFFFF, 0xFFFF, 0xF737,
  0xFFDE, 0xFFFF, 0xFFFF, 0xFFFF, 0xFFFF, 0xFFFF, 0xFFFF, 0xFFFF, 0xFFFF, 0xFFFF, 0xFFFF, 0xFFFF,
  0xFFFF, 0xFFFF, 0xFFFF, 0xFFFF, 0xFFFF, 0xFFFF, 0xFFFF, 0xFFFF, 0xFFFF, 0xFFFF, 0xFFFF, 0x39C7,
  0x8C51, 0xFFFF, 0xFFFF, 0xFFFF, 0xFFFF, 0xFFFF, 0xFFFF, 0xFFFF, 0xFFFF, 0xFFFF, 0xFFFF, 0xFFFF,
  0xFFFF, 0xFFFF, 0xFFFF, 0xFFFF, 0xFFFF, 0xFFFF, 0xFFFF, 0xFFFF, 0xFFFF, 0xCED9, 0x9573, 0xF7BE,
  0xFFFF, 0xFFFF, 0xCE7A, 0xF7BE, 0xFFFF, 0xFFFF, 0xFFFF, 0xFFFF, 0xFFFF, 0xFFFF, 0xFFFF, 0xFFFF,
  0xFFFF, 0xFFFF, 0xFFFF, 0xFFFF, 0x1905, 0x0000, 0xCE59, 0xFFFF, 0xFFFF, 0xFFFF, 0xFFFF, 0xFFFF,
  0xFFFF, 0xFFFF, 0xFFFF, 0xFFFF, 0xFFFF, 0xFFFF, 0xFFFF, 0xFFFF, 0xFFFF, 0xFFFF, 0xFFFF, 0xFFFF,
  0xFFFF, 0xFFFF, 0xFFFF, 0xFFFF, 0xFFFF, 0xFFFF, 0xFFFF, 0xFFFF, 0xFFFF, 0xFFFF, 0xFFFF, 0xFFFF,
  0xFFFF, 0xFFFF, 0xF7BE, 0x1084, 0x0002, 0x9E79, 0x9F1B, 0x8618, 0x8E38, 0x8E58, 0x7DF7, 0xA699,
  0xDF7D, 0xD73C, 0xFFFF, 0xFFFF, 0xFFFF, 0xFFFF, 0xFFFF, 0xFFFF, 0xFFFF, 0xFFFF, 0xFFFF, 0xFFFF,
  0xFFFF, 0xFFFF, 0xFFFF, 0xFFFF, 0xFFFF, 0xFFFF, 0xFFFF, 0xFFFF, 0xFFFF, 0xFFFF, 0xFFFF, 0xFFFF,
  0xFFFF, 0xFFFF, 0xFFFF, 0xFFFF, 0xFFFF, 0xE75C, 0x74AF, 0x5C6D, 0x8D53, 0xF7BE, 0xFFFF, 0xA5F6,
  0x0A24, 0xFFFF, 0xFFFF, 0xEF9D, 0xFFDE, 0xFFFF, 0xFFFF, 0xFFFF, 0xFFFF, 0xFFFF, 0xFFFF, 0xFFFF,
  0xFFFF, 0xFFFF, 0xFFFF, 0xFFFF, 0xFFFF, 0xFFFF, 0xFFFF, 0xFFFF, 0xFFFF, 0xFFFF, 0xFFFF, 0xFFFF,
  0xFFFF, 0xFFFF, 0xF77A, 0xCD28, 0xE6D6, 0xED63, 0xEE4E, 0xDE52, 0xFFBD, 0xFFFF, 0xE6D4, 0xDDA8,
  0xE5A6, 0xE691, 0xFFFF, 0xFFBD, 0xDEB4, 0xEE2D, 0xE524, 0xE6B4, 0xD569, 0xFFBC, 0xFFFF, 0xFFFF,
  0xFFFF, 0xFFFF, 0xFFFF, 0xFFFF, 0xFFFF, 0xFFFF, 0xFFFF, 0xFFFF, 0xFFFF, 0xFFFF, 0xFFFF, 0xFFFF,
  0xFFFF, 0xFFFF, 0xFFFF, 0xFFFF, 0xFFFF, 0xFFFF, 0xFFFF, 0xFFFF, 0xFFFF, 0xFFFF, 0xFFFF, 0xFFFF,
  0xFFFF, 0xFFFF, 0xFFFF, 0xFFFF, 0xFFFF, 0xFFFF, 0xF79E, 0xAE16, 0x6CEF, 0x64CE, 0x7510, 0xA5D5,
  0xF7BE, 0xFFFF, 0xFFFF, 0xFFFF, 0xFFFF, 0xFFFF, 0xFFFF, 0xB637, 0x4C8C, 0x0282, 0x6C2E, 0xFFDF,
  0xFFFF, 0xFFFF, 0xFFFF, 0xFFFF, 0xFFFF, 0xFFFF, 0xFFFF, 0xFFFF, 0xFFFF, 0xFFFF, 0xFFFF, 0xFFFF,
  0xFFFF, 0xFFFF, 0xFFFF, 0xFFFF, 0xBDF7, 0x0000, 0x31C8, 0xFFFF, 0xFFFF, 0xFFFF, 0xFFFF, 0xFFFF,
  0xFFFF, 0xFFFF, 0xFFFF, 0xFFFF, 0xFFFF, 0xFFFF, 0xFFFF, 0xFFFF, 0xFFFF, 0xFFFF, 0xFFFF, 0xFFFF,
  0xFFFF, 0xFFFF, 0xFFFF, 0xFFFF, 0xFFFF, 0xFFFF, 0xFFFF, 0xFFFF, 0xFFFF, 0xFFFF, 0xFFFF, 0xFFFF,
  0xFFFF, 0xFFFF, 0x73AF, 0x0000, 0x5390, 0xB7DE, 0x7DF7, 0x8E38, 0x8E38, 0x8E38, 0x8E58, 0x8618,
  0x75D7, 0x6575, 0x95F7, 0xFFFF, 0xFFFF, 0xFFFF, 0xFFFF, 0xF7BF, 0xEF9F, 0xEF9E, 0xF7BF, 0xFFFF,
  0xFFFF, 0xFFFF, 0xFFFF, 0xFFFF, 0xFFFF, 0xFFFF, 0xFFFF, 0xFFFF, 0xFFFF, 0xFFFF, 0xFFFF, 0xFFFF,
  0xFFFF, 0xFFFF, 0xFFFF, 0xFFFF, 0xFFFF, 0xDF3B, 0x6CAF, 0x4C4C, 0x1B68, 0x43CB, 0xE77D, 0x5C6D,
  0x64AE, 0xD71B, 0x2B48, 0x22E7, 0xC658, 0xFFFF, 0xFFFF, 0xFFFF, 0xFFFF, 0xFFFF, 0xFFFF, 0xFFFF,
  0xFFFF, 0xFFFF, 0xFFFF, 0xFFFF, 0xFFFF, 0xFFFF, 0xFFFF, 0xFFFF, 0xFFFF, 0xFFFF, 0xFFFF, 0xFFFF,
  0xFFFF, 0xFFFF, 0xE694, 0xDE74, 0xF64D, 0xF584, 0xE6B4, 0xDE30, 0xFFFF, 0xFFFF, 0xE692, 0xE5C9,
  0xE5C9, 0xE6B3, 0xFFDE, 0xFFFF, 0xE630, 0xE6D4, 0xECE0, 0xF66E, 0xD631, 0xE672, 0xFFFF, 0xFFFF,
  0xFFFF, 0xFFFF, 0xFFFF, 0xFFFF, 0xFFFF, 0xFFFF, 0xFFFF, 0xFFFF, 0xFFFF, 0xFFFF, 0xFFFF, 0xFFFF,
  0xFFFF, 0xFFFF, 0xFFDF, 0xE77E, 0xE75E, 0xF7BF, 0xFFFF, 0xFFFF, 0xFFFF, 0xFFFF, 0xFFFF, 0xFFFF,
  0xFFFF, 0xFFFF, 0xFFFF, 0xFFFF, 0xFFFF, 0xFFFF, 0xDEDB, 0x3307, 0x1324, 0x1B87, 0x23A8, 0x1B87,
  0x3BEA, 0xB657, 0xFFFF, 0xFFFF, 0xFFFF, 0xFFFF, 0xA5D5, 0x1325, 0x0303, 0x64CE, 0xFFFF, 0xFFFF,
  0xFFFF, 0xFFFF, 0xFFFF, 0xFFFF, 0xFFFF, 0xFFFF, 0xFFFF, 0xFFFF, 0xFFFF, 0xFFFF, 0xFFFF, 0xFFFF,
  0xFFFF, 0xFFFF, 0xFFFF, 0xFFFF, 0xFFFF, 0x39E9, 0x0000, 0xBDF7, 0xFFFF, 0xFFFF, 0xFFFF, 0xFFFF,
  0xFFFF, 0xFFFF, 0xFFFF, 0xFFFF, 0xFFFF, 0xFFFF, 0xFFFF, 0xFFFF, 0xFFFF, 0xFFFF, 0xFFFF, 0xFFFF,
  0xFFFF, 0xFFFF, 0xFFFF, 0xFFFF, 0xFFFF, 0xFFFF, 0xFFFF, 0xFFFF, 0xFFFF, 0xFFFF, 0xFFFF, 0xFFFF,
  0xFFFF, 0xEF5D, 0x0021, 0x0042, 0xA71B, 0x96BA, 0x8618, 0x8E58, 0x8E38, 0x8638, 0x8639, 0x8639,
  0x8638, 0x8659, 0x6DB6, 0xAE9A, 0xC6DB, 0xB699, 0xEF9E, 0xF7DF, 0xDF7F, 0xDF7E, 0xDF5E, 0xE79E,
  0xFFFF, 0xFFFF, 0xFFFF, 0xFFFF, 0xFFFF, 0xFFFF, 0xFFFF, 0xFFFF, 0xFFFF, 0xFFFF, 0xFFFF, 0xFFFF,
  0xFFFF, 0xFFFF, 0xFFFF, 0xFFFF, 0xFFFF, 0xFFFF, 0xFFFF, 0xF7FF, 0x442B, 0x1326, 0x64EF, 0x650F,
  0x650F, 0x1B47, 0x6CB0, 0xEF7D, 0xFFFF, 0xFFFF, 0xFFFF, 0xFFFF, 0xFFFF, 0xFFFF, 0xFFFF, 0xFFFF,
  0xFFFF, 0xFFFF, 0xFFFF, 0xFFFF, 0xFFFF, 0xFFFF, 0xFFFF, 0xFFFF, 0xFFFF, 0xFFFF, 0xFFFF, 0xFFFF,
  0xFFFF, 0xFFFF, 0xFFFF, 0xF6F4, 0xEC60, 0xF690, 0xD5AB, 0xF737, 0xFFFF, 0xF79C, 0xE692, 0xE5EA,
  0xEDEB, 0xE6B3, 0xF779, 0xFFFF, 0xEED5, 0xDDED, 0xF670, 0xE440, 0xEF15, 0xFFDE, 0xFFFF, 0xFFFF,
  0xFFFF, 0xFFFF, 0xFFFF, 0xFFFF, 0xFFFF, 0xFFFF, 0xFFFF, 0xFFFF, 0xFFFF, 0xFFFF, 0xFFFF, 0xFFFF,
  0xFFFF, 0xEFBE, 0xDF7E, 0xDF7F, 0xE79F, 0xDF9E, 0xEFBF, 0xFFFF, 0xFFFF, 0xFFFF, 0xFFFF, 0xFFFF,
  0xFFFF, 0xFFFF, 0xFFFF, 0xFFFF, 0xFFFF, 0xFFFF, 0xFFFF, 0xFFFF, 0xE79C, 0x546C, 0x33A8, 0x44AC,
  0x3C8B, 0x1366, 0x9594, 0xFFFF, 0xFFFF, 0xD6FA, 0x2387, 0x3C4A, 0x6CCF, 0xEF9E, 0xEFDE, 0xFFFF,
  0xFFFF, 0xFFFF, 0xFFFF, 0xFFFF, 0xFFFF, 0xFFFF, 0xFFFF, 0xFFFF, 0xFFFF, 0xFFFF, 0xFFFF, 0xFFFF,
  0xFFFF, 0xFFFF, 0xFFFF, 0xFFFF, 0xFFFF, 0xCE79, 0x0000, 0x2987, 0xFFFF, 0xFFFF, 0xFFFF, 0xFFFF,
  0xFFFF, 0xFFFF, 0xFFFF, 0xFFFF, 0xFFFF, 0xFFFF, 0xFFFF, 0xFFFF, 0xFFFF, 0xFFFF, 0xFFFF, 0xFFFF,
  0xFFFF, 0xFFFF, 0xFFFF, 0xFFFF, 0xFFFF, 0xFFFF, 0xFFFF, 0xFFFF, 0xFFFF, 0xFFFF, 0xFFFF, 0xFFFF,
  0xFFFF, 0x6B4E, 0x0000, 0x326A, 0x6DF4, 0x8EBA, 0x9EDB, 0x8E79, 0x8618, 0x8639, 0x8639, 0x8638,
  0x8639, 0x8E39, 0x8E79, 0x7DF8, 0x75B6, 0x6D96, 0x85B6, 0xEF9E, 0xFFFF, 0xF7FF, 0xF7FF, 0xDF5E,
  0xE79F, 0xFFFF, 0xFFFF, 0xFFFF, 0xFFFF, 0xFFFF, 0xFFFF, 0xFFFF, 0xFFFF, 0xFFFF, 0xFFFF, 0xFFFF,
  0xFFFF, 0xFFFF, 0xFFFF, 0xFFFF, 0xFFFF, 0xDF3C, 0xBE78, 0xB657, 0xBE78, 0x6D10, 0x340A, 0x4CAD,
  0x448D, 0x7D72, 0xCEB9, 0xBE98, 0xBE78, 0xEF7D, 0xFFFF, 0xFFFF, 0xFFFF, 0xFFFF, 0xFFFF, 0xFFFF,
  0xFFFF, 0xDF7E, 0xE77E, 0xFFFF, 0xFFFF, 0xFFFF, 0xFFFF, 0xFFFF, 0xFFFF, 0xFFFF, 0xFFFF, 0xFFFF,
  0xFFFF, 0xFFFF, 0xFFFF, 0xE544, 0xE521, 0xEF18, 0xE650, 0xFFFF, 0xFFFF, 0xEEB4, 0xE671, 0xEE2D,
  0xEE2C, 0xE650, 0xEE93, 0xFFFF, 0xFFFF, 0xDDEE, 0xEEF7, 0xE4A0, 0xE565, 0xFFFF, 0xFFFF, 0xFFFF,
  0xFFFF, 0xFFFF, 0xFFFF, 0xFFFF, 0xFFFF, 0xFFFF, 0xFFFF, 0xFFFF, 0xFFFF, 0xFFFF, 0xFFFF, 0xF7DF,
  0xDF5E, 0xDF5E, 0xDF9E, 0xE79E, 0xE79E, 0xDF7E, 0xDF5E, 0xE77E, 0xF7BF, 0xFFFF, 0xFFFF, 0xFFFF,
  0xFFFF, 0xFFFF, 0xFFFF, 0xFFFF, 0xFFFF, 0xFFFF, 0xFFFF, 0xFFFF, 0xFFFF, 0xFFFF, 0x8D52, 0x2B68,
  0x54CD, 0x550D, 0x1B46, 0xBE78, 0xFFFF, 0x64AE, 0x23E8, 0x54ED, 0x95F4, 0x540C, 0x1305, 0x3307,
  0xB637, 0xFFFF, 0xFFFF, 0xFFFF, 0xFFFF, 0xFFFF, 0xFFFF, 0xFFFF, 0xFFFF, 0xFFFF, 0xFFFF, 0xFFFF,
  0xFFFF, 0xFFFF, 0xFFFF, 0xFFFF, 0xFFFF, 0xFFFF, 0x5ACC, 0x0000, 0xB5B6, 0xFFFF, 0xFFFF, 0xFFFF,
  0xFFFF, 0xFFFF, 0xFFFF, 0xFFFF, 0xFFFF, 0xFFFF, 0xFFFF, 0xFFFF, 0xFFFF, 0xFFFF, 0xFFFF, 0xFFFF,
  0xFFFF, 0xFFFF, 0xFFFF, 0xFFFF, 0xFFFF, 0xFFFF, 0xFFFF, 0xFFFF, 0xFFFF, 0xFFFF, 0xFFFF, 0xFFFF,
  0xE73C, 0x0001, 0x0864, 0x5CD0, 0x342C, 0x6573, 0x7E17, 0x9679, 0x9EBA, 0x8618, 0x8639, 0x8639,
  0x8E39, 0x8E39, 0x8E59, 0x8E59, 0x8E59, 0x8E7A, 0x6DD7, 0x8E18, 0xD73C, 0xB6DB, 0xC6FC, 0xEFFF,
  0xEFBF, 0xFFDF, 0xFFFF, 0xFFFF, 0xFFFF, 0xFFFF, 0xFFFF, 0xFFFF, 0xFFFF, 0xFFFF, 0xFFFF, 0xFFFF,
  0xFFFF, 0xFFFF, 0xFFFF, 0xBE78, 0x542D, 0x2B69, 0x2BAA, 0x2348, 0x4C0C, 0x7572, 0x4C8D, 0x54AD,
  0x54CE, 0x6D71, 0x2BA9, 0x0AE5, 0x1B28, 0x12E7, 0x9573, 0xFFFF, 0xFFFF, 0xFFFF, 0xFFFF, 0xF7BE,
  0xD71D, 0xC6FD, 0xC71D, 0xC6FC, 0xE75D, 0xFFFF, 0xFFFF, 0xFFFF, 0xFFFF, 0xFFFF, 0xFFFF, 0xFFFF,
  0xFFFF, 0xFFFF, 0xFFFF, 0xEF17, 0xF77A, 0xFFFF, 0xFFFF, 0xFFFF, 0xFFFF, 0xEED6, 0xE6D6, 0xF60A,
  0xF5E9, 0xE6B3, 0xE6D5, 0xFFFF, 0xFFFF, 0xFFFF, 0xFFFF, 0xEEF6, 0xEEB3, 0xFFFF, 0xFFFF, 0xFFFF,
  0xFFFF, 0xFFFF, 0xFFFF, 0xFFFF, 0xFFFF, 0xFFFF, 0xFFFF, 0xFFFF, 0xFFFF, 0xFFFF, 0xFFFF, 0xFFDF,
  0xF7BF, 0xFFDF, 0xFFDF, 0xFFDF, 0xFFDF, 0xF7DF, 0xFFFF, 0xF7BF, 0xF7BF, 0xFFFF, 0xFFFF, 0xFFFF,
  0xFFFF, 0xFFFF, 0xFFFF, 0xFFFF, 0xFFFF, 0xFFFF, 0xFFFF, 0xFFFF, 0xFFFF, 0xFFFF, 0xFFFF, 0xF7BE,
  0x64CE, 0x33E9, 0x342A, 0x648E, 0xDF1B, 0x3BEA, 0x550D, 0x54ED, 0x1366, 0x3BE9, 0x8D93, 0xADD5,
  0xD6FA, 0xFFFF, 0xFFFF, 0xFFFF, 0xFFFF, 0xFFFF, 0xFFFF, 0xFFFF, 0xFFFF, 0xFFFF, 0xFFFF, 0xFFFF,
  0xFFFF, 0xFFFF, 0xFFFF, 0xF7DF, 0xFFFF, 0xFFFF, 0xBE38, 0x0000, 0x2967, 0xFFFF, 0xFFFF, 0xFFFF,
  0xFFFF, 0xFFFF, 0xFFFF, 0xFFFF, 0xFFFF, 0xFFFF, 0xFFFF, 0xFFFF, 0xFFFF, 0xFFFF, 0xFFFF, 0xFFFF,
  0xFFFF, 0xFFFF, 0xFFFF, 0xFFFF, 0xFFFF, 0xFFFF, 0xFFFF, 0xFFFF, 0xFFFF, 0xFFFF, 0xFFFF, 0xFFFF,
  0x6B6E, 0x0000, 0x3B0C, 0x65D3, 0x444E, 0x3C0D, 0x33EC, 0x3C2D, 0x7E17, 0x96BB, 0x8618, 0x8E39,
  0x8E39, 0x8E59, 0x8E59, 0x8E59, 0x8E39, 0x8E39, 0x8E59, 0x7E18, 0x75B7, 0x6DB6, 0x6595, 0x8E18,
  0xEF9E, 0xFFFF, 0xFFFF, 0xFFFF, 0xFFFF, 0xFFFF, 0xFFFF, 0xFFFF, 0xFFFF, 0xFFFF, 0xFFFF, 0xFFFF,
  0xFFFF, 0xFFFF, 0xD6DA, 0x3B6A, 0x4C2C, 0x8573, 0x6CD0, 0x7511, 0x6D31, 0x3C2B, 0x54AE, 0x54AD,
  0x54CE, 0x3C6C, 0x7DB2, 0xAE57, 0x7D32, 0x6D11, 0x0244, 0x8D32, 0xFFFF, 0xFFFF, 0xFFFF, 0xF7BE,
  0xEF9E, 0xF7DF, 0xF7DF, 0xEFBF, 0xEF9E, 0xFFFF, 0xFFFF, 0xFFFF, 0xFFFF, 0xFFFF, 0xFFFF, 0xFFFF,
  0xFFFF, 0xFFFF, 0xFFFF, 0xFFFF, 0xFFFF, 0xFFFF, 0xFFFF, 0xFFFF, 0xFFFF, 0xFFFF, 0xFFFF, 0xE501,
  0xE522, 0xFFFF, 0xFFFF, 0xFFFF, 0xFFFF, 0xFFFF, 0xFFFF, 0xFFFF, 0xFFFF, 0xFFFF, 0xFFFF, 0xFFFF,
  0xFFFF, 0xFFFF, 0xFFFF, 0xFFFF, 0xFFFF, 0xFFFF, 0xFFFF, 0xFFFF, 0xFFFF, 0xFFFF, 0xFFFF, 0xFFFF,
  0xFFFF, 0xFFFF, 0xFFFF, 0xFFFF, 0xFFFF, 0xFFFF, 0xFFFF, 0xFFFF, 0xFFFF, 0xFFFF, 0xFFFF, 0xFFFF,
  0xFFFF, 0xFFFF, 0xFFFF, 0xFFFF, 0xFFFF, 0xFFFF, 0xFFFF, 0xFFFF, 0xFFDF, 0xE75C, 0xDF1B, 0xEF9D,
  0xB657, 0x7510, 0x4C6C, 0x4C4C, 0x5CAD, 0x4C6C, 0x4CAD, 0x3C0A, 0x6CCE, 0xEF9D, 0xFFFF, 0xFFFF,
  0xFFFF, 0xFFFF, 0xFFFF, 0xFFFF, 0xFFFF, 0xFFFF, 0xFFFF, 0xFFFF, 0xFFFF, 0xFFFF, 0xFFFF, 0xFFDF,
  0xFFDF, 0xFFFF, 0xE7BF, 0xF7FF, 0xEF9E, 0x85D7, 0xAF7D, 0x322B, 0x0000, 0xBDF7, 0xFFFF, 0xFFFF,
  0xFFFF, 0xFFFF, 0xFFFF, 0xFFFF, 0xFFFF, 0xFFFF, 0xFFFF, 0xFFFF, 0xFFFF, 0xFFFF, 0xFFFF, 0xFFFF,
  0xFFFF, 0xFFFF, 0xFFFF, 0xFFFF, 0xFFFF, 0xFFFF, 0xFFFF, 0xFFFF, 0xFFFF, 0xFFFF, 0xFFFF, 0xEF5C,
  0x0823, 0x0865, 0x6531, 0x4CF0, 0x4C8F, 0x4C8F, 0x4CAF, 0x444E, 0x33EC, 0x8658, 0x969A, 0x8E38,
  0x8E39, 0x8639, 0x8E59, 0x8E59, 0x8E39, 0x8E39, 0x8639, 0x8639, 0x8659, 0x8E59, 0x8659, 0x6DD7,
  0x85F8, 0xE75D, 0xFFFF, 0xFFFF, 0xFFFF, 0xFFFF, 0xFFFF, 0xFFFF, 0xFFFF, 0xFFFF, 0xFFFF, 0xFFFF,
  0xFFFF, 0xFFFF, 0xEF9E, 0xF7BE, 0xFFFF, 0xFFFF, 0xFFFF, 0xAE17, 0x7551, 0x342B, 0x4CAD, 0x54EF,
  0x448D, 0x3CAD, 0x4C8E, 0xBE78, 0xFFFF, 0xFFFF, 0xDF7C, 0xA5D5, 0xFFDF, 0xFFFF, 0xFFFF, 0xFFFF,
  0xFFFF, 0xFFFF, 0xFFFF, 0xFFFF, 0xFFFF, 0xFFFF, 0xFFFF, 0xFFFF, 0xFFFF, 0xFFFF, 0xFFFF, 0xFFFF,
  0xFFFF, 0xFFFF, 0xFFFF, 0xFFFF, 0xFFFF, 0xFFFF, 0xFFFF, 0xFFFF, 0xFFFF, 0xFFFF, 0xFFFF, 0xE671,
  0xE693, 0xFFFF, 0xFFFF, 0xFFFF, 0xFFFF, 0xFFFF, 0xFFFF, 0xFFFF, 0xFFFF, 0xFFFF, 0xFFFF, 0xFFFF,
  0xFFFF, 0xFFFF, 0xEF5D, 0x9492, 0x8C71, 0x8C71, 0xB596, 0xBDD6, 0xB554, 0xAD34, 0xDEBA, 0xFFFF,
  0xFFFF, 0xFFFF, 0xFFFF, 0xFFFF, 0xFFFF, 0xFFFF, 0xFFFF, 0xFFFF, 0xFFFF, 0xFFFF, 0xFFFF, 0xFFFF,
  0xFFFF, 0xFFFF, 0xFFFF, 0xFFFF, 0xFFFF, 0xFFFF, 0xDF1B, 0x74F0, 0x4C4C, 0x3C2A, 0x3C4B, 0x3C2B,
  0x7510, 0x95F4, 0x5C8D, 0x442B, 0x3C2A, 0x4C8C, 0x446B, 0x8592, 0xB657, 0x8D93, 0x6CEF, 0x6CEF,
  0x8552, 0xBE78, 0xFFFF, 0xFFFF, 0xFFFF, 0xFFFF, 0xFFFF, 0xFFFF, 0xFFFF, 0xFFFF, 0xC6BA, 0x85D7,
  0x7DB6, 0xBEBA, 0xFFFF, 0xF7DF, 0x85D7, 0x6DD7, 0xAF7D, 0x8555, 0x0000, 0x422A, 0xFFFF, 0xFFFF,
  0xFFFF, 0xFFFF, 0xFFFF, 0xFFFF, 0xFFFF, 0xFFFF, 0xFFFF, 0xFFFF, 0xFFFF, 0xFFFF, 0xFFFF, 0xFFFF,
  0xFFFF, 0xFFFF, 0xFFFF, 0xFFFF, 0xFFFF, 0xFFFF, 0xFFFF, 0xFFFF, 0xFFFF, 0xFFFF, 0xFFFF, 0x8410,
  0x0000, 0x3B0C, 0x65D2, 0x446E, 0x4CAF, 0x4C8F, 0x4C8F, 0x4CB0, 0x342D, 0x5D11, 0x9EDB, 0x8638,
  0x8E39, 0x8639, 0x8E39, 0x8E39, 0x8639, 0x8639, 0x8639, 0x8639, 0x8638, 0x8638, 0x8639, 0x967A,
  0x7E39, 0x75D7, 0x9E18, 0xC71C, 0xFFFF, 0xFFFF, 0xFFFF, 0xFFFF, 0xFFFF, 0xFFFF, 0xFFFF, 0xFFFF,
  0xFFFF, 0xFFFF, 0xFFFF, 0xFFFF, 0xFFFF, 0xFFFF, 0x8533, 0x0AE7, 0x1306, 0x7550, 0x6550, 0x3C6C,
  0x6530, 0x446D, 0x3C8C, 0x1347, 0xAE17, 0xFFFF, 0xFFFF, 0xFFFF, 0xFFFF, 0xFFFF, 0xFFFF, 0xFFFF,
  0xFFFF, 0xFFFF, 0xFFFF, 0xFFFF, 0xFFFF, 0xFFFF, 0xFFFF, 0xFFFF, 0xFFFF, 0xFFFF, 0xFFFF, 0xFFFF,
  0xFFFF, 0xFFFF, 0xFFFF, 0xFFFF, 0xFFFF, 0xFFFF, 0xFFFF, 0xFFFF, 0xFFFF, 0xFFFF, 0xFFFF, 0xFFFF,
  0xFFFF, 0xFFFF, 0xFFFF, 0xFFFF, 0xFFFF, 0xFFFF, 0xFFFF, 0xFFFF, 0xFFFF, 0xFFFF, 0xFFFF, 0xFFFF,
  0xFFFF, 0xFFFF, 0x5AAA, 0x4228, 0x6B6D, 0x738E, 0x2104, 0x10E5, 0x320A, 0x29C9, 0x2145, 0xDEFB,
  0xFFFF, 0xFFFF, 0xFFFF, 0xFFFF, 0xFFFF, 0xFFFF, 0xFFFF, 0xFFFF, 0xFFFF, 0xFFFF, 0xFFFF, 0xFFFF,
  0xFFFF, 0xFFFF, 0xFFFF, 0xFFFF, 0xFFFF, 0xA5D5, 0x1B26, 0x2387, 0x2BC9, 0x550E, 0x550D, 0x3C8A,
  0x3429, 0x3BE9, 0x4C6C, 0x548D, 0x548D, 0x4C8C, 0x5CAD, 0x5D0E, 0x23C8, 0x3429, 0x3C6B, 0x3C6B,
  0x2C09, 0x1B67, 0x4C2C, 0xDF3C, 0xFFFF, 0xFFFF, 0xFFFF, 0xFFFF, 0xFFFF, 0xCEFB, 0x6D75, 0x7E38,
  0x7E18, 0x6555, 0xEF9E, 0xBEDB, 0x6596, 0x8E79, 0x8638, 0xAF7D, 0x2168, 0x0000, 0xDEFB, 0xFFFF,
  0xFFFF, 0xFFFF, 0xFFFF, 0xFFFF, 0xFFFF, 0xFFFF, 0xFFFF, 0xFFFF, 0xFFFF, 0xFFFF, 0xFFFF, 0xFFFF,
  0xFFFF, 0xFFFF, 0xFFFF, 0xFFFF, 0xFFFF, 0xFFFF, 0xFFFF, 0xFFFF, 0xFFFF, 0xFFFF, 0xFFFF, 0x18C5,
  0x0023, 0x5D11, 0x4D10, 0x4C8F, 0x4C8F, 0x4C8F, 0x4C8F, 0x4C8F, 0x3C4E, 0x54F1, 0xA71C, 0x8E39,
  0x967A, 0x9EDB, 0x969A, 0x8639, 0x8638, 0x8639, 0x8639, 0x8639, 0x8639, 0x8639, 0x8E59, 0x8659,
  0x8E59, 0x8659, 0x7618, 0x6D96, 0xB6BA, 0xFFFF, 0xFFFF, 0xFFFF, 0xFFFF, 0xFFFF, 0xFFDF, 0xFFDF,
  0xFFFF, 0xFFFF, 0xFFFF, 0xFFFF, 0xFFFF, 0xB678, 0x0203, 0x2BEA, 0xA616, 0xEF5D, 0x440C, 0x344C,
  0x8593, 0xC6B9, 0x2389, 0x1B89, 0x548F, 0xFFFF, 0xFFFF, 0xFFFF, 0xFFFF, 0xFFFF, 0xFFFF, 0xFFFF,
  0xFFFF, 0xFFFF, 0xFFFF, 0xFFFF, 0xFFFF, 0xFFFF, 0xFFFF, 0xFFFF, 0xFFFF, 0xFFFF, 0xFFFF, 0xFFFF,
  0xFFFF, 0xFFFF, 0xFFFF, 0xFFFF, 0xFFFF, 0xFFFF, 0xFFFF, 0xFFFF, 0xFFFF, 0xFFFF, 0xFFFF, 0xFFFF,
  0xFFFF, 0xFFFF, 0xFFFF, 0xFFFF, 0xFFFF, 0xFFFF, 0xFFFF, 0xFFFF, 0xFFFF, 0xFFFF, 0xFFFF, 0xFFFF,
  0xFFFF, 0xFFFF, 0x4229, 0xC639, 0xFFFF, 0xFFFF, 0x6B4D, 0x42CE, 0x95FC, 0x8D9B, 0x2988, 0xBDD7,
  0xFFFF, 0xFFFF, 0xFFFF, 0xFFFF, 0xFFFF, 0xFFFF, 0xFFFF, 0xFFFF, 0xFFFF, 0xFFFF, 0xFFFF, 0xFFFF,
  0xFFFF, 0xFFFF, 0xFFFF, 0xFFFF, 0xB657, 0x0222, 0x2BE9, 0x2B88, 0x7D31, 0x7510, 0x1325, 0x650F,
  0x6D0F, 0x446C, 0x548C, 0x548C, 0x548C, 0x54CD, 0x4C8D, 0x54AD, 0x7D71, 0x3C2A, 0x3409, 0x2BE9,
  0x3409, 0x444B, 0x02E4, 0x1AE6, 0xE77C, 0xFFFF, 0xFFFF, 0xFFFF, 0xFFFF, 0x9E18, 0x7E18, 0x8E79,
  0x8E59, 0x7E18, 0xAEBA, 0x8E39, 0x7E38, 0x8659, 0x7E18, 0xAFBE, 0x74B3, 0x0000, 0x6B6E, 0xFFFF,
  0xFFFF, 0xFFFF, 0xFFFF, 0xFFFF, 0xFFFF, 0xFFFF, 0xFFFF, 0xFFFF, 0xFFFF, 0xFFFF, 0xFFFF, 0xFFFF,
  0xFFFF, 0xFFFF, 0xFFFF, 0xFFFF, 0xFFFF, 0xFFFF, 0xFFFF, 0xFFFF, 0xFFFF, 0xFFFF, 0xAD75, 0x0000,
  0x19A8, 0x5D91, 0x4CCF, 0x4CAF, 0x4C8F, 0x4C8F, 0x4C8F, 0x4CAF, 0x3C4E, 0x5D12, 0x96DA, 0x9EDA,
  0x8E58, 0x7595, 0x7DF7, 0x96BB, 0x8E5A, 0x8638, 0x8659, 0x8659, 0x8659, 0x8659, 0x8E59, 0x8E59,
  0x8E59, 0x8E59, 0x8E79, 0x8659, 0x7DD7, 0xB6BA, 0xBEBA, 0xFFFF, 0xFFFF, 0xE77E, 0xE77E, 0xDF7E,
  0xEF9E, 0xFFFF, 0xFFFF, 0xFFFF, 0xFFFF, 0x2B28, 0x12A6, 0xD71B, 0xFFFF, 0x8D33, 0x6C90, 0x85D4,
  0x2369, 0xF7BE, 0xC699, 0x546E, 0x1B07, 0xDF3C, 0xFFFF, 0xFFFF, 0xFFFF, 0xFFFF, 0xFFFF, 0xFFFF,
  0xFFFF, 0xFFFF, 0xFFFF, 0xFFFF, 0xFFFF, 0xFFFF, 0xFFFF, 0xFFFF, 0xFFFF, 0xFFFF, 0xFFFF, 0xFFFF,
  0xFFFF, 0xFFFF, 0xFFFF, 0xFFFF, 0xFFFF, 0xFFFF, 0xFFFF, 0xFFFF, 0xFFFF, 0xFFFF, 0xFFFF, 0xFFFF,
  0xFFFF, 0xFFFF, 0xFFFF, 0xFFFF, 0xFFFF, 0xFFFF, 0xFFFF, 0xFFFF, 0xFFFF, 0xFFFF, 0xFFFF, 0xFFFF,
  0xFFFF, 0xFFFF, 0x528A, 0xA555, 0xFFFF, 0xFFFF, 0x630C, 0x326C, 0x7D39, 0x7CD7, 0x29A9, 0xCE59,
  0xFFFF, 0xFFFF, 0xFFFF, 0xFFFF, 0xFFFF, 0xFFFF, 0xFFFF, 0xFFFF, 0xFFFF, 0xFFFF, 0xFFFF, 0xFFFF,
  0xFFFF, 0xFFFF, 0xFFFF, 0xD6DA, 0x1285, 0x546D, 0xAE36, 0x7D11, 0xCEB9, 0x5C0D, 0xB677, 0xC698,
  0x546D, 0x442B, 0x54AD, 0x54AC, 0x54CD, 0x446C, 0x4CCD, 0x448C, 0xA615, 0xCEDA, 0x9DD4, 0x8D72,
  0x6CCF, 0x9E15, 0x8DB3, 0x12E5, 0x3348, 0xFFDF, 0xFFFF, 0xFFFF, 0xFFFF, 0xBEDB, 0x7DF7, 0x8E59,
  0x8E39, 0x8E79, 0x7E38, 0x8638, 0x8E39, 0x8E39, 0x8659, 0x8E99, 0xA6FB, 0x0884, 0x0843, 0xF7BE,
  0xFFFF, 0xFFFF, 0xFFFF, 0xFFFF, 0xFFFF, 0xFFFF, 0xFFFF, 0xFFFF, 0xFFFF, 0xFFFF, 0xFFFF, 0xFFFF,
  0xFFFF, 0xFFFF, 0xFFFF, 0xFFFF, 0xFFFF, 0xFFFF, 0xFFFF, 0xFFFF, 0xFFFF, 0xFFFF, 0x39C9, 0x0000,
  0x2B2A, 0x340B, 0x3C4D, 0x4CD0, 0x4C8F, 0x448F, 0x448F, 0x448F, 0x44AF, 0x4CAF, 0x3C4D, 0x54D0,
  0x444E, 0x33EC, 0x33CC, 0x4CB0, 0x96BA, 0x8679, 0x7E18, 0x8638, 0x8639, 0x8638, 0x8658, 0x8638,
  0x8638, 0x8659, 0x8638, 0x8E58, 0x8638, 0x6596, 0x4D14, 0x8DF7, 0xF7FF, 0xEFDF, 0xE79F, 0xDF9F,
  0xCF3D, 0xE77E, 0xFFFF, 0xFFFF, 0xE77D, 0x646E, 0xEF7D, 0xFFFF, 0xFFFF, 0x53CC, 0xA5D6, 0x8DB4,
  0x1328, 0xD71B, 0xFFFF, 0xE79D, 0x0224, 0x9DD5, 0xFFFF, 0xF7DF, 0xF7DE, 0xFFFF, 0xFFFF, 0xFFFF,
  0xFFFF, 0xF7DF, 0xFFFF, 0xFFFF, 0xFFFF, 0xFFFF, 0xFFFF, 0xFFFF, 0xFFFF, 0xFFFF, 0xFFFF, 0xFFFF,
  0xFFFF, 0xFFFF, 0xFFFF, 0xFFFF, 0xFFFF, 0xFFFF, 0xFFFF, 0xFFFF, 0xFFFF, 0xFFFF, 0xFFFF, 0xFFFF,
  0xFFFF, 0xFFFF, 0xFFFF, 0xFFFF, 0xFFFF, 0xFFFF, 0xFFFF, 0xFFFF, 0xFFFF, 0xFFFF, 0xFFFF, 0xFFFF,
  0xFFFF, 0xFFFF, 0x630C, 0xA514, 0xFFFF, 0xFFFF, 0x630C, 0x3A6D, 0x8D79, 0x7CD7, 0x39EA, 0xF77D,
  0xFFFF, 0xFFFF, 0xFFFF, 0xFFFF, 0xFFFF, 0xFFFF, 0xFFFF, 0xFFFF, 0xFFFF, 0xFFFF, 0xFFFF, 0xFFFF,
  0xFFFF, 0xFFFF, 0xFFFF, 0xCEB9, 0xBE57, 0xFFFF, 0xFFFF, 0xFFFF, 0xFFFF, 0xFFFF, 0xCEBA, 0x1AE6,
  0x3C09, 0x446C, 0x4CAD, 0x4CAD, 0x54AD, 0x64EF, 0x446C, 0x4D0E, 0x1B88, 0xB657, 0xFFFF, 0xFFFF,
  0xFFFF, 0xFFFF, 0xFFFF, 0xF7DE, 0xADF6, 0xFFDE, 0xCEFB, 0x9E38, 0x9618, 0x9E9A, 0x8E59, 0x8E59,
  0x8E59, 0x8E59, 0x8E59, 0x8E59, 0x8E38, 0x8E38, 0x8659, 0x7E17, 0xB7FF, 0x5BD1, 0x0000, 0x9CD3,
  0xFFFF, 0xFFFF, 0xFFFF, 0xFFFF, 0xFFFF, 0xFFFF, 0xFFFF, 0xFFFF, 0xFFFF, 0xFFFF, 0xFFFF, 0xFFFF,
  0xFFFF, 0xFFFF, 0xFFFF, 0xFFFF, 0xFFFF, 0xFFFF, 0xFFFF, 0xFFFF, 0xFFFF, 0xD6BA, 0x0000, 0x1147,
  0x5510, 0x33EC, 0x33AC, 0x446F, 0x6552, 0x5D52, 0x5D53, 0x5D52, 0x5D73, 0x5D72, 0x5D32, 0x54B0,
  0x54F1, 0x5D32, 0x5511, 0x3C4E, 0x5D33, 0xAFBE, 0xA75D, 0xA75E, 0xA75D, 0xAF7D, 0xAF5E, 0xA75E,
  0xA77D, 0x9F5D, 0xA77E, 0xA73D, 0x9F3D, 0xA73D, 0x9F5E, 0x971C, 0xBF7E, 0xF7FF, 0xFFFF, 0xFFFF,
  0xFFFF, 0xF7FF, 0xFFFF, 0xFFFF, 0xF7FF, 0xFFFF, 0xFFFF, 0xFFFF, 0xFFFF, 0x3B2A, 0xDF5C, 0x7D53,
  0x2349, 0xF7DE, 0xFFFF, 0xFFFF, 0xA5D6, 0x9DB6, 0xFFFF, 0xDF7E, 0xDF5E, 0xE79E, 0xFFFF, 0xEF9E,
  0xDF7E, 0xDF7E, 0xE77E, 0xEF9E, 0xFFFF, 0xFFFF, 0xFFFF, 0xFFFF, 0xFFFF, 0xFFFF, 0xFFFF, 0xFFFF,
  0xFFFF, 0xFFFF, 0xFFFF, 0xFFFF, 0xFFFF, 0xFFFF, 0xFFFF, 0xFFFF, 0xFFFF, 0xFFFF, 0xFFFF, 0xFFFF,
  0xD679, 0x736D, 0xA4F4, 0x9491, 0x9450, 0x9471, 0x9491, 0x9471, 0x9471, 0x9471, 0x9471, 0x9471,
  0x9471, 0x9470, 0x2965, 0xBDD8, 0xFFFF, 0xFFFF, 0x630C, 0x3A8D, 0x8D79, 0x84F8, 0x3A0A, 0xAD33,
  0xC5F7, 0xBDB6, 0xB5B6, 0xC5F7, 0xFFFF, 0xFFFF, 0xFFFF, 0xFFFF, 0xFFFF, 0xFFFF, 0xF7DF, 0xF7DF,
  0xFFFF, 0xFFFF, 0xFFFF, 0xFFFF, 0xFFFF, 0xFFFF, 0xFFFF, 0xFFFF, 0xFFFF, 0xD6DA, 0x0AA5, 0x444B,
  0x3C0A, 0x5CCE, 0x54EE, 0x4CAC, 0x2BE9, 0xBE98, 0x95B3, 0x2C0A, 0x550E, 0x2347, 0xCEDA, 0xFFFF,
  0xFFFF, 0xFFFF, 0xFFFF, 0xFFFF, 0xFFFF, 0xA659, 0x6575, 0x75D7, 0x7E38, 0x8638, 0x8E79, 0x8E59,
  0x8E59, 0x8E59, 0x8E59, 0x8659, 0x8659, 0x8658, 0x8638, 0x8638, 0x9F1B, 0x8E38, 0x0000, 0x31A8,
  0xFFFF, 0xFFFF, 0xFFFF, 0xFFFF, 0xFFFF, 0xFFFF, 0xFFFF, 0xFFFF, 0xFFFF, 0xFFFF, 0xFFFF, 0xFFFF,
  0xFFFF, 0xFFFF, 0xFFFF, 0xFFFF, 0xFFFF, 0xFFFF, 0xFFFF, 0xFFFF, 0xFFFF, 0x7BCF, 0x0001, 0x21C8,
  0x0984, 0x08E3, 0x08C3, 0x00C3, 0x1165, 0x1185, 0x1986, 0x1986, 0x19A6, 0x1986, 0x1965, 0x1965,
  0x1965, 0x1165, 0x1186, 0x1986, 0x0904, 0x2A09, 0x326A, 0x324A, 0x3A6A, 0x326A, 0x324A, 0x324B,
  0x3A8B, 0x2A29, 0x324A, 0x324A, 0x324A, 0x324A, 0x324A, 0x328B, 0x2A09, 0x29C8, 0x424A, 0x632E,
  0x7C10, 0xADB7, 0xC639, 0xD69A, 0xFFFF, 0xFFFF, 0xFFFF, 0xFFFF, 0xCEB9, 0x332A, 0xFFFF, 0x7D12,
  0x3BAB, 0xFFFF, 0xEFDF, 0xE79F, 0xFFFF, 0xEFDF, 0xE79F, 0xE79F, 0xE79F, 0xDF7E, 0xE77E, 0xDF5E,
  0xDF9F, 0xE79F, 0xE79F, 0xDF7E, 0xE77E, 0xFFFF, 0xFFFF, 0xFFFF, 0xFFFF, 0xFFFF, 0xFFFF, 0xFFFF,
  0xFFFF, 0xFFFF, 0xFFFF, 0xFFFF, 0xFFFF, 0xFFFF, 0xFFFF, 0xFFFF, 0xFFFF, 0xFFFF, 0xFFFF, 0x8C0F,
  0x31C7, 0x42AB, 0x0000, 0x0004, 0x1928, 0x0065, 0x0885, 0x0085, 0x0085, 0x0885, 0x0885, 0x0885,
  0x0085, 0x0085, 0x0022, 0xDEFB, 0xFFFF, 0xFFFF, 0x6B2D, 0x3AAD, 0x8D99, 0x9579, 0x29AA, 0x10A5,
  0x1927, 0x08C6, 0x10C6, 0x1107, 0x3186, 0xC5F6, 0xFFFF, 0xFFFF, 0xF7BF, 0xE79E, 0xDF7E, 0xDF9E,
  0xDF9E, 0xEF9E, 0xFFFF, 0xFFFF, 0xFFFF, 0xFFFF, 0xFFFF, 0xFFFF, 0xFFFF, 0x4BEC, 0x23A8, 0x3C4B,
  0x542D, 0x9DD5, 0x33EA, 0x54ED, 0x23C8, 0x6D10, 0xFFFF, 0x43EB, 0x446C, 0x2BC9, 0x5C6E, 0xFFFF,
  0xEFBF, 0xEFBE, 0xF7DF, 0xFFFF, 0xA658, 0x6596, 0x8679, 0x8E59, 0x8E59, 0x8E59, 0x8E59, 0x8E59,
  0x8E59, 0x8E59, 0x8E59, 0x8E59, 0x8E59, 0x8E39, 0x8638, 0x8659, 0x8E9A, 0xBFFF, 0x29A9, 0x0000,
  0xD6BA, 0xFFFF, 0xFFFF, 0xFFFF, 0xFFFF, 0xFFFF, 0xFFFF, 0xFFFF, 0xFFFF, 0xFFFF, 0xFFFF, 0xFFFF,
  0xFFFF, 0xFFFF, 0xFFFF, 0xFFFF, 0xFFFF, 0xFFFF, 0xFFFF, 0xFFFF, 0xFFFF, 0x2946, 0x0000, 0x2945,
  0x7BAF, 0xAD14, 0xB535, 0xAD14, 0xA4D3, 0xA4D3, 0xA4D3, 0xA4D3, 0xA4D3, 0xA4D3, 0xA4D3, 0xA4D3,
  0xA4D3, 0xA4F4, 0xA4F4, 0xA4F3, 0xA4F4, 0x9CB3, 0x9CB2, 0xA4B3, 0xA4D3, 0xA4D3, 0xA4D3, 0xA4F3,
  0x9CB2, 0x9CB3, 0x9C92, 0x9CB2, 0x9CB3, 0x9CB3, 0xA4D3, 0x9CB3, 0xAD14, 0x9492, 0x18C3, 0x0000,
  0x29CA, 0x0000, 0x1083, 0x39E8, 0x31A7, 0x7BCF, 0xFFFF, 0xFFFF, 0x8D33, 0x436B, 0xFFFF, 0xB658,
  0xAE58, 0xF7DF, 0xDF7E, 0xE79E, 0xE79F, 0xE79F, 0xE77F, 0xE79F, 0xE79F, 0xE79F, 0xDF7E, 0xE79F,
  0xE79F, 0xE79F, 0xE79F, 0xE7BF, 0xDF7E, 0xE77E, 0xFFFF, 0xFFFF, 0xFFDF, 0xFFFF, 0xFFFF, 0xFFFF,
  0xFFFF, 0xFFFF, 0xFFFF, 0xFFFF, 0xFFFF, 0xFFFF, 0xFFFF, 0xFFFF, 0xFFFF, 0xEF3C, 0x4A07, 0x2188,
  0xA6DF, 0xE7FF, 0x8578, 0x1906, 0x3A70, 0x5395, 0x3AB1, 0x3AD1, 0x3AD1, 0x3AD1, 0x42D1, 0x42D1,
  0x3AB0, 0x4313, 0x10C6, 0x8C50, 0xFFFF, 0xFFFF, 0x6B2C, 0x42AD, 0x8D99, 0x8D37, 0x29AB, 0x29EE,
  0x3AD1, 0x328F, 0x3290, 0x3AB1, 0x21CC, 0x0022, 0x83EF, 0xFFFF, 0xEFFF, 0xD77E, 0xE79F, 0xE79F,
  0xDF7F, 0xDF7E, 0xDF7E, 0xF7DF, 0xFFFF, 0xEFBE, 0xEFBF, 0xFFFF, 0xDF3C, 0x33EA, 0x3C0A, 0x0263,
  0xC6B9, 0xD73C, 0x3C0B, 0x4CAC, 0x54CE, 0x2348, 0xFFFF, 0xE73C, 0x2368, 0x3C4B, 0x2389, 0xD71B,
  0xFFFF, 0xFFFF, 0xFFFF, 0xC6DB, 0x5D75, 0x8E9A, 0x8659, 0x8E59, 0x8E59, 0x8E59, 0x8E59, 0x8E59,
  0x8E59, 0x8E59, 0x8E59, 0x8E59, 0x8E59, 0x8638, 0x8E59, 0x96DA, 0x6D74, 0x7615, 0x4B8E, 0x0000,
  0x83F0, 0xFFFF, 0xFFFF, 0xFFFF, 0xFFFF, 0xFFFF, 0xFFFF, 0xFFFF, 0xFFFF, 0xFFFF, 0xFFFF, 0xFFFF,
  0xFFFF, 0xFFFF, 0xFFFF, 0xFFFF, 0xFFFF, 0xFFFF, 0xFFFF, 0xFFFF, 0xCE59, 0x0000, 0x632C, 0xFFBE,
  0xFFFF, 0xFFFF, 0xFFFF, 0xFFFF, 0xFFFF, 0xFFFF, 0xFFFF, 0xFFFF, 0xFFFF, 0xFFFF, 0xFFFF, 0xFFFF,
  0xFFFF, 0xFFFF, 0xFFFF, 0xFFFF, 0xFFFF, 0xFFFF, 0xFFFF, 0xFFFF, 0xFFFF, 0xFFFF, 0xFFFF, 0xFFFF,
  0xFFFF, 0xFFFF, 0xFFFF, 0xFFFF, 0xFFFF, 0xFFFF, 0xFFFF, 0xFFFF, 0xFFFF, 0xFFFF, 0xFFFF, 0x528A,
  0x52EE, 0x9D77, 0x0843, 0xC639, 0xAD56, 0x4229, 0x2104, 0xE6FC, 0x8553, 0x53CD, 0xFFFF, 0xEFDF,
  0xF7FF, 0xDF7F, 0xE79F, 0xE79E, 0xE79F, 0xE79F, 0xE79F, 0xE79F, 0xE79F, 0xE79F, 0xDF9E, 0xE79F,
  0xE79F, 0xE79F, 0xE79F, 0xE79F, 0xE79F, 0xE77E, 0xEFBE, 0xE77E, 0xDF7E, 0xE79E, 0xE79E, 0xE79E,
  0xF7BE, 0xFFFF, 0xFFFF, 0xFFFF, 0xFFFF, 0xFFFF, 0xFFFF, 0xFFFF, 0xA4F3, 0x2105, 0x53D1, 0xD7FF,
  0x74F6, 0x29EA, 0xC7DF, 0xBF1C, 0x10E5, 0x10E8, 0x4312, 0x326E, 0x324E, 0x324E, 0x324E, 0x324E,
  0x324E, 0x324E, 0x324E, 0x0885, 0x8C50, 0xFFFF, 0x736D, 0x3A8D, 0x8D99, 0x8538, 0x29AA, 0x21AC,
  0x326F, 0x324E, 0x324E, 0x324E, 0x3AD1, 0x3290, 0x0085, 0x4A48, 0xEF7D, 0xFFFF, 0xDF9E, 0xE79E,
  0xE79E, 0xE79E, 0xE77E, 0xE77E, 0xE79E, 0xE77E, 0xDF7E, 0xFFFF, 0xB657, 0x1326, 0x2BA9, 0x8532,
  0xFFFF, 0xD71B, 0x3C2B, 0x3C6B, 0xA677, 0x2B29, 0x6D12, 0xC79F, 0x5D32, 0x33EA, 0x2C09, 0x85B4,
  0xCF3D, 0xC6FC, 0xEFBE, 0x9E59, 0x7617, 0x8E59, 0x8639, 0x8659, 0x8E59, 0x8E59, 0x8E59, 0x8659,
  0x8E59, 0x8E59, 0x8E59, 0x8E59, 0x8638, 0x969A, 0xA73C, 0x54F1, 0x2B8B, 0x342B, 0x4C4E, 0x0001,
  0x2105, 0xFFFF, 0xFFFF, 0xFFFF, 0xFFFF, 0xFFFF, 0xFFFF, 0xFFFF, 0xFFFF, 0xFFFF, 0xFFFF, 0xFFFF,
  0xFFFF, 0xFFFF, 0xFFFF, 0xFFFF, 0xFFFF, 0xFFFF, 0xFFFF, 0xFFFF, 0x5AAB, 0x2104, 0xFFFF, 0xFFFF,
  0xFFFF, 0xEF9E, 0xEF9E, 0xF79E, 0xF79E, 0xF79E, 0xF79E, 0xF79E, 0xF79E, 0xF79E, 0xF7BE, 0xF79E,
  0xF7BE, 0xF7BE, 0xF7BF, 0xF7BF, 0xF7BF, 0xF7BF, 0xF7BF, 0xF7BE, 0xF7BE, 0xFFFF, 0xEF9E, 0xDF1C,
  0xE73D, 0xDF3D, 0xDF3D, 0xDF3D, 0xDF3D, 0xE73D, 0xE73D, 0xDF3D, 0xE75D, 0xF7FF, 0xF7DF, 0xFFFF,
  0x18C4, 0xB63C, 0x42AD, 0x526A, 0xFFFF, 0xFFFF, 0x8C51, 0x2925, 0x4BEE, 0x8DB4, 0xFFFF, 0xD75E,
  0xE79F, 0xE79F, 0xE79F, 0xE79F, 0xE79F, 0xE79E, 0xE79F, 0xE79F, 0xE79E, 0xE79E, 0xE79F, 0xE79F,
  0xE79F, 0xE79E, 0xE79E, 0xE79F, 0xE79F, 0xE79E, 0xDF7E, 0xDF7E, 0xE79F, 0xDF7E, 0xDF7E, 0xDF7E,
  0xD77E, 0xDF7E, 0xFFFF, 0xFFFF, 0xFFFF, 0xFFFF, 0xFFFF, 0x5AAA, 0x1926, 0xA69B, 0xDFFF, 0x538F,
  0x0000, 0x0821, 0x2988, 0xA67A, 0xD7FF, 0x29E9, 0x10A6, 0x42D1, 0x3A8F, 0x324E, 0x326E, 0x324E,
  0x326E, 0x324E, 0x3A8F, 0x3270, 0x0024, 0xA513, 0x9471, 0x5350, 0x9E1C, 0x9DDB, 0x31EB, 0x21AB,
  0x3A8F, 0x326E, 0x326F, 0x326F, 0x326F, 0x3A8F, 0x4312, 0x00C7, 0x20E4, 0xCE37, 0xFFFF, 0xE7BF,
  0xE79E, 0xE79E, 0xE79E, 0xE79E, 0xE79E, 0xE79E, 0xE79E, 0xFFFF, 0xAE16, 0x01E1, 0x95D4, 0xFFFF,
  0xFFFF, 0xA5D5, 0x23A9, 0x344B, 0xA677, 0x540D, 0x2BAC, 0x96DD, 0x8EBB, 0x446D, 0x340A, 0x6D94,
  0x8E7A, 0x75B7, 0x8618, 0x8E59, 0x8E79, 0x8E39, 0x8639, 0x8659, 0x8E59, 0x8659, 0x8659, 0x8659,
  0x8659, 0x8E59, 0x8E59, 0x8E38, 0x969A, 0x9EFB, 0x5D32, 0x33CB, 0x4C8E, 0x446D, 0x5D51, 0x1968,
  0x0000, 0xCE79, 0xFFFF, 0xFFFF, 0xFFFF, 0xFFFF, 0xFFFF, 0xFFFF, 0xFFFF, 0xFFFF, 0xFFFF, 0xFFFF,
  0xFFFF, 0xFFFF, 0xFFFF, 0xFFFF, 0xFFFF, 0xFFFF, 0xFFFF, 0xFFFF, 0x1083, 0xA535, 0xFFFF, 0xCE79,
  0xAD76, 0xF7BE, 0xF7BF, 0xF7BE, 0xF7BF, 0xF7BF, 0xF7BE, 0xF7BF, 0xF7BF, 0xF7BF, 0xF7BF, 0xF7BE,
  0xF7BF, 0xF7BF, 0xF7BF, 0xF7BF, 0xF7DF, 0xF7BF, 0xF7BF, 0xF7BE, 0xFFFF, 0xEF9E, 0xDF1C, 0xE75D,
  0xE75D, 0xE75D, 0xE75D, 0xE75D, 0xE75D, 0xE75D, 0xE75D, 0xE75D, 0xDF3D, 0xB5B6, 0xCEBB, 0xFFFF,
  0x6B6E, 0x3A2C, 0xA5DB, 0x10C4, 0xEF9E, 0xEFBE, 0xFFFF, 0x6B0D, 0x0000, 0x85F7, 0xDFBE, 0xEFDF,
  0xDF7F, 0xE79F, 0xE77F, 0xE79F, 0xE79F, 0xE79E, 0xE79E, 0xE77F, 0xDF9E, 0xDF9E, 0xE79F, 0xE79F,
  0xE79F, 0xE79F, 0xE79E, 0xDF9E, 0xDF9E, 0xDF9E, 0xDF9F, 0xE79E, 0xE79F, 0xE79E, 0xE77E, 0xE79E,
  0xE79F, 0xDF7E, 0xD75E, 0xFFFF, 0xFFFF, 0xCE17, 0x2925, 0x3AAC, 0xD7FF, 0xB71D, 0x1926, 0x0000,
  0x4249, 0xDFBF, 0xADD7, 0x10C4, 0x6C74, 0xE7FF, 0x532D, 0x0003, 0x3A6F, 0x3AB0, 0x322E, 0x324E,
  0x324E, 0x326E, 0x324E, 0x3A8F, 0x42D1, 0x2169, 0x18A3, 0x6391, 0x84B6, 0x7C94, 0x2148, 0x29CC,
  0x3A90, 0x326E, 0x326F, 0x326F, 0x326F, 0x326F, 0x324E, 0x42F2, 0x21AC, 0x0022, 0x9450, 0xFFFF,
  0xF7FF, 0xE77E, 0xE79E, 0xE79E, 0xE79E, 0xE79E, 0xE79E, 0xFFFF, 0x8D32, 0x3B08, 0xFFFF, 0xEFDF,
  0xFFFF, 0xE77C, 0x3C0B, 0x23A8, 0x8615, 0x64D1, 0x22E9, 0x96FC, 0x96DD, 0x75D5, 0x2388, 0x8657,
  0x96BB, 0x8E59, 0x8639, 0x8E59, 0x8E59, 0x8E59, 0x8E59, 0x8E59, 0x8659, 0x8659, 0x8659, 0x8659,
  0x8659, 0x8E59, 0x8E59, 0x8E7A, 0x9EDB, 0x448F, 0x2BEB, 0x4CAF, 0x448F, 0x444D, 0x5530, 0x3B2C,
  0x0000, 0x83F0, 0xFFFF, 0xFFFF, 0xFFFF, 0xFFFF, 0xFFFF, 0xFFFF, 0xFFFF, 0xFFFF, 0xFFFF, 0xFFFF,
  0xFFFF, 0xFFFF, 0xFFFF, 0xFFFF, 0xFFFF, 0xFFFF, 0xFFFF, 0xCE59, 0x0000, 0xCE7A, 0xFFFF, 0x4A4A,
  0x0000, 0xEF7D, 0xFFFF, 0xF7BE, 0xF7BE, 0xF7BF, 0xF7BF, 0xF7BF, 0xF7BE, 0xF7BF, 0xF7BF, 0xF7BF,
  0xF7BF, 0xF7BF, 0xF7BF, 0xF7BF, 0xF7BE, 0xF7BE, 0xF7BF, 0xFFDF, 0xF7DF, 0xDF1C, 0xE73D, 0xE75D,
  0xE75D, 0xE75D, 0xE75D, 0xE75D, 0xE75D, 0xE75D, 0xE73D, 0xFFFF, 0xA535, 0x0000, 0x94B3, 0xFFFF,
  0x8C51, 0x2988, 0xB61C, 0x1926, 0xA557, 0xBE7B, 0xCEFB, 0xDEFC, 0x0821, 0x5472, 0x8E59, 0xF7DF,
  0xFFFF, 0xFFFF, 0xFFFF, 0xE77F, 0xDF9F, 0xDF9F, 0xDF7E, 0xDF9E, 0xDF9F, 0xDF9F, 0xDF9F, 0xDF9F,
  0xE79F, 0xDF9F, 0xDF9E, 0xDF9E, 0xDF9E, 0xDF9E, 0xDF9E, 0xDF9E, 0xDF7F, 0xDF7E, 0xE79E, 0xE79E,
  0xE77E, 0xDF5E, 0xEFFF, 0xFFFF, 0x7B8D, 0x10C4, 0x7D76, 0xE7FF, 0x7CB3, 0x0000, 0x0000, 0x8C71,
  0xEFFF, 0xBEFC, 0xCF7E, 0xCEFB, 0x3167, 0x42CD, 0xDFFF, 0x74D4, 0x0002, 0x29CB, 0x42F1, 0x322E,
  0x326E, 0x326E, 0x326E, 0x326F, 0x328F, 0x3AB1, 0x218B, 0x2128, 0x1928, 0x1907, 0x2169, 0x3A8F,
  0x326F, 0x326F, 0x326F, 0x326F, 0x326F, 0x326E, 0x326E, 0x324E, 0x3AD1, 0x324E, 0x0043, 0x5AAA,
  0xF7BE, 0xFFFF, 0xDF7E, 0xE79E, 0xE79F, 0xE79E, 0xE79E, 0xEFDF, 0xCEFB, 0xC699, 0xFFFF, 0xFFFF,
  0xFFFF, 0xCF5C, 0x3C0C, 0x2B89, 0x96FA, 0x6D54, 0x1287, 0x8E99, 0x8E9B, 0x96DA, 0x54CF, 0x8637,
  0x8E7A, 0x8E59, 0x8E59, 0x8E59, 0x8E59, 0x8E59, 0x8E59, 0x8E59, 0x8639, 0x8659, 0x8659, 0x8E59,
  0x8639, 0x8E59, 0x8E59, 0x9EDB, 0x6553, 0x2BEB, 0x4CCF, 0x448E, 0x448E, 0x446E, 0x44AE, 0x546F,
  0x0001, 0x3168, 0xFFFF, 0xFFFF, 0xFFFF, 0xFFFF, 0xFFFF, 0xFFFF, 0xFFFF, 0xFFFF, 0xFFFF, 0xFFFF,
  0xFFFF, 0xFFFF, 0xFFFF, 0xFFFF, 0xFFFF, 0xFFFF, 0xFFFF, 0x7BCF, 0x0000, 0xCE5A, 0xFFFF, 0xD6BB,
  0xBDD7, 0xFFDF, 0xF7DF, 0xF7BE, 0xF7BF, 0xF7BF, 0xF7BE, 0xF7BF, 0xF7BF, 0xF7BF, 0xF7BF, 0xF7BF,
  0xF7BF, 0xF7BF, 0xF7BF, 0xF7BF, 0xF7BF, 0xF7BE, 0xFFDF, 0xFFDF, 0xE73D, 0xE73D, 0xE75D, 0xE75D,
  0xE75D, 0xE75D, 0xE75D, 0xE75D, 0xE75D, 0xE75D, 0xE75D, 0xEF7E, 0xDEFB, 0xAD55, 0xE73D, 0xFFFF,
  0x9471, 0x29A8, 0xADFB, 0x2988, 0x7C75, 0x7CB5, 0x7474, 0xADDA, 0x2967, 0x5C71, 0x8EBA, 0xAEBA,
  0xBEFB, 0xA679, 0xCF1C, 0xEFDF, 0xDF7F, 0xDF7F, 0xDF9F, 0xDF7F, 0xDF9F, 0xE79F, 0xE79F, 0xDF9E,
  0xDF9E, 0xDF9E, 0xDF9E, 0xDF9E, 0xDF9E, 0xDF9E, 0xDF9E, 0xDF9E, 0xDF9E, 0xDF9F, 0xE79F, 0xE79E,
  0xDF9F, 0xFFFF, 0xDEFB, 0x39A6, 0x1987, 0xB77F, 0xC7BF, 0x3A2A, 0x0000, 0x20C3, 0xC638, 0xEFFF,
  0xBEBC, 0xAE5B, 0xA63A, 0xC75E, 0xEFFF, 0x528A, 0x1988, 0xC7DF, 0x9E59, 0x0883, 0x1907, 0x42F1,
  0x326E, 0x324F, 0x326F, 0x326F, 0x326E, 0x324F, 0x42D1, 0x3AB0, 0x3AAF, 0x3AB0, 0x42D0, 0x326E,
  0x326E, 0x326F, 0x326F, 0x326F, 0x326F, 0x326F, 0x326E, 0x326E, 0x324E, 0x3A8F, 0x4312, 0x08C7,
  0x2945, 0xD678, 0xFFFF, 0xDF9F, 0xDF7E, 0xE79E, 0xE79E, 0xE79E, 0xEFFF, 0xFFFF, 0xFFFF, 0xE75D,
  0x9617, 0x7E79, 0x5D32, 0x12E7, 0x971B, 0x7DF7, 0x0A46, 0x75D6, 0x96DB, 0x8679, 0x8E99, 0x8E79,
  0x8E59, 0x8E59, 0x8E59, 0x8E59, 0x8E59, 0x8E59, 0x8E59, 0x8E59, 0x8E59, 0x8E59, 0x8659, 0x8618,
  0x8E7A, 0x96BA, 0x8E79, 0xAF3D, 0x54F0, 0x3C4D, 0x4C8F, 0x4C8F, 0x446E, 0x4C6E, 0x444D, 0x5D30,
  0x1167, 0x0001, 0xE71C, 0xFFFF, 0xFFFF, 0xFFFF, 0xFFFF, 0xFFFF, 0xFFFF, 0xFFFF, 0xFFFF, 0xFFFF,
  0xFFFF, 0xFFFF, 0xFFFF, 0xFFFF, 0xFFFF, 0xFFFF, 0xFFFF, 0x3188, 0x0000, 0xC659, 0xFFFF, 0xFFFF,
  0xFFFF, 0xF7DF, 0xF7BF, 0xF7BF, 0xF7BE, 0xF7BE, 0xF7BE, 0xF7BF, 0xF7BF, 0xF7BF, 0xF7BF, 0xF7BF,
  0xF7BF, 0xF7BF, 0xF7BF, 0xF7BF, 0xF7BF, 0xF7BF, 0xFFFF, 0xE73D, 0xE73D, 0xE75E, 0xE75D, 0xE75D,
  0xE75D, 0xE75D, 0xE75D, 0xE75D, 0xE75D, 0xE75D, 0xE75D, 0xE73D, 0xEF9E, 0xFFFF, 0xEF7E, 0xFFFF,
  0x8C50, 0x29A8, 0xA5BA, 0x2147, 0x9558, 0x9DBA, 0x9578, 0xAE1C, 0x2967, 0x6471, 0xA75C, 0x7DF7,
  0x75F7, 0x7E18, 0x6D76, 0xAE9A, 0xFFFF, 0xE79F, 0xE7BF, 0xFFFF, 0xFFFF, 0xE79F, 0xDF7E, 0xDF7E,
  0xDF7E, 0xDF7E, 0xDF9E, 0xDF7E, 0xDF9E, 0xDF9E, 0xDF9E, 0xDF9E, 0xE79E, 0xE79F, 0xDF7E, 0xEFDF,
  0xFFFF, 0xAD13, 0x0883, 0x53B1, 0xE7FF, 0x8D97, 0x0001, 0x0000, 0x52CB, 0xE77E, 0xDFDF, 0xA63A,
  0xAE1A, 0xBE9A, 0xBE7A, 0xA5F9, 0xB6DC, 0xF7FF, 0x7BAE, 0x0063, 0x9EBC, 0xBF9F, 0x2146, 0x0885,
  0x42F1, 0x3A90, 0x324F, 0x326F, 0x326E, 0x326E, 0x324E, 0x324E, 0x326E, 0x324E, 0x326E, 0x326E,
  0x326E, 0x326E, 0x326F, 0x326F, 0x326F, 0x326F, 0x326F, 0x326E, 0x326E, 0x3A6E, 0x324E, 0x4B33,
  0x21AC, 0x0042, 0xA4D2, 0xFFFF, 0xE7BF, 0xDF7E, 0xE79E, 0xDF7E, 0xF7DF, 0xFFFF, 0xBEBA, 0x75B6,
  0x75F7, 0x8E7A, 0x8679, 0x446E, 0x8EBA, 0x7E38, 0x0A46, 0x6513, 0x9EFC, 0x8639, 0x8E7A, 0x8E59,
  0x8E59, 0x8E59, 0x8E59, 0x8E59, 0x8E59, 0x8E59, 0x8E59, 0x8E59, 0x8E59, 0x8639, 0x8639, 0x8E7A,
  0x8678, 0x446F, 0x3BED, 0x75D4, 0x5D11, 0x3C4D, 0x4CAE, 0x4C8F, 0x448F, 0x446E, 0x444D, 0x5D51,
  0x3B4D, 0x0000, 0x9CD3, 0xFFFF, 0xFFFF, 0xFFFF, 0xFFFF, 0xFFFF, 0xFFFF, 0xFFFF, 0xFFFF, 0xFFFF,
  0xFFFF, 0xFFFF, 0xFFFF, 0xFFFF, 0xFFFF, 0xFFFF, 0xE73C, 0x0003, 0x0001, 0xC638, 0xFFFF, 0xF7BF,
  0xF7BF, 0xF7DE, 0xF7BF, 0xF7BF, 0xF7BE, 0xF7BF, 0xF7BF, 0xF7BF, 0xF7BF, 0xF7BF, 0xF7BF, 0xF7BF,
  0xF7BF, 0xF7BF, 0xF7BF, 0xF7BF, 0xF7BF, 0xFFFF, 0xEF7E, 0xDF3D, 0xE75E, 0xE75D, 0xE75D, 0xE75D,
  0xE75D, 0xE75D, 0xE75D, 0xE75D, 0xE75D, 0xE75D, 0xE75D, 0xE75D, 0xE75D, 0xE75D, 0xE73D, 0xFFFF,
  0x8C30, 0x29A9, 0xA5BA, 0x1906, 0x8494, 0x8CF6, 0x84B5, 0xA5B9, 0x2987, 0x6CD3, 0x9F3C, 0x8E38,
  0x8E59, 0x8E79, 0x8679, 0x75D7, 0xA659, 0xFFFF, 0xEFBF, 0xA679, 0xB6BA, 0xEFDF, 0xEFBF, 0xEFDF,
  0xEFBF, 0xE79F, 0xDF7E, 0xDF7E, 0xDF9F, 0xDF9E, 0xDF9E, 0xE79E, 0xE79F, 0xDF7E, 0xFFFF, 0xFFFF,
  0x62CB, 0x1106, 0xA6BC, 0xCFFF, 0x530D, 0x0000, 0x0000, 0x94D3, 0xEFFF, 0xBEFD, 0x95D8, 0xBE7A,
  0xE75D, 0xFFFF, 0xFFFF, 0xDF1C, 0xAE19, 0x9E3A, 0xE7FF, 0xAD75, 0x0884, 0x6475, 0xD7FF, 0x4B0C,
  0x0023, 0x3A90, 0x42D1, 0x324E, 0x326F, 0x326E, 0x326E, 0x326F, 0x326E, 0x326E, 0x326F, 0x326F,
  0x326E, 0x326E, 0x326F, 0x326F, 0x326F, 0x3A6F, 0x3A6F, 0x326E, 0x3A6F, 0x326F, 0x326F, 0x324E,
  0x3AD1, 0x2A2F, 0x0023, 0x7B8D, 0xFFFF, 0xF7FF, 0xEFFF, 0xFFFF, 0xF7FF, 0xA679, 0x7618, 0x8EBA,
  0x96DA, 0x8699, 0x8EDA, 0x971B, 0x8EDB, 0x8EDA, 0x1AC8, 0x4C70, 0x9EFC, 0x7DF9, 0x8639, 0x7E59,
  0x8EBB, 0x96BB, 0x96BB, 0x96BB, 0x96BB, 0x96BA, 0x96BA, 0x96BA, 0x96DB, 0x96DA, 0x96BB, 0x9F3D,
  0x4CCF, 0x33EB, 0x4CAD, 0x3C6C, 0x4CCF, 0x4CF0, 0x4CEF, 0x4CCE, 0x448E, 0x4C8F, 0x446E, 0x5510,
  0x5490, 0x0000, 0x62EC, 0xFFFF, 0xFFFF, 0xFFFF, 0xFFFF, 0xFFFF, 0xFFFF, 0xFFFF, 0xFFFF, 0xFFFF,
  0xFFFF, 0xFFFF, 0xFFFF, 0xFFFF, 0xFFFF, 0xFFFF, 0xAD55, 0x0000, 0x0003, 0xC617, 0xFFFF, 0xF7BF,
  0xF7BF, 0xF7BF, 0xF7BF, 0xF7BF, 0xF7BF, 0xF7BF, 0xF7BF, 0xF7BF, 0xF7BF, 0xF7DF, 0xF7DF, 0xF7DF,
  0xF7BF, 0xF7BF, 0xF7DF, 0xF7BF, 0xFFFF, 0xEF7E, 0xDF1D, 0xE75D, 0xE75D, 0xE75D, 0xE75D, 0xE75D,
  0xE75D, 0xE75D, 0xE75D, 0xE75D, 0xE75D, 0xE75D, 0xE75D, 0xE75D, 0xE75D, 0xE75D, 0xE73D, 0xFFFF,
  0x8430, 0x29A9, 0xADFB, 0x10A4, 0x10C4, 0x2147, 0x2147, 0x2147, 0x0843, 0x8575, 0x9F3C, 0x8638,
  0x8E59, 0x8659, 0x8659, 0x8679, 0x6DB6, 0xB6BA, 0xA679, 0x6DB6, 0x6575, 0xBEFB, 0xEFBF, 0xCF3D,
  0xCF5D, 0xE7BF, 0xF7FF, 0xEFBF, 0xDF7E, 0xDF9E, 0xDF9E, 0xDF7E, 0xE7BF, 0xFFFF, 0xD679, 0x2945,
  0x3A8C, 0xDFFF, 0xAEDB, 0x10E5, 0x0000, 0x3186, 0xBE9A, 0xDFFF, 0x95F9, 0x9DD8, 0xD6DB, 0xFFFF,
  0xFFFF, 0xFFFF, 0xFFFF, 0xFFFF, 0xF79E, 0xB63A, 0x95B9, 0xDFDF, 0xCEBA, 0x20E4, 0x3AEE, 0xE7FF,
  0x7492, 0x0003, 0x320D, 0x42F1, 0x324E, 0x326E, 0x326E, 0x326E, 0x326E, 0x326E, 0x326F, 0x326F,
  0x326F, 0x326F, 0x326F, 0x326F, 0x326F, 0x326F, 0x326F, 0x3A6F, 0x3A6F, 0x326E, 0x324F, 0x326F,
  0x326E, 0x2A0D, 0x322F, 0x0002, 0x4A28, 0xDEFB, 0xDF3D, 0xC69B, 0x85D7, 0x75B7, 0x8E39, 0x8E39,
  0x8E39, 0x8E59, 0x8E39, 0x8E39, 0x8639, 0x969A, 0x22C9, 0x330B, 0xB79F, 0x8E9B, 0x7E18, 0x9F1C,
  0x8619, 0x85F8, 0x8618, 0x8618, 0x85F8, 0x8DF8, 0x8DF8, 0x85F8, 0x8DF8, 0x85F8, 0x8618, 0x85D7,
  0x43ED, 0x3BCD, 0x43ED, 0x440D, 0x3BCD, 0x3BED, 0x440D, 0x5D31, 0x4CEF, 0x446E, 0x448E, 0x44AE,
  0x5D11, 0x0085, 0x20E6, 0xFFFF, 0xFFFF, 0xFFFF, 0xFFFF, 0xFFFF, 0xFFFF, 0xFFFF, 0xFFFF, 0xFFFF,
  0xFFFF, 0xFFFF, 0xFFFF, 0xFFFF, 0xFFFF, 0xFFFF, 0x738E, 0x0000, 0x0023, 0xC618, 0xFFFF, 0xF7BF,
  0xF7BF, 0xF7BF, 0xF7BF, 0xF7BF, 0xF7BF, 0xF7BF, 0xF7BF, 0xF7BF, 0xF7BF, 0xF7DF, 0xF7BF, 0xF7BF,
  0xF7BF, 0xF7BF, 0xF7BF, 0xFFDF, 0xF7BE, 0xDF1C, 0xE73D, 0xE75D, 0xE75D, 0xE75D, 0xE75D, 0xE75D,
  0xE75D, 0xE75D, 0xE75D, 0xE75D, 0xE75D, 0xE75D, 0xE75D, 0xE75D, 0xE75D, 0xE75D, 0xE73D, 0xFFFF,
  0x8410, 0x29A9, 0x9D79, 0x1906, 0x9517, 0x9D99, 0x9D79, 0xADFA, 0x2127, 0x74F3, 0x9F3C, 0x8658,
  0x8E59, 0x8659, 0x8659, 0x8659, 0x8E99, 0x7E18, 0x8638, 0x9699, 0x8E59, 0x8638, 0x85F8, 0x7DD7,
  0x7DD7, 0x8618, 0xAE9A, 0xE7BE, 0xF7FF, 0xDF5E, 0xD77E, 0xEFFF, 0xFFFF, 0x9451, 0x08A4, 0x8535,
  0xEFFF, 0x6C31, 0x0000, 0x0000, 0x73CF, 0xDFDF, 0xC75E, 0x8D78, 0xAE39, 0xEF7D, 0xFFFF, 0xFFFF,
  0xFFFF, 0xFFFF, 0xFFFF, 0xFFFF, 0xFFFF, 0xFFFF, 0xCE9B, 0x9598, 0xC73E, 0xEFDF, 0x4A49, 0x21C9,
  0xCFFF, 0xA69A, 0x0884, 0x2129, 0x42F1, 0x324E, 0x326E, 0x326F, 0x326E, 0x326E, 0x326F, 0x326F,
  0x326F, 0x326F, 0x326F, 0x326F, 0x326F, 0x326F, 0x3A6F, 0x3A6F, 0x326E, 0x326E, 0x324E, 0x42D0,
  0x10E6, 0x20E4, 0x3986, 0x3188, 0x0822, 0x3165, 0x3986, 0x18E4, 0x2125, 0x3165, 0x2965, 0x2945,
  0x2966, 0x2966, 0x2145, 0x2145, 0x2104, 0x2125, 0x2125, 0x2125, 0x3208, 0x7DB7, 0xBFFF, 0x538F,
  0x0862, 0x3145, 0x2945, 0x3186, 0x3186, 0x3186, 0x31A6, 0x3186, 0x3166, 0x2945, 0x3165, 0x3145,
  0x3165, 0x2925, 0x2946, 0x39A7, 0x41C8, 0x2945, 0x39C9, 0x1906, 0x4C2F, 0x4D10, 0x446E, 0x446E,
  0x5D51, 0x2229, 0x0001, 0xDEBA, 0xFFFF, 0xFFFF, 0xFFFF, 0xFFFF, 0xFFFF, 0xFFFF, 0xFFFF, 0xFFFF,
  0xFFFF, 0xFFFF, 0xFFFF, 0xFFFF, 0xFFFF, 0xFFFF, 0x4208, 0x0003, 0x0023, 0xBE18, 0xFFFF, 0xF7BE,
  0xF7BF, 0xF7BF, 0xF7BF, 0xF7BF, 0xF7BF, 0xF7DF, 0xF7DF, 0xF7DF, 0xF7DF, 0xF7BF, 0xF7BF, 0xF7BF,
  0xF7BF, 0xF7BF, 0xFFDF, 0xFFDF, 0xDF3C, 0xE73D, 0xE75D, 0xE75D, 0xE75D, 0xE75D, 0xE75D, 0xE75D,
  0xE75D, 0xE75D, 0xE75D, 0xE75D, 0xE75D, 0xE75D, 0xE75D, 0xE75D, 0xE75D, 0xE75D, 0xDF3D, 0xFFFF,
  0x8430, 0x29C9, 0xA5FB, 0x10C5, 0x2988, 0x31C8, 0x31C8, 0x31A8, 0x0843, 0x8576, 0x9F3C, 0x8638,
  0x8659, 0x8659, 0x8659, 0x8659, 0x8659, 0x8E59, 0x8E59, 0x8E59, 0x8E59, 0x8639, 0x7E38, 0x8659,
  0x8659, 0x8638, 0x75D7, 0x7596, 0xCF5D, 0xF7FF, 0xFFFF, 0xEF5D, 0x41E7, 0x2187, 0xC77F, 0xCF9F,
  0x29C9, 0x0000, 0x18C3, 0xB5D7, 0xEFFF, 0xAE9C, 0x9597, 0xC6BB, 0xFFFF, 0xFFFF, 0xFFFF, 0xFFFF,
  0xFFFF, 0xFFFF, 0xFFFF, 0xFFFF, 0xFFFF, 0xFFFF, 0xFFFF, 0xDF3D, 0xA5D9, 0xBEBC, 0xFFFF, 0x736E,
  0x08A5, 0xA6BC, 0xC7BF, 0x1967, 0x1085, 0x42D1, 0x328F, 0x324E, 0x326F, 0x326E, 0x326F, 0x326F,
  0x326F, 0x326F, 0x326F, 0x326F, 0x326F, 0x326F, 0x326F, 0x326F, 0x326F, 0x324E, 0x42F1, 0x08A6,
  0x4A07, 0xF79D, 0xBEBB, 0xD6FC, 0xEFBF, 0xC67A, 0xBE3A, 0xD6DB, 0xC67A, 0xBE3A, 0xC67A, 0xCE9B,
  0xC65A, 0xC65A, 0xCE7A, 0xD69A, 0xDEDB, 0xCE9A, 0xD6DC, 0xF79E, 0x0000, 0x7515, 0x9619, 0x1042,
  0xDEBA, 0xCEDB, 0xD6DB, 0xD6DB, 0xD6DC, 0xE75D, 0xD6DB, 0xD6FC, 0xCEBB, 0xE73C, 0xD6BB, 0xCEDC,
  0xC69C, 0xDF5E, 0xEFBF, 0xCE5A, 0xAD76, 0xF77E, 0xBDB8, 0x0000, 0x438D, 0x5571, 0x446E, 0x446E,
  0x5D50, 0x3B2D, 0x0000, 0xA4F4, 0xFFFF, 0xFFFF, 0xFFFF, 0xFFFF, 0xFFFF, 0xFFFF, 0xFFFF, 0xFFFF,
  0xFFFF, 0xFFFF, 0xFFFF, 0xFFFF, 0xFFFF, 0xF77D, 0x1084, 0x0005, 0x0022, 0xBE18, 0xFFFF, 0xF7BE,
  0xF7BF, 0xF7BF, 0xF7BF, 0xF7BF, 0xF7BF, 0xF7BF, 0xF7DF, 0xF7DF, 0xF7BF, 0xF7BF, 0xF7BF, 0xF7BF,
  0xF7BF, 0xF7BF, 0xFFFF, 0xE75D, 0xE73D, 0xE75D, 0xE73D, 0xE75D, 0xE75D, 0xE75D, 0xE75D, 0xE75D,
  0xE75D, 0xE75D, 0xE75D, 0xE75D, 0xE75D, 0xE75D, 0xE75D, 0xE75D, 0xE75D, 0xE75D, 0xDF1C, 0xFFFF,
  0x8410, 0x31E9, 0xADDB, 0x10A5, 0x8474, 0x9D78, 0x9D37, 0x9D37, 0x1905, 0x7514, 0xA73C, 0x8639,
  0x8659, 0x8659, 0x8659, 0x8E59, 0x8E59, 0x8E59, 0x8E59, 0x8E59, 0x8639, 0x8E59, 0x8659, 0x8E59,
  0x8E59, 0x8E39, 0x8E7A, 0x75D7, 0x6D96, 0xFFFF, 0xBDB6, 0x18A4, 0x4B2F, 0xE7FF, 0x9576, 0x0001,
  0x0000, 0x62EC, 0xDF7D, 0xDFFF, 0x9DFA, 0xAE39, 0xE75D, 0xFFFF, 0xFFFF, 0xFFFF, 0xFFFF, 0xFFFF,
  0xFFFF, 0xFFFF, 0xFFFF, 0xFFFF, 0xFFFF, 0xFFFF, 0xFFFF, 0xFFFF, 0xF79E, 0xB63A, 0xAE3A, 0xF7FF,
  0xAD55, 0x1083, 0x74F5, 0xD7FF, 0x428B, 0x0022, 0x3A6F, 0x3AD0, 0x324E, 0x326F, 0x326F, 0x326F,
  0x326F, 0x326F, 0x326F, 0x326F, 0x326F, 0x326F, 0x326F, 0x3A6F, 0x326F, 0x3AB0, 0x29ED, 0x1062,
  0xDEFB, 0x861C, 0x44B9, 0x861B, 0xA6FE, 0x6D9B, 0x7DFC, 0x9EBD, 0x6DDC, 0x657B, 0x8E7C, 0x761C,
  0x75FC, 0x75DC, 0xB75F, 0xB71F, 0x8E3E, 0x222E, 0xB5F9, 0x8C30, 0x10C4, 0xC7BF, 0x0021, 0xC5B6,
  0xBF3F, 0x553A, 0x7E1C, 0x6D5A, 0xA6BC, 0x965C, 0x75DC, 0x6D7C, 0x8E3C, 0xA6DE, 0x75DC, 0x659C,
  0x8E7E, 0xB75F, 0x4B73, 0x194C, 0x1949, 0xE75C, 0x2104, 0x1126, 0x65B3, 0x448D, 0x4C8E, 0x446E,
  0x5510, 0x43EE, 0x0000, 0x6B4E, 0xFFFF, 0xFFFF, 0xFFFF, 0xFFFF, 0xFFFF, 0xFFFF, 0xFFFF, 0xFFFF,
  0xFFFF, 0xFFFF, 0xFFFF, 0xFFFF, 0xFFFF, 0xC617, 0x0001, 0x10E8, 0x10C4, 0xBDF7, 0xFFFF, 0xF7BE,
  0xF7BF, 0xF7BF, 0xF7BF, 0xF7BF, 0xF7BF, 0xF7DF, 0xF7BF, 0xF7DF, 0xF7BF, 0xF7BF, 0xF7BF, 0xF7BF,
  0xF7BF, 0xFFFF, 0xEF7D, 0xDF1C, 0xE75D, 0xE75D, 0xE75D, 0xE75D, 0xE75D, 0xE75D, 0xE75D, 0xE75D,
  0xE75D, 0xE75D, 0xE75D, 0xE75D, 0xE75D, 0xE75D, 0xE75D, 0xE75D, 0xE73D, 0xE73D, 0xDF3D, 0xFFFF,
  0x8410, 0x31EA, 0xB63C, 0x10A6, 0x18E5, 0x2106, 0x2126, 0x2126, 0x0842, 0x7D75, 0x9F1C, 0x8638,
  0x8E59, 0x8E59, 0x8E59, 0x8E59, 0x8E59, 0x8E59, 0x8E59, 0x8659, 0x8E59, 0x8E59, 0x8E59, 0x8E59,
  0x8E59, 0x8E59, 0x7DF8, 0x96FB, 0xB7BE, 0x42AB, 0x10C5, 0x9E5A, 0xD7FF, 0x4ACB, 0x0000, 0x0821,
  0x94D2, 0xF7FF, 0xBEFD, 0x9DD8, 0xC6BB, 0xFFDF, 0xFFFF, 0xFFFF, 0xFFFF, 0xFFFF, 0xFFFF, 0xFFFF,
  0xFFFF, 0xFFFF, 0xFFFF, 0xFFFF, 0xFFFF, 0xFFFF, 0xFFFF, 0xFFFF, 0xFFFF, 0xFFDF, 0xCE9B, 0x9DD9,
  0xDFBF, 0xCEBA, 0x2925, 0x5BB0, 0xD7FF, 0x6411, 0x0001, 0x322D, 0x42F1, 0x42B0, 0x42B0, 0x42D0,
  0x42B0, 0x3AD0, 0x42AF, 0x42B0, 0x3AD0, 0x42B0, 0x42D0, 0x42D1, 0x3AD0, 0x4B32, 0x0001, 0xA4D1,
  0xA6BD, 0x2C59, 0x5D5B, 0x8E7C, 0x657B, 0x555A, 0x8E5C, 0x75DC, 0x44DA, 0x761C, 0x865C, 0x44FA,
  0x4D1B, 0x969D, 0x965C, 0x3374, 0x012C, 0x322C, 0xD69A, 0x0000, 0xA63A, 0x536F, 0x5A89, 0xDFBF,
  0x2C58, 0x5D7D, 0x44DA, 0x7DFB, 0x965C, 0x551B, 0x657C, 0x6D7B, 0x9EBC, 0x655B, 0x657D, 0x75FD,
  0xAEBC, 0x222D, 0x092B, 0x0028, 0xAD99, 0x8C30, 0x0000, 0x5CB0, 0x550F, 0x446E, 0x4C8E, 0x4C6E,
  0x4CAE, 0x546F, 0x0001, 0x3187, 0xFFFF, 0xFFFF, 0xFFFF, 0xFFFF, 0xFFFF, 0xFFFF, 0xFFFF, 0xFFFF,
  0xFFFF, 0xFFFF, 0xFFFF, 0xFFFF, 0xFFFF, 0x9CD3, 0x0000, 0x2A2A, 0x21C6, 0xBD96, 0xFFFF, 0xF7BF,
  0xF7BF, 0xF7BF, 0xF7BF, 0xF7DF, 0xF7BF, 0xF7DF, 0xF7BF, 0xF7BF, 0xF7BF, 0xF7BF, 0xF7BF, 0xF7BE,
  0xFFFF, 0xEF9E, 0xDF1C, 0xE75D, 0xE75D, 0xE75D, 0xE75D, 0xE73D, 0xE75D, 0xE75D, 0xE75D, 0xE75D,
  0xE75D, 0xE75D, 0xE75D, 0xE75D, 0xE75D, 0xE75D, 0xE75D, 0xE75D, 0xE73D, 0xEF7E, 0xDF1C, 0xFFFF,
  0x8410, 0x31EA, 0xA59A, 0x1926, 0xA557, 0xA558, 0x9537, 0x9D59, 0x2106, 0x7D55, 0x9F3C, 0x8618,
  0x8E59, 0x8E59, 0x8E59, 0x8E59, 0x8E59, 0x8E59, 0x8E59, 0x8659, 0x8E59, 0x8E59, 0x8E59, 0x8E59,
  0x8E59, 0x8618, 0xAF9E, 0x9E7A, 0x2987, 0x3A4B, 0xD7FF, 0xAE9B, 0x10E5, 0x0001, 0x0001, 0x5B0D,
  0xF7FF, 0x8DB9, 0xA5B8, 0xE73C, 0xFFFF, 0xFFFF, 0xFFFF, 0xFFFF, 0xFFFF, 0xFFFF, 0xFFFF, 0xFFFF,
  0xFFFF, 0xFFFF, 0xFFFF, 0xFFFF, 0xFFFF, 0xFFFF, 0xFFFF, 0xFFFF, 0xFFFF, 0xFFFF, 0xFFFF, 0xD6FC,
  0x9577, 0xDFFF, 0xA535, 0x0000, 0x324C, 0xBFDF, 0x95F8, 0x10A4, 0x1927, 0x1929, 0x1929, 0x1929,
  0x1929, 0x1929, 0x1929, 0x1929, 0x1949, 0x1949, 0x196A, 0x1929, 0x21CC, 0x0064, 0x5A89, 0xFFFF,
  0x659A, 0x6D7B, 0xA69C, 0x969D, 0x657B, 0x9E7C, 0xA6BC, 0x657B, 0x85FB, 0xAEDC, 0x5D7B, 0x6E1E,
  0x96DE, 0xBEDC, 0x4393, 0x4395, 0x29CD, 0xE71C, 0x4207, 0x21A8, 0x8DD9, 0x1062, 0xFFFF, 0x75FC,
  0x5D7C, 0x7DFD, 0x7DBB, 0xAEFD, 0x759B, 0x7DFD, 0x757B, 0xB6FD, 0x965C, 0x6D9C, 0x7DFC, 0xCF9F,
  0x6C14, 0x3AB0, 0x3AB1, 0x6BD3, 0xE75C, 0x0000, 0x2A28, 0x6571, 0x442D, 0x4C6E, 0x4C6E, 0x446E,
  0x4CAE, 0x4C6E, 0x0064, 0x0823, 0xEF7D, 0xFFFF, 0xFFFF, 0xFFFF, 0xFFFF, 0xFFFF, 0xFFFF, 0xFFFF,
  0xFFFF, 0xFFFF, 0xFFFF, 0xFFFF, 0xFFFF, 0x738F, 0x0000, 0x438C, 0x2A27, 0xB577, 0xFFFF, 0xF7BF,
  0xF7BF, 0xF7BF, 0xF7BF, 0xF7DF, 0xF7BF, 0xF7BF, 0xF7BF, 0xF7BF, 0xF7BF, 0xF7DF, 0xF7BF, 0xFFDF,
  0xF7BF, 0xDF1D, 0xE73D, 0xE73D, 0xE75D, 0xE73D, 0xE75D, 0xE73D, 0xE73D, 0xE73D, 0xE75D, 0xE75D,
  0xE75D, 0xE75D, 0xE75D, 0xE75D, 0xE75D, 0xE75D, 0xE75D, 0xE73D, 0xEF5D, 0xEF7E, 0xC67B, 0xFFFF,
  0x8410, 0x29A9, 0xADDB, 0x10A4, 0x3A09, 0x4A8B, 0x424B, 0x3A0A, 0x0862, 0x7513, 0xA75C, 0x8E79,
  0x8E79, 0x8E7A, 0x8E59, 0x8E59, 0x8E59, 0x8E59, 0x8E59, 0x8E59, 0x8E59, 0x8E59, 0x8E59, 0x8E59,
  0x8E39, 0xA71C, 0x8576, 0x10A4, 0x7C93, 0xEFFF, 0x7472, 0x0001, 0x0003, 0x1908, 0x0002, 0x428C,
  0xBF1E, 0xAE19, 0xF79E, 0xFFFF, 0xFFFF, 0xFFFF, 0xFFFF, 0xFFFF, 0xFFFF, 0xFFFF, 0xFFFF, 0xFFFF,
  0xFFFF, 0xFFFF, 0xFFFF, 0xFFFF, 0xFFFF, 0xFFFF, 0xFFFF, 0xFFFF, 0xFFFF, 0xFFFF, 0xFFFF, 0xFFFF,
  0xE71C, 0xCF3E, 0x5B4D, 0x428C, 0x6BD1, 0x08A5, 0xC79F, 0x6391, 0x218B, 0x4B32, 0x42D1, 0x42D0,
  0x42D0, 0x42D0, 0x42D1, 0x42D1, 0x42F1, 0x4311, 0x4311, 0x5373, 0x322E, 0x0821, 0xEF5C, 0xAEDD,
  0x75DB, 0x9E9C, 0xAEBC, 0x75DB, 0x861C, 0xBF1D, 0x8E1B, 0x6D9B, 0xCF7E, 0xB71F, 0x867D, 0x7599,
  0x8517, 0x428E, 0x5BB4, 0x3A4F, 0xBDF9, 0xBDB5, 0x0000, 0xC6BC, 0x08C4, 0xB533, 0xC75E, 0x657A,
  0x8E5D, 0x7DDB, 0xAEFD, 0x967C, 0x85FC, 0x85FC, 0xA6BD, 0xB6DD, 0x7D7B, 0x8E5D, 0xB6BC, 0x7C74,
  0x42D0, 0x6C35, 0x3A8E, 0xFFFF, 0x4A08, 0x0000, 0x6531, 0x4CAE, 0x4C6E, 0x4C4E, 0x4C6E, 0x446E,
  0x54CF, 0x3BAB, 0x1126, 0x0001, 0xC638, 0xFFFF, 0xFFFF, 0xFFFF, 0xFFFF, 0xFFFF, 0xFFFF, 0xFFFF,
  0xFFFF, 0xFFFF, 0xFFFF, 0xFFFF, 0xFFFF, 0x4A6B, 0x0000, 0x544D, 0x2206, 0xBD97, 0xFFFF, 0xF7BF,
  0xF7BF, 0xF7BF, 0xF7BF, 0xF7BF, 0xF7BF, 0xF7BF, 0xF7BF, 0xF7BF, 0xF7DF, 0xF7BF, 0xFFDF, 0xFFDF,
  0xDF1D, 0xDF3D, 0xE73D, 0xE75D, 0xE75D, 0xE75D, 0xE75D, 0xE75D, 0xE75D, 0xE73D, 0xE73D, 0xE75D,
  0xE75D, 0xE75D, 0xE75D, 0xE75D, 0xE75D, 0xE75D, 0xE75D, 0xE75D, 0xEF5D, 0xD6DC, 0xC69B, 0xFFFF,
  0x83F0, 0x2988, 0x9D99, 0x18E5, 0x7C33, 0x8494, 0x7C33, 0x8CD6, 0x2946, 0x22A8, 0x3C6E, 0xA71C,
  0x969A, 0x9EBA, 0x9EBA, 0x8638, 0x8E59, 0x8E59, 0x8E59, 0x8E59, 0x8E59, 0x8E59, 0x8E59, 0x8E59,
  0x96DA, 0x9659, 0x18E5, 0xBF1E, 0xCF9F, 0x31E8, 0x0001, 0x10C7, 0x1928, 0x1908, 0x0003, 0x426A,
  0xEFDF, 0xFFFF, 0xFFFF, 0xFFFF, 0xFFFF, 0xFFFF, 0xFFFF, 0xFFFF, 0xFFFF, 0xFFFF, 0xFFFF, 0xFFFF,
  0xFFFF, 0xFFFF, 0xFFFF, 0xFFFF, 0xFFFF, 0xFFFF, 0xFFFF, 0xFFFF, 0xFFFF, 0xFFFF, 0xFFFF, 0xFFFF,
  0xFFFF, 0xFFFF, 0x5B0C, 0x29EA, 0xC77F, 0x63B1, 0x31C8, 0x2126, 0x29EC, 0x42D1, 0x3A6E, 0x326E,
  0x324D, 0x324D, 0x322D, 0x322C, 0x322C, 0x322D, 0x2A0D, 0x5373, 0x0043, 0xA4F2, 0xCF9F, 0x4499,
  0x655A, 0x8E5C, 0x5D3A, 0x4CD9, 0x861B, 0x7DFB, 0x3478, 0x7E1B, 0x8DFB, 0x3BB6, 0x11EE, 0x42F1,
  0x324F, 0x198C, 0x19AD, 0x218A, 0xEF3B, 0x0820, 0x3A8B, 0x534E, 0x5248, 0xF7FF, 0x44B9, 0x5D3B,
  0x4CD9, 0x657A, 0x75BB, 0x44B9, 0x551B, 0x4CB9, 0x8E5C, 0x5D1A, 0x655C, 0x5C77, 0x63F4, 0x114B,
  0x3A8F, 0x0047, 0x8432, 0xB595, 0x0000, 0x3B4C, 0x446D, 0x3BAB, 0x4C6E, 0x4C6E, 0x4C8F, 0x5CF0,
  0x442D, 0x2B29, 0x2209, 0x0000, 0xA534, 0xFFFF, 0xFFFF, 0xFFFF, 0xFFFF, 0xFFFF, 0xFFFF, 0xFFFF,
  0xFFFF, 0xFFFF, 0xFFFF, 0xFFFF, 0xFFFF, 0x3167, 0x0002, 0x5D0E, 0x21C5, 0xBD97, 0xFFFF, 0xF7BF,
  0xF7BF, 0xF7BF, 0xF7BF, 0xF7BF, 0xF7BF, 0xF7BF, 0xF7BF, 0xF7DF, 0xF7DF, 0xFFDF, 0xFFFF, 0xE75D,
  0xDF1D, 0xE75D, 0xE73D, 0xE73D, 0xE73D, 0xE73D, 0xE75D, 0xE73D, 0xE73D, 0xE75D, 0xE75D, 0xE75D,
  0xE75D, 0xE75D, 0xE75D, 0xE75D, 0xE75D, 0xE75D, 0xE75D, 0xE77E, 0xD6DC, 0xD6DC, 0xCEBB, 0xFFFF,
  0x83F0, 0x2188, 0x9579, 0x2147, 0xA578, 0xA5B9, 0x9D58, 0xAE1B, 0x31C8, 0x334A, 0x3C4D, 0x54B0,
  0x446E, 0x3C2D, 0x8E58, 0x96BB, 0x8639, 0x8E59, 0x8E59, 0x8E59, 0x8E59, 0x8E59, 0x8E39, 0x8E59,
  0x96BB, 0x9E7A, 0x31C8, 0x6BCF, 0x0000, 0x0000, 0x0002, 0x0002, 0x0002, 0x0002, 0x0000, 0x632D,
  0xFFFF, 0xFFFF, 0xFFDE, 0xFF9D, 0xFFFF, 0xFFFE, 0xFFDE, 0xFFFF, 0xFFFF, 0xFFFF, 0xFFFF, 0xFFFF,
  0xFFFF, 0xFFFF, 0xFFFF, 0xFFFF, 0xFFFF, 0xFFFF, 0xFFFF, 0xFFFF, 0xFFFF, 0xFFFF, 0xFFFF, 0xFFFF,
  0xFFFF, 0xFFFF, 0x83EF, 0x29EA, 0x95BA, 0xA61C, 0x84D6, 0x31E9, 0x3A09, 0x3A09, 0x31E9, 0x31E9,
  0x31E9, 0x31E9, 0x31E9, 0x31E9, 0x31E9, 0x31C8, 0x52EF, 0x0002, 0x62A9, 0xEFFF, 0x54D9, 0x653B,
  0x9E9C, 0x7DFB, 0x54FA, 0x75BB, 0x9EDD, 0x54F9, 0x6D7B, 0x8D79, 0x3290, 0x116D, 0x3A90, 0x63D4,
  0x198C, 0x3A90, 0x0067, 0xC639, 0x7BAE, 0x0000, 0x4B92, 0x0021, 0xDEDA, 0x759A, 0x5D3A, 0x655A,
  0x5D3A, 0x8E3C, 0x54B8, 0x4CDA, 0x4479, 0x9EDE, 0x8E5D, 0x4C79, 0x326F, 0x63B2, 0x3A6F, 0x29ED,
  0x21CD, 0x3A2C, 0xF79D, 0x1082, 0x0946, 0x5CCF, 0x338B, 0x3B8B, 0x3BAB, 0x54AF, 0x4C2D, 0x2B09,
  0x22C8, 0x338A, 0x32AA, 0x0001, 0x7C11, 0xFFFF, 0xFFFF, 0xFFFF, 0xFFFF, 0xFFFF, 0xFFFF, 0xFFFF,
  0xFFFF, 0xFFFF, 0xFFFF, 0xFFFF, 0xEF7D, 0x0824, 0x00A4, 0x65AF, 0x21C5, 0xBD97, 0xFFFF, 0xF7BF,
  0xF7BF, 0xF7BF, 0xF7BF, 0xF7BF, 0xF7BF, 0xF7BF, 0xF7BF, 0xFFDF, 0xFFDF, 0xFFFF, 0xEF7E, 0xDF1C,
  0xE73D, 0xE73D, 0xE73D, 0xE73D, 0xE73D, 0xE73D, 0xE75D, 0xE73D, 0xE75D, 0xE73D, 0xE73D, 0xE75D,
  0xE75D, 0xE75D, 0xE75D, 0xE75D, 0xE75D, 0xE75D, 0xEF7E, 0xD6FC, 0xCEDC, 0xD71C, 0xCEBB, 0xFFFF,
  0x83F0, 0x2188, 0x9D99, 0x2147, 0x8CD6, 0x9517, 0x84B5, 0x9D78, 0x3188, 0x3B6B, 0x4CEF, 0x340B,
  0x448D, 0x2BCA, 0x444E, 0x96BA, 0x8639, 0x8E59, 0x8E59, 0x8E59, 0x8E59, 0x8E59, 0x8E59, 0x8E59,
  0x8659, 0xA73D, 0x74F4, 0x3A4A, 0x534E, 0x5BB0, 0x5B90, 0x5B90, 0x5BB0, 0x6C73, 0x4AAB, 0x630C,
  0xFFFF, 0x9CF3, 0x2966, 0x424A, 0x39E8, 0x424A, 0x31A7, 0x7BEF, 0xFFFF, 0xFFFF, 0x8410, 0x39E8,
  0x4A49, 0x4A4A, 0x4208, 0x52AB, 0xF7BE, 0xFFFF, 0x8C51, 0x39C7, 0x4249, 0x4A49, 0x4A4A, 0x4209,
  0xA514, 0xFFFF, 0x83EF, 0x2A0A, 0xA61C, 0x7CB5, 0x9578, 0xAE3B, 0x9DDA, 0x9DDA, 0x9DBA, 0x9DBA,
  0x9DBA, 0x9599, 0x9599, 0x959A, 0x8D59, 0xAE7D, 0x8D18, 0x18A3, 0xF77C, 0xAEDD, 0x75BB, 0xAEBC,
  0xC73D, 0x7DDB, 0x8E1C, 0xD7BF, 0x9E3C, 0x6496, 0x84F8, 0x4B11, 0x42F1, 0x5332, 0xA5DA, 0x7414,
  0x7415, 0x4B11, 0x94F6, 0xD658, 0x0000, 0x4B71, 0x08E6, 0x9C50, 0xEFFF, 0x7579, 0x8E5C, 0x85DB,
  0xB71D, 0x8DFB, 0x759C, 0x8E7E, 0xA69C, 0xAE5B, 0x5C97, 0x3AF1, 0x7BF2, 0xAD98, 0x5352, 0x84B7,
  0x42AF, 0xE71C, 0x736D, 0x0000, 0x5C90, 0x4C8D, 0x3BCC, 0x3BCC, 0x3BCC, 0x442D, 0x1A87, 0x2287,
  0x2AE9, 0x336A, 0x330B, 0x0003, 0x528C, 0xFFFF, 0xFFFF, 0xFFFF, 0xFFFF, 0xFFFF, 0xFFFF, 0xFFFF,
  0xFFFF, 0xFFFF, 0xFFFF, 0xFFFF, 0xD69A, 0x0002, 0x11A6, 0x65EF, 0x19A5, 0xBD97, 0xFFFF, 0xF7BF,
  0xF7DF, 0xF7BF, 0xF7BF, 0xF7BF, 0xF7BF, 0xF7BF, 0xF7DF, 0xFFBF, 0xFFFF, 0xF7BF, 0xEF9E, 0xF7BF,
  0xF7BF, 0xF79E, 0xEF9E, 0xEF9E, 0xEF9E, 0xEF9E, 0xEF9E, 0xEFBE, 0xEF9E, 0xEF9E, 0xF7BF, 0xEF7E,
  0xE73D, 0xE75D, 0xE75D, 0xE75D, 0xE73D, 0xEF7E, 0xD71C, 0xCEDC, 0xD6FC, 0xD6FC, 0xCEBB, 0xFFFF,
  0x8410, 0x29A8, 0xA5DA, 0x2167, 0x8CB5, 0x8D17, 0x84D6, 0x9D78, 0x31A8, 0x3B8B, 0x4CEF, 0x4CAE,
  0x448E, 0x446C, 0x444D, 0x9EFB, 0xA71D, 0x96BB, 0x8E59, 0x8E59, 0x8E59, 0x8E59, 0x8E59, 0x8E59,
  0x8E59, 0x8618, 0xA73D, 0xB7BF, 0xB79F, 0xB7BE, 0xB7BE, 0xB7BE, 0xAF9E, 0xC7FF, 0x85B7, 0x52AB,
  0xFFFF, 0x52AA, 0x11ED, 0x64DA, 0x08C7, 0x4394, 0x3B94, 0x18E4, 0xFFFF, 0xFFFF, 0x0042, 0x0004,
  0x2A2E, 0x2A2E, 0x3290, 0x0084, 0xCE78, 0xFFFF, 0x3187, 0x32F1, 0x3B10, 0x0086, 0x5458, 0x094A,
  0x4A29, 0xFFFF, 0x840F, 0x322A, 0xA61B, 0x84F6, 0x84F6, 0x84D6, 0x84F6, 0x84F6, 0x84F6, 0x84F6,
  0x84F6, 0x84F6, 0x84F6, 0x7CD6, 0x7CF6, 0x95DA, 0x0022, 0xB553, 0xB71F, 0x4CF9, 0x7DDB, 0xAEDC,
  0x657A, 0x65DB, 0xB77F, 0x7CB6, 0x116C, 0x4B52, 0x5B92, 0x21ED, 0x118C, 0x63F4, 0x5392, 0x21AC,
  0x3290, 0x218A, 0xEF5D, 0x2944, 0x2188, 0x2A4B, 0x39A6, 0xF7FF, 0x6D59, 0x75DC, 0x759B, 0xA6FE,
  0x7DDB, 0x75DC, 0xAF5F, 0x74D6, 0x74B6, 0x21CC, 0x21ED, 0x3A6F, 0x8CF7, 0x2A0E, 0x4B12, 0x116C,
  0x8433, 0xEF3B, 0x0000, 0x32AB, 0x5D0F, 0x338B, 0x3BEC, 0x3BCC, 0x440D, 0x2B29, 0x22A8, 0x332A,
  0x2AE9, 0x334A, 0x334B, 0x0024, 0x420A, 0xFFFF, 0xFFFF, 0xFFFF, 0xFFFF, 0xFFFF, 0xFFFF, 0xFFFF,
  0xFFFF, 0xFFFF, 0xFFFF, 0xFFFF, 0xBDB6, 0x0000, 0x2227, 0x65EF, 0x1985, 0xBD97, 0xFFFF, 0xF7BF,
  0xF7BF, 0xF7BF, 0xF7BF, 0xF7BF, 0xF7BF, 0xF7BF, 0xF7BF, 0xF7DF, 0xFFFF, 0xFFFF, 0xE73D, 0xE73D,
  0xE75D, 0xE71D, 0xE75D, 0xEF9F, 0xE77E, 0xEF9E, 0xF7BE, 0xF7DF, 0xFFDF, 0xF7DF, 0xF79E, 0xFFFF,
  0xF7DF, 0xDF1D, 0xE75D, 0xE73D, 0xEF7E, 0xD6FC, 0xCEBC, 0xD6FC, 0xD6FC, 0xD6FC, 0xCEBB, 0xFFFF,
  0x8410, 0x29A9, 0xA5DB, 0x2167, 0x8CB6, 0x8CF6, 0x84D5, 0x9D79, 0x3188, 0x3BAB, 0x4D0F, 0x448E,
  0x448E, 0x444D, 0x4CAF, 0x6D94, 0x5D12, 0x8617, 0x9EDB, 0x8E39, 0x8E59, 0x8E59, 0x8E59, 0x8E39,
  0x967A, 0x9EBB, 0x9EDC, 0x9EDB, 0x9EDB, 0x8E38, 0x8618, 0x8638, 0x8618, 0x96FC, 0x5C92, 0x5ACB,
  0xFFFF, 0x6B2D, 0x3354, 0x8E5F, 0x29CB, 0x753B, 0x653D, 0x39E8, 0xFFFF, 0xFFFF, 0x2106, 0x08E9,
  0x5394, 0x4B73, 0x4B95, 0x2168, 0xCE58, 0xFFFF, 0x4A6A, 0x43F6, 0x6477, 0x29CB, 0x7DDE, 0x224E,
  0x5ACC, 0xFFFF, 0x840F, 0x322B, 0xA61B, 0x84F6, 0x84F7, 0x84F6, 0x84F6, 0x84F6, 0x8517, 0x8517,
  0x8517, 0x84F6, 0x84F7, 0x74B5, 0xAE5D, 0x29A9, 0x5248, 0xCF5F, 0x3C78, 0x551A, 0x9EBC, 0x75FB,
  0x4D1A, 0x861B, 0x4B51, 0x00AA, 0x1A0E, 0x6415, 0x19AC, 0x198D, 0x32B0, 0x6434, 0x090A, 0x3290,
  0x0088, 0x9D36, 0x8C50, 0x0000, 0x4BB0, 0x0861, 0xD659, 0x85FC, 0x4CD9, 0x6D7B, 0x861C, 0x5D39,
  0x75FC, 0x967B, 0x116B, 0x426E, 0x324F, 0x198C, 0x092A, 0x5B72, 0x326E, 0x092A, 0x21AD, 0x110A,
  0xEF5D, 0x39A7, 0x0043, 0x43ED, 0x2309, 0x2AE9, 0x2B0A, 0x3BEC, 0x338B, 0x2B09, 0x2AEA, 0x1247,
  0x1A68, 0x1266, 0x2B2A, 0x1106, 0x2127, 0xFFFF, 0xFFFF, 0xFFFF, 0xFFFF, 0xFFFF, 0xFFFF, 0xFFFF,
  0xFFFF, 0xFFFF, 0xFFFF, 0xFFFF, 0xA4F3, 0x0000, 0x2AA8, 0x660F, 0x1985, 0xBD97, 0xFFFF, 0xF7BF,
  0xF7BF, 0xF7BF, 0xF7BF, 0xF7BF, 0xF7BF, 0xF7BF, 0xF7BF, 0xFFFF, 0xF79E, 0x738E, 0x2147, 0x31EA,
  0x29A9, 0x320B, 0x3A2B, 0x1905, 0x18E4, 0x2125, 0x2146, 0x2966, 0x2967, 0x2966, 0x18E4, 0x4228,
  0xDEFB, 0xEF9E, 0xE73D, 0xEF7E, 0xDF3D, 0xCEBB, 0xD6FC, 0xD6FC, 0xD6FC, 0xD6FC, 0xCEBC, 0xFFFF,
  0x8410, 0x29A9, 0xA5DA, 0x2126, 0x9518, 0x9D99, 0x7C94, 0x9D58, 0x29A8, 0x3BAB, 0x4D0F, 0x448E,
  0x446E, 0x4C8E, 0x446D, 0x33EB, 0x33CA, 0x33AB, 0x85F7, 0x96BA, 0x8639, 0x8639, 0x8659, 0x9EFC,
  0x9699, 0x9679, 0x7574, 0x54B0, 0x7594, 0xA6DB, 0x8E39, 0x8E59, 0x8E39, 0xA73C, 0x6492, 0x5AEC,
  0xFFFF, 0x738E, 0x1106, 0x3A6D, 0x10C6, 0x320C, 0x21C9, 0x39C7, 0xFFFF, 0xFFFF, 0x2106, 0x00C8,
  0x4B53, 0x4332, 0x4333, 0x1947, 0xCE79, 0xFFFF, 0x4A49, 0x3B93, 0x6497, 0x1928, 0x4BD4, 0x0908,
  0x5ACC, 0xFFFF, 0x8410, 0x3A2B, 0xA61B, 0x84D6, 0x84F6, 0x84F6, 0x84F6, 0x84F6, 0x8516, 0x8517,
  0x84F7, 0x84F7, 0x7CD6, 0x9DDA, 0x63F3, 0x1041, 0xFFDE, 0x965B, 0x6539, 0xAEFD, 0xAF3E, 0x659B,
  0x967C, 0x63B3, 0x322F, 0x3AB0, 0x9558, 0x63D4, 0x3290, 0x322E, 0x84F7, 0x4B51, 0x3A90, 0x220E,
  0x530F, 0xD6BA, 0x0000, 0x3B0D, 0x0904, 0x9430, 0xD7FF, 0x5539, 0x8E3C, 0xBF7F, 0x861D, 0x9E9C,
  0xBF3E, 0x320D, 0x3A4E, 0x9558, 0x3A6F, 0x324F, 0x5B51, 0x84B6, 0x2A0D, 0x5352, 0x112A, 0xBDF8,
  0xB575, 0x0000, 0x32CB, 0x336A, 0x2309, 0x2B2A, 0x2AE9, 0x2B2A, 0x336A, 0x1AA8, 0x2267, 0x5C4A,
  0x74EB, 0x6489, 0x960E, 0x29C7, 0x0004, 0xF79D, 0xFFFF, 0xFFFF, 0xFFFF, 0xFFFF, 0xFFFF, 0xFFFF,
  0xFFFF, 0xFFFF, 0xFFFF, 0xFFFF, 0x83F1, 0x0000, 0x3328, 0x65EE, 0x1984, 0xBD97, 0xFFFF, 0xF7DF,
  0xF7BF, 0xF7BF, 0xF7BF, 0xF7BF, 0xF7BF, 0xF7BF, 0xF7DF, 0xFFFF, 0x9CF4, 0x0002, 0x426E, 0x428E,
  0x428F, 0x428F, 0x0845, 0x0002, 0x0004, 0x0004, 0x0004, 0x0003, 0x0024, 0x0004, 0x0044, 0x0000,
  0x632C, 0xFFFF, 0xE75D, 0xE73D, 0xCEBB, 0xD6FC, 0xD6FC, 0xD6FC, 0xD6FC, 0xD6FC, 0xCEDC, 0xFFFF,
  0x8410, 0x29A8, 0xAE1B, 0x10C5, 0x10C4, 0x6B90, 0x9578, 0x9537, 0x31A8, 0x336B, 0x4D0F, 0x448D,
  0x446E, 0x446E, 0x448E, 0x4C8E, 0x4CCF, 0x2BCA, 0x5D11, 0xB79E, 0x96DB, 0x96BB, 0x9EBB, 0x6512,
  0x33CB, 0x3C0C, 0x33CB, 0x33EA, 0x12E7, 0x7DD5, 0xB75E, 0x8619, 0x8E39, 0x9F3C, 0x6CD3, 0x5ACB,
  0xFFFF, 0x738E, 0x1969, 0x4B30, 0x10E7, 0x3AAE, 0x2A2B, 0x39A7, 0xFFFF, 0xFFFF, 0x2126, 0x00C8,
  0x4B53, 0x4332, 0x4B32, 0x1927, 0xCE79, 0xFFFF, 0x4A49, 0x4394, 0x5C36, 0x1949, 0x53D4, 0x0908,
  0x5ACB, 0xFFFF, 0x8C30, 0x3A2B, 0xA5FB, 0x7CD6, 0x84F6, 0x84F6, 0x84F6, 0x84F6, 0x8517, 0x8517,
  0x8517, 0x8516, 0x8517, 0x9DBA, 0x0001, 0xBD74, 0xB73F, 0x4D19, 0xA6FE, 0xADF9, 0x3AD0, 0x4B52,
  0x84D6, 0x5BB3, 0x4B52, 0x84F7, 0x9537, 0x4B31, 0x4B53, 0x84D7, 0x84B6, 0x3AB0, 0x63D4, 0x3A4D,
  0xF77E, 0x39C7, 0x08C4, 0x32CB, 0x3165, 0xFFFF, 0x7DDA, 0x867D, 0xCF7F, 0x5372, 0x7476, 0xBE19,
  0x3A2E, 0x320E, 0xA5D9, 0x6C34, 0x5BB4, 0x5B93, 0xAD98, 0x5B71, 0x6C14, 0x5331, 0x8495, 0xFFFF,
  0x0021, 0x0946, 0x43EC, 0x2B09, 0x2B0A, 0x2B2A, 0x2B2A, 0x2B2A, 0x1AA9, 0x22A6, 0x858C, 0x9E2C,
  0x8DC9, 0x95CA, 0xAECD, 0x2A07, 0x0002, 0xDEDB, 0xFFFF, 0xFFFF, 0xFFFF, 0xFFFF, 0xFFFF, 0xFFFF,
  0xFFFF, 0xFFFF, 0xFFFF, 0xFFFF, 0x8C52, 0x0000, 0x3B89, 0x65EE, 0x1984, 0xBD97, 0xFFFF, 0xF7BF,
  0xF7BF, 0xF7BF, 0xF7BF, 0xF7BF, 0xF7BF, 0xFFFF, 0xEF7D, 0xFFFF, 0x9CD3, 0x0885, 0x4AAF, 0x29C9,
  0x29A8, 0x10E5, 0x0022, 0x0885, 0x0884, 0x0884, 0x0063, 0x08C6, 0x08A6, 0x0000, 0x08A5, 0x0000,
  0x5ACB, 0xFFFF, 0xDF3D, 0xCEDB, 0xD6FC, 0xD6FC, 0xD6FC, 0xD6FC, 0xD6FC, 0xD6FC, 0xCEBB, 0xFFFF,
  0x8410, 0x29A8, 0xA5DA, 0x2168, 0x10E6, 0x31A8, 0xA5DA, 0x9538, 0x3188, 0x334A, 0x4CEF, 0x446D,
  0x446E, 0x448E, 0x448E, 0x448E, 0x4C8E, 0x3C2C, 0x54F0, 0x6D94, 0x5CF2, 0x8E99, 0x6532, 0x2308,
  0x440B, 0x444C, 0x444D, 0x446D, 0x3C2C, 0x442D, 0x9699, 0x9EDB, 0x8639, 0xA73C, 0x6CD3, 0x52AB,
  0xFFFF, 0x6B2D, 0x32D1, 0x7DDE, 0x218A, 0x6D1A, 0x5C78, 0x31A7, 0xFFFF, 0xFFFF, 0x2126, 0x08C7,
  0x4B53, 0x4352, 0x4B53, 0x2127, 0xD679, 0xFFFF, 0x4A4A, 0x4394, 0x53F4, 0x21CA, 0x6D19, 0x19CA,
  0x5AAB, 0xFFFF, 0x8C30, 0x3A2A, 0xA5FB, 0x7CB6, 0x84F6, 0x84F6, 0x84F6, 0x84F7, 0x84F7, 0x84F6,
  0x8517, 0x7CD5, 0xB67D, 0x31EA, 0x6B0B, 0xD7BF, 0x1C17, 0x4D5D, 0x7559, 0x19CC, 0x08EA, 0x5332,
  0x4B32, 0x220E, 0x220E, 0x6435, 0x2A0F, 0x21ED, 0x21ED, 0x6C36, 0x21CD, 0x3AB0, 0x0067, 0x8C52,
  0xB595, 0x0000, 0x434E, 0x0082, 0xD678, 0x9E5D, 0x2396, 0x759C, 0x3AD2, 0x00C9, 0x9516, 0x322E,
  0x00EB, 0x6C14, 0x63F4, 0x198E, 0x092B, 0x63F3, 0x5B92, 0x092B, 0x3290, 0x0067, 0xBE39, 0x736E,
  0x0000, 0x3B8C, 0x2B4A, 0x2B0A, 0x2B2A, 0x2B2A, 0x2B2B, 0x2B2B, 0x1A87, 0x752A, 0x960B, 0x7528,
  0x85AA, 0x85A9, 0xA68D, 0x3AA8, 0x0000, 0xCE39, 0xFFFF, 0xFFFF, 0xFFFF, 0xFFFF, 0xFFFF, 0xFFFF,
  0xFFFF, 0xFFFF, 0xFFFF, 0xFFFF, 0x8CD3, 0x0123, 0x1A86, 0x4CCC, 0x29E6, 0xBD97, 0xFFFF, 0xF7BF,
  0xF7DF, 0xF7DF, 0xF7BF, 0xF7BF, 0xFFDF, 0xF79E, 0xDF1C, 0xFFFF, 0xA514, 0x1907, 0x2129, 0x3B08,
  0x6E8F, 0x55CC, 0x5E0E, 0x5DED, 0x5DCD, 0x55EC, 0x6E8F, 0x19C5, 0x1064, 0x8C51, 0x2988, 0x0000,
  0x632D, 0xFFFF, 0xCEBC, 0xD6FC, 0xD6FC, 0xD6FC, 0xD6FC, 0xD6FC, 0xD6FC, 0xD6FC, 0xCEBC, 0xFFFF,
  0x8410, 0x29A8, 0xA5BA, 0x2168, 0x2148, 0x3A2A, 0xA5BA, 0x9558, 0x2988, 0x334A, 0x4CCE, 0x446D,
  0x446E, 0x448E, 0x448E, 0x448E, 0x4C8E, 0x4CAE, 0x444D, 0x33EB, 0x33CA, 0x3BEB, 0x3C0B, 0x442C,
  0x4C6E, 0x43EC, 0x336A, 0x338B, 0x43EC, 0x3BCB, 0x1AE8, 0x7595, 0x9EDB, 0x9F1C, 0x6CB3, 0x52AB,
  0xFFFF, 0x6B4D, 0x224E, 0x6CFA, 0x218A, 0x5C77, 0x4BD5, 0x31A7, 0xFFFF, 0xFFFF, 0x2105, 0x00A6,
  0x4B52, 0x4332, 0x4B53, 0x1947, 0xD699, 0xFFFF, 0x39C8, 0x43F5, 0x5C56, 0x21AB, 0x757C, 0x1A0D,
  0x528A, 0xFFFF, 0x8C30, 0x320A, 0xA5FB, 0x84B6, 0x84D6, 0x84D6, 0x84D6, 0x7CD6, 0x8D38, 0x8D78,
  0x8D57, 0xA61B, 0x7C95, 0x39A7, 0xFFFF, 0x657A, 0x3CDA, 0x7D7A, 0x29EB, 0x10E9, 0x5311, 0x5B71,
  0x092B, 0x198C, 0x63D4, 0x42D0, 0x00CA, 0x112A, 0x6392, 0x2A2D, 0x092B, 0x010A, 0x3A4C, 0xF77D,
  0x1081, 0x2208, 0x1965, 0x736D, 0xC71E, 0x02D4, 0x449A, 0x2A70, 0x0005, 0x6C13, 0x322D, 0x0008,
  0x322F, 0x5352, 0x00AA, 0x092C, 0x2A2E, 0x5372, 0x0069, 0x19CD, 0x0027, 0x73F3, 0xDEBA, 0x0000,
  0x21E9, 0x3B8B, 0x2B0A, 0x1AA9, 0x1268, 0x1A89, 0x1A89, 0x1269, 0x4C0A, 0x962B, 0x7528, 0x858A,
  0x752A, 0x5467, 0x6D2B, 0x3268, 0x0000, 0xB576, 0xFFFF, 0xFFFF, 0xFFFF, 0xFFFF, 0xFFFF, 0xFFFF,
  0xFFFF, 0xFFFF, 0xFFFF, 0xFFFF, 0x63EE, 0x0162, 0x1A87, 0x22E8, 0x1125, 0xBDD7, 0xFFFF, 0xF7DF,
  0xF7DF, 0xF7DF, 0xF7BF, 0xFFDF, 0xFFDF, 0xDF1C, 0xDF1D, 0xFFFF, 0xA515, 0x1907, 0x2108, 0x3BE9,
  0x6FF1, 0x4E8C, 0x56CD, 0x56CD, 0x56CD, 0x4ECC, 0x6FD0, 0x2A46, 0x1043, 0x738E, 0x2126, 0x0001,
  0x632D, 0xFFFF, 0xD6DC, 0xD6FC, 0xD6FC, 0xD6FC, 0xD6FC, 0xD6FC, 0xD6FC, 0xD6FC, 0xCEBB, 0xFFFF,
  0x8410, 0x29A8, 0xA5BA, 0x2148, 0x2128, 0x3A2A, 0xA59A, 0x9558, 0x31A8, 0x334A, 0x4CEF, 0x448E,
  0x4C8E, 0x448E, 0x44AE, 0x4C8E, 0x4C8E, 0x4C6E, 0x4C8E, 0x4CAE, 0x4CAE, 0x4C8E, 0x4C8D, 0x4C4D,
  0x3B8B, 0x22C9, 0x2B09, 0x2AEA, 0x22A9, 0x336A, 0x33CA, 0x33EC, 0xB77E, 0xB7DF, 0x6CD3, 0x528A,
  0xFFFF, 0x6B2D, 0x2A6E, 0x753A, 0x218A, 0x6498, 0x4BD5, 0x31C7, 0xFFFF, 0xFFFF, 0x2126, 0x00A6,
  0x4331, 0x4332, 0x4B53, 0x2147, 0xD699, 0xFFFF, 0x4A49, 0x08E6, 0x1127, 0x0043, 0x21A9, 0x0043,
  0x5AEC, 0xFFFF, 0x8C10, 0x320A, 0xA5FB, 0x7CD5, 0x84D6, 0x84D6, 0x7CD6, 0x959A, 0x84D7, 0x7CB6,
  0x8518, 0xAE1C, 0x18C5, 0x9492, 0xEF9E, 0xB63A, 0xCEBC, 0xC618, 0xB596, 0xB5D8, 0xD6BB, 0xC639,
  0x9D16, 0xAD77, 0xD6DC, 0xAD77, 0x9D57, 0xB5D8, 0xE71C, 0xA536, 0xADD9, 0x94D5, 0xFFDF, 0x6B6D,
  0x0000, 0x430C, 0x29A7, 0xFFFF, 0xD73F, 0x9DFB, 0xC6DE, 0xA537, 0xB5D8, 0xD6DC, 0x94D5, 0x9D37,
  0xCEBC, 0xB5D9, 0x94F6, 0x94F6, 0xCEBC, 0xB5D9, 0x8475, 0x8CD6, 0x8C94, 0xFFFF, 0x3166, 0x08C5,
  0x4C0D, 0x2B2A, 0x2B2A, 0x4C0B, 0x6D0C, 0x64AA, 0x542A, 0x1246, 0x5428, 0x964B, 0x8589, 0x7D6A,
  0x43E7, 0x3BE8, 0x5CCB, 0x3268, 0x0000, 0xA4F3, 0xFFFF, 0xFFFF, 0xFFFF, 0xFFFF, 0xFFFF, 0xFFFF,
  0xFFFF, 0xFFFF, 0xFFFF, 0xFFFF, 0x534C, 0x0183, 0x22E8, 0x22E9, 0x08C4, 0xC5D7, 0xFFFF, 0xF7DF,
  0xF7DF, 0xF7BF, 0xFFDF, 0xFFDF, 0xE73D, 0xE73D, 0xDF3D, 0xFFFF, 0xA514, 0x2168, 0x10A5, 0x3368,
  0x674F, 0x460B, 0x4E2C, 0x4E0C, 0x4E0C, 0x460B, 0x56CD, 0x19E5, 0x0002, 0x73AF, 0x39EA, 0x0001,
  0x630C, 0xFFFF, 0xD6FC, 0xD6FC, 0xD6FC, 0xD6FC, 0xD6FC, 0xD6FC, 0xD6FC, 0xD6FC, 0xCEBB, 0xFFFF,
  0x8410, 0x29C9, 0xA5BA, 0x2127, 0x1907, 0x3A2A, 0x9DBA, 0x9D78, 0x31A9, 0x334A, 0x550F, 0x446E,
  0x4CCF, 0x550F, 0x4C8E, 0x448E, 0x4C8E, 0x54CF, 0x54EF, 0x4CCF, 0x448E, 0x440C, 0x3BAB, 0x3BAB,
  0x22A8, 0x2AEA, 0x330A, 0x330A, 0x330B, 0x2AC9, 0x33AB, 0x44AE, 0x6DB4, 0x8E99, 0x7514, 0x52AB,
  0xFFFF, 0x6B2D, 0x2A6E, 0x7D5A, 0x2189, 0x6477, 0x4BD5, 0x39C7, 0xFFFF, 0xFFFF, 0x2126, 0x00A6,
  0x4311, 0x4331, 0x4B52, 0x2147, 0xCE58, 0xFFFF, 0xE71C, 0xA4D2, 0xA513, 0xAD54, 0x9CB2, 0xA4F3,
  0xE71C, 0xFFFF, 0x840F, 0x320A, 0x9DDA, 0x7CB5, 0x84D6, 0x7CB5, 0xA5FB, 0x4ACE, 0x0862, 0x2966,
  0x2967, 0x2126, 0x0823, 0x2126, 0x2104, 0x3144, 0x2904, 0x2904, 0x3185, 0x3185, 0x2924, 0x3186,
  0x4A28, 0x41E7, 0x3185, 0x4A28, 0x5269, 0x4A49, 0x31A7, 0x4A6A, 0x4A49, 0x5AEB, 0x62EC, 0x0000,
  0x436D, 0x2A28, 0x0001, 0x4209, 0x41E7, 0x5A89, 0x4A07, 0x5289, 0x5AAA, 0x4A29, 0x5AEB, 0x630B,
  0x528A, 0x52AA, 0x630B, 0x630B, 0x5ACA, 0x5AEB, 0x73AD, 0x6B4D, 0x840F, 0x39E7, 0x0000, 0x0906,
  0x1206, 0x00E3, 0x0943, 0x5BA8, 0x95AD, 0xAF0E, 0x9E6B, 0x8DCB, 0x7D89, 0x85CA, 0x85AA, 0x7D8B,
  0x5449, 0x4408, 0x650B, 0x3B09, 0x0000, 0x94B2, 0xFFFF, 0xFFFF, 0xFFFF, 0xFFFF, 0xFFFF, 0xFFFF,
  0xFFFF, 0xFFFF, 0xFFFF, 0xFFFF, 0x532C, 0x01C4, 0x22E7, 0x2309, 0x08E4, 0xBDD7, 0xFFFF, 0xF7BF,
  0xF7DF, 0xF7BF, 0xFFFF, 0xEF7E, 0xDF1D, 0xE75D, 0xDF3D, 0xFFFF, 0xB5B6, 0x0864, 0x0000, 0x4C2A,
  0x87F4, 0x5F0D, 0x5F2E, 0x570E, 0x5F0E, 0x4F0D, 0x77F1, 0x2A86, 0x0002, 0x8C93, 0x3A09, 0x0000,
  0x630C, 0xFFFF, 0xD6DC, 0xD6FC, 0xD6FC, 0xD6FC, 0xD6FC, 0xD6FC, 0xD6FC, 0xD6FC, 0xCEBB, 0xFFFF,
  0x8C30, 0x31C9, 0xA5BA, 0x1927, 0x18E6, 0x3A4A, 0x9DDA, 0x9558, 0x31C9, 0x2267, 0x3BCB, 0x2B49,
  0x33CB, 0x446D, 0x54EF, 0x4CCE, 0x4CCE, 0x444D, 0x33AB, 0x54CF, 0x3BEC, 0x2268, 0x22A9, 0x2AE9,
  0x32EA, 0x330A, 0x2B0A, 0x330A, 0x332A, 0x2AEA, 0x33AB, 0x44CE, 0x2369, 0x2BEB, 0x22C9, 0x5AEC,
  0xFFFF, 0x6B4D, 0x2A8F, 0x753A, 0x2169, 0x6476, 0x4BD4, 0x39E8, 0xFFFF, 0xFFFF, 0x2946, 0x0086,
  0x4310, 0x4311, 0x4B52, 0x2147, 0xCE58, 0xFFFF, 0xFFFF, 0xFFFF, 0xFFFF, 0xFFFF, 0xFFFF, 0xFFFF,
  0xFFFF, 0xFFFF, 0x840F, 0x31E9, 0x9DBA, 0x7CB5, 0x7CB5, 0x9DDA, 0x6BF3, 0x0000, 0xDE99, 0xDF1B,
  0xDEDB, 0xCE7A, 0xDEFC, 0xD6BA, 0xC639, 0xC639, 0xC5F8, 0xC5F7, 0xB596, 0xB576, 0xAD55, 0xB576,
  0xAD55, 0x9CF4, 0x9CF3, 0x9CB2, 0x9CB2, 0x8C71, 0x8C51, 0x8C50, 0x7BCF, 0x8431, 0x1064, 0x00C5,
  0x7593, 0x0062, 0x6B0C, 0x8C2F, 0x7BCE, 0x83CE, 0x7B8E, 0x738D, 0x738D, 0x736D, 0x736D, 0x6B2C,
  0x6B2C, 0x6B0B, 0x62EA, 0x62CA, 0x5249, 0x5269, 0x5A89, 0x5269, 0x5269, 0x52AA, 0x7BF0, 0x73AE,
  0x738D, 0x7BCF, 0x62EC, 0x5ACC, 0x0000, 0x4AE7, 0x966D, 0x85C9, 0x8E0B, 0x5CC9, 0x5CA9, 0x5CC9,
  0x5469, 0x4C48, 0x5D0B, 0x432A, 0x0000, 0x8C31, 0xFFFF, 0xFFFF, 0xFFFF, 0xFFFF, 0xFFFF, 0xFFFF,
  0xFFFF, 0xFFFF, 0xFFFF, 0xFFFF, 0x4B2B, 0x01E4, 0x22E8, 0x2309, 0x08C4, 0xBDB7, 0xFFFF, 0xF7BF,
  0xF7BF, 0xFFFF, 0xEF9E, 0xDF1C, 0xE75D, 0xE75D, 0xDF3D, 0xFFFF, 0xBDD7, 0x0002, 0x0044, 0x32C8,
  0x6D8F, 0x4D0B, 0x4CCB, 0x4CAB, 0x4CAA, 0x3CAA, 0x5D4D, 0x21E6, 0x0024, 0x7BF1, 0x31C9, 0x0000,
  0x5B0C, 0xFFFF, 0xCEDC, 0xD6FC, 0xD6FC, 0xD6FC, 0xD6FC, 0xD6FC, 0xD6FC, 0xD6FC, 0xCEBC, 0xFFFF,
  0x8C30, 0x29C9, 0x9D99, 0x1927, 0x10E6, 0x422A, 0x9DBA, 0x9558, 0x31C8, 0x1A47, 0x33AB, 0x336A,
  0x2B4A, 0x2309, 0x2B6A, 0x5D50, 0x4CAE, 0x22E9, 0x2B29, 0x33CB, 0x336B, 0x2AEA, 0x2B0A, 0x2AEA,
  0x32EA, 0x2AEA, 0x330A, 0x330A, 0x2B0A, 0x2AEA, 0x336B, 0x442D, 0x444D, 0x446D, 0x1246, 0x62EC,
  0xFFFF, 0x6B4D, 0x2A8E, 0x6D1A, 0x2169, 0x6476, 0x4BD4, 0x39E8, 0xFFFF, 0xFFFF, 0x2946, 0x0086,
  0x42F0, 0x4310, 0x4312, 0x2147, 0xCE58, 0xFFFF, 0xFFFF, 0xFFFF, 0xFFFF, 0xFFFF, 0xFFFF, 0xFFFF,
  0xFFFF, 0xFFFF, 0x840F, 0x31E9, 0x95BA, 0x7CB5, 0x84F6, 0x9DDB, 0x0002, 0xB554, 0xBF5F, 0x555A,
  0x75FC, 0x7DBA, 0xBF3D, 0x863B, 0x861C, 0x75BB, 0xA6DD, 0xB75E, 0x85FC, 0x863D, 0x8E3C, 0xBF5F,
  0x8E1C, 0x965E, 0x85FC, 0xAEDE, 0xCF7F, 0xAE9D, 0xBF1F, 0xAEBE, 0xFFFF, 0xFFFF, 0x0821, 0x3BAD,
  0x1207, 0x5A49, 0xFFFF, 0x9EBD, 0xB73F, 0x9EBD, 0xD7BF, 0xE7FF, 0xA6BE, 0xBF3F, 0xA69E, 0xD7FF,
  0xDFFF, 0xBF3E, 0xCF9F, 0xBF1E, 0xF7FF, 0xEFFF, 0xCF3E, 0xEFFF, 0xE7DF, 0xE75E, 0xA577, 0xA598,
  0xADB9, 0x94D4, 0xFFFF, 0xF7DF, 0x0000, 0x1985, 0x6D6C, 0x4C88, 0x5CA9, 0x5489, 0x5469, 0x4C49,
  0x5469, 0x5469, 0x5CEA, 0x434A, 0x0000, 0x7BF0, 0xFFFF, 0xFFFF, 0xFFFF, 0xFFFF, 0xFFFF, 0xFFFF,
  0xFFFF, 0xFFFF, 0xFFFF, 0xFFFF, 0x432A, 0x0A05, 0x22E8, 0x2309, 0x08C3, 0xBDB7, 0xFFFF, 0xF7BF,
  0xFFFF, 0xF7BF, 0xDF1C, 0xE73D, 0xE75D, 0xE75D, 0xE73D, 0xFFFF, 0xBDF7, 0x0023, 0x18E8, 0x0865,
  0x0003, 0x0023, 0x0003, 0x0003, 0x0003, 0x0003, 0x0002, 0x0886, 0x10E7, 0x0001, 0x0065, 0x0000,
  0x5AEC, 0xFFFF, 0xCEDC, 0xD6FC, 0xD6FC, 0xD6FC, 0xD6FC, 0xD6FC, 0xD6FC, 0xD71C, 0xCEDB, 0xFFFF,
  0x8C30, 0x31C9, 0x9D99, 0x1927, 0x10E6, 0x3A2A, 0xA5DA, 0x9D99, 0x31C9, 0x2AC9, 0x3C0C, 0x338B,
  0x338B, 0x33AB, 0x2349, 0x3C0C, 0x3C0C, 0x336B, 0x3BAB, 0x2B2A, 0x332A, 0x334B, 0x332A, 0x330A,
  0x332A, 0x332A, 0x332A, 0x334B, 0x334B, 0x334B, 0x334A, 0x2B0A, 0x3BAB, 0x4CCF, 0x22A8, 0x6B2D,
  0xFFFF, 0x632C, 0x32AF, 0x753B, 0x218A, 0x6CB7, 0x4C15, 0x4209, 0xFFFF, 0xFFFF, 0x2126, 0x08A6,
  0x4B10, 0x4311, 0x4B52, 0x2147, 0xCE58, 0xFFFF, 0xFFFF, 0xFFFF, 0xFFFF, 0xFFFF, 0xFFFF, 0xFFFF,
  0xFFFF, 0xFFFF, 0x9450, 0x322A, 0x9DFB, 0x7474, 0xA61C, 0x2189, 0x62AA, 0xEFFF, 0x3CB8, 0x5D9C,
  0x4CFA, 0x8E5C, 0x7DFB, 0x551A, 0x5D9C, 0x659B, 0x969C, 0x5D5A, 0x659C, 0x4D1A, 0x7E1C, 0x659A,
  0x4CF9, 0x551B, 0x4CFA, 0x75DB, 0x4C99, 0x551A, 0x6DFE, 0x5498, 0xDF1C, 0x3145, 0x0925, 0x338D,
  0x0841, 0xFFBD, 0x7E1B, 0x2C99, 0x453B, 0x3CB9, 0x863A, 0x553A, 0x44FA, 0x4CFB, 0x4CF9, 0x7E3B,
  0x44D9, 0x4CFA, 0x44DA, 0x5D5A, 0x967B, 0x4CD9, 0x7E7E, 0x4C76, 0x5B92, 0x5B72, 0x0089, 0x116C,
  0x00CA, 0x0045, 0xEF5C, 0x31A8, 0x0041, 0x6D2D, 0x54A9, 0x5489, 0x5469, 0x5C89, 0x5469, 0x5469,
  0x5469, 0x4C49, 0x5CEA, 0x4369, 0x0000, 0x73B0, 0xFFFF, 0xFFFF, 0xFFFF, 0xFFFF, 0xFFFF, 0xFFFF,
  0xFFFF, 0xFFFF, 0xFFFF, 0xFFFF, 0x430A, 0x0A25, 0x22E8, 0x22E9, 0x08C3, 0xBD97, 0xFFFF, 0xF7DF,
  0xF7DF, 0xDF3D, 0xE73D, 0xE75D, 0xE75D, 0xE75D, 0xE75D, 0xFFFF, 0xC618, 0x0043, 0x10C7, 0x1908,
  0x0045, 0x0885, 0x10E6, 0x10A6, 0x0003, 0x10C6, 0x10E8, 0x0886, 0x0044, 0x10E7, 0x10E7, 0x0000,
  0x630C, 0xFFFF, 0xCEDC, 0xD6FC, 0xD6FC, 0xD6FC, 0xD6FC, 0xD6FC, 0xD6FC, 0xD6FC, 0xCEBB, 0xFFFF,
  0x8C50, 0x29A8, 0x9D99, 0x2147, 0x1927, 0x2988, 0x84D7, 0x7C95, 0x10A5, 0x0164, 0x12E8, 0x0A66,
  0x0A66, 0x0A86, 0x0AA7, 0x0225, 0x0A25, 0x0A46, 0x01E5, 0x01C5, 0x0A05, 0x0A06, 0x0A06, 0x09E6,
  0x01E5, 0x01C5, 0x01C5, 0x09E5, 0x0A26, 0x0A26, 0x0A06, 0x09A5, 0x0122, 0x12C7, 0x0163, 0x4209,
  0xFFFF, 0x5249, 0x094A, 0x5C58, 0x0064, 0x53F5, 0x3B32, 0x10A3, 0xFFFF, 0xFFFF, 0x0000, 0x0000,
  0x19AB, 0x19AC, 0x19CC, 0x0002, 0xC617, 0xFFFF, 0xF7BE, 0xEF9E, 0xD6FB, 0xC699, 0xA5D6, 0x9554,
  0x8513, 0x9DF7, 0x3A48, 0x2168, 0x8539, 0x8538, 0x6BF2, 0x1882, 0xE75C, 0x5D39, 0x44DA, 0x54FA,
  0x759A, 0x8E5B, 0x4D1A, 0x65BC, 0x551A, 0x969C, 0x7DDB, 0x657B, 0x5D5B, 0x7DFB, 0x969C, 0x551A,
  0x6DBC, 0x54FA, 0x863C, 0x75BC, 0x5D5C, 0x867F, 0x2AF2, 0xA5B8, 0xAD13, 0x0000, 0x4C52, 0x0061,
  0xACD2, 0xC7BF, 0x3CDA, 0x6DFE, 0x44FB, 0x8E7C, 0x8E9D, 0x4D3B, 0x6DFD, 0x551B, 0x96BD, 0x7E1C,
  0x553B, 0x6DDD, 0x553B, 0x9EBD, 0x865D, 0x8EFF, 0x64F9, 0x322C, 0x8CB4, 0x222F, 0x42D1, 0x4312,
  0x00A9, 0xB5D9, 0xB595, 0x0000, 0x436A, 0x656B, 0x4C48, 0x5469, 0x5489, 0x5489, 0x5469, 0x5469,
  0x5469, 0x4C48, 0x5CEA, 0x4349, 0x0000, 0x73B0, 0xFFFF, 0xFFFF, 0xFFFF, 0xFFFF, 0xFFFF, 0xFFFF,
  0xFFFF, 0xFFFF, 0xFFFF, 0xFFFF, 0x432A, 0x0205, 0x22C8, 0x22C8, 0x08C3, 0xBD97, 0xFFFF, 0xFFFF,
  0xE75D, 0xDF1D, 0xE75D, 0xE75D, 0xE75D, 0xE75D, 0xE75D, 0xFFFF, 0xC618, 0x0043, 0x10C7, 0x10A6,
  0x39E9, 0x2147, 0x0884, 0x18C5, 0x4229, 0x10C5, 0x08A6, 0x2127, 0x31C8, 0x10A6, 0x10C7, 0x0000,
  0x632D, 0xFFFF, 0xCEDC, 0xD6FC, 0xD6FC, 0xD6FC, 0xD6FC, 0xD6FC, 0xD6FC, 0xD6FC, 0xCEBB, 0xFFFF,
  0x8C50, 0x29A9, 0x9D99, 0x2148, 0x0885, 0x73AF, 0xEF5E, 0xDEFC, 0xC618, 0xBE18, 0xCEBA, 0xC699,
  0xC699, 0xC699, 0xC679, 0xC679, 0xBE58, 0xBE58, 0xBE38, 0xBE38, 0xBE58, 0xBE58, 0xC679, 0xBE58,
  0xBE58, 0xC659, 0xBE59, 0xBE59, 0xBE38, 0xB618, 0xB5F8, 0xB5D7, 0xADB7, 0xB5D7, 0xAD96, 0xCE1A,
  0xFFFF, 0xD67A, 0xB5B9, 0xD6DE, 0xBDB7, 0xDEFE, 0xDEFD, 0xC5F8, 0xFFFF, 0xFFFF, 0xBDD7, 0xB596,
  0xC63A, 0xC63A, 0xC61A, 0xB577, 0xFF9F, 0xFFFF, 0xFFFF, 0xFFDF, 0xE71D, 0xD6FB, 0xBE58, 0xADF7,
  0xADF7, 0xBE99, 0xB5F7, 0xCE5A, 0xEF9F, 0xCEDC, 0x0000, 0xC5D6, 0xCFDF, 0x659A, 0x8E7D, 0x85BB,
  0xAEFD, 0x861C, 0x7E1C, 0x75DB, 0x9E9C, 0xAEDD, 0x75BA, 0x865D, 0x7DBB, 0xB6FD, 0x7DDB, 0x75BB,
  0x6D7B, 0x7DDA, 0x9EBD, 0x6DDD, 0x7E1D, 0x32D1, 0x3A4D, 0xF75C, 0x1061, 0x228C, 0x1209, 0x4A07,
  0xFFFF, 0x54F8, 0x657B, 0x653A, 0x6D79, 0x9E7B, 0x4CFA, 0x5D7B, 0x4CF9, 0x6D9A, 0x8E5B, 0x44B9,
  0x5D5B, 0x44BA, 0x7E1B, 0x9EFE, 0x655B, 0x4373, 0x0069, 0x6C35, 0x42F0, 0x094C, 0x2A2E, 0x00CA,
  0x4ACF, 0xFFFF, 0x0862, 0x08C4, 0x756D, 0x4C68, 0x5489, 0x64EB, 0x5CAA, 0x5469, 0x5469, 0x5469,
  0x5469, 0x4C48, 0x5D0A, 0x436A, 0x0000, 0x73AF, 0xFFFF, 0xFFFF, 0xFFFF, 0xFFFF, 0xFFFF, 0xFFFF,
  0xFFFF, 0xFFFF, 0xFFFF, 0xFFFF, 0x432A, 0x0205, 0x22A8, 0x22C8, 0x08A3, 0xBD97, 0xFFFF, 0xE77D,
  0xDF1C, 0xE73D, 0xE73D, 0xE75D, 0xE75D, 0xE75D, 0xE75D, 0xFFFF, 0xC618, 0x0023, 0x10C7, 0x0002,
  0xA555, 0x52CB, 0x0000, 0x2146, 0xCE7A, 0x1905, 0x0002, 0x4A6B, 0xBDF7, 0x0843, 0x10C7, 0x0000,
  0x632D, 0xFFFF, 0xCEDC, 0xD6FC, 0xD6FC, 0xD6FC, 0xD6FC, 0xD6FC, 0xD6FC, 0xD6FC, 0xCEBC, 0xFFFF,
  0x8C50, 0x29C8, 0x9D99, 0x2148, 0x08A6, 0x632D, 0xDEFC, 0xD6DC, 0x9D14, 0x94D4, 0xA596, 0xA595,
  0x9D14, 0x94F3, 0x94D3, 0x8CD3, 0x8CD3, 0x8CD3, 0x8CF3, 0x8CD3, 0x8CD3, 0x8CD3, 0x84B3, 0x8493,
  0x8472, 0x8472, 0x8451, 0x8C52, 0x8C72, 0x94D2, 0x9553, 0xB635, 0xC6D6, 0xC6D7, 0xC717, 0xBED5,
  0x9DF2, 0xB6B5, 0xC6F6, 0xBEB4, 0xC717, 0xB675, 0xBE56, 0xBE98, 0x9594, 0x9593, 0xBE97, 0xBEB8,
  0xB655, 0xAE55, 0xA634, 0xA654, 0x8D91, 0x8D70, 0x8D70, 0x9DF1, 0xB6B5, 0x8D31, 0x84F1, 0x8D32,
  0x8D12, 0x84F1, 0x9553, 0x8D52, 0x9DB4, 0x3185, 0x7B8D, 0xDFDF, 0x5519, 0x865D, 0x6D9A, 0xAEDD,
  0x965C, 0x7DDB, 0x8E3B, 0x963B, 0xBF1D, 0x8DFB, 0x967D, 0x85DB, 0xBEDD, 0xAE9C, 0x7DBB, 0x9E7D,
  0x965C, 0xDF9F, 0x959A, 0x6497, 0x5C36, 0x326E, 0xFFFF, 0x630C, 0x0000, 0x330E, 0x0000, 0xEF1B,
  0xD79F, 0x967C, 0xAEFD, 0x9E7B, 0xD75D, 0x9E7C, 0x75FB, 0x8E7C, 0x861B, 0xBF1D, 0x8E3B, 0x7DFB,
  0x863C, 0x8E3B, 0xCFBF, 0x8E3D, 0x6C77, 0x4B11, 0x84D7, 0xA599, 0x5332, 0x7C56, 0x7C97, 0x4ACF,
  0xEF9E, 0x7BF0, 0x0000, 0x53CB, 0x5D0A, 0x54A9, 0x548A, 0x3348, 0x4C0A, 0x5CAA, 0x5428, 0x5469,
  0x5449, 0x5489, 0x654B, 0x438A, 0x0000, 0x7BD0, 0xFFFF, 0xFFFF, 0xFFFF, 0xFFFF, 0xFFFF, 0xFFFF,
  0xFFFF, 0xFFFF, 0xFFFF, 0xFFFF, 0x4B0B, 0x0A06, 0x22C8, 0x22C8, 0x08A3, 0xBDB7, 0xFFFF, 0xD71C,
  0xE75E, 0xE75D, 0xE75D, 0xE75D, 0xE75D, 0xE75D, 0xE75D, 0xFFFF, 0xBDD7, 0x0003, 0x10C7, 0x10C6,
  0x10A4, 0x10A5, 0x10C6, 0x10A5, 0x10A5, 0x10A5, 0x10C6, 0x10C6, 0x18E6, 0x10C6, 0x18E7, 0x0001,
  0x5ACC, 0xFFFF, 0xCEDC, 0xD6FC, 0xD6FC, 0xD6FC, 0xD6FC, 0xD6DC, 0xD6FC, 0xD6FC, 0xCEBB, 0xFFFF,
  0x8C50, 0x29A9, 0x9D79, 0x2147, 0x2189, 0x2167, 0x84D6, 0x84B6, 0x0884, 0x0082, 0x09E7, 0x0145,
  0x00C3, 0x00A2, 0x00A2, 0x00A2, 0x0082, 0x0061, 0x0061, 0x00A1, 0x00E2, 0x0122, 0x0183, 0x0A04,
  0x1244, 0x1AA5, 0x2B05, 0x3B66, 0x43C6, 0x4406, 0x4466, 0x4CA6, 0x54A6, 0x4CA6, 0x4C86, 0x4C86,
  0x4C86, 0x4C65, 0x4C86, 0x54E6, 0x5508, 0x1AC3, 0x0181, 0x0140, 0x00E0, 0x00C0, 0x00C0, 0x00E0,
  0x0161, 0x0A22, 0x12C2, 0x2C04, 0x3445, 0x3425, 0x3C45, 0x3C46, 0x2345, 0x0224, 0x0A45, 0x0A44,
  0x0A25, 0x0A24, 0x01E3, 0x1286, 0x00C2, 0x18A3, 0xFFFF, 0x655A, 0x4D1B, 0x4CDA, 0x6D7A, 0x863B,
  0x4CD9, 0x5D7B, 0x4CD9, 0x861B, 0x6DBA, 0x5D1A, 0x5D1A, 0x7579, 0x9E7C, 0x5CF9, 0x75DC, 0x6D9B,
  0xA65B, 0x7C75, 0x094B, 0x21ED, 0x0047, 0x94B3, 0xD699, 0x0000, 0x2A4C, 0x0000, 0x942F, 0xE7FF,
  0x4CD9, 0x7DDC, 0x655A, 0x963B, 0x9E5B, 0x5D1A, 0x75DB, 0x5D39, 0x8E5B, 0x965B, 0x6539, 0x7DFB,
  0x6D9A, 0xBF7E, 0x7C74, 0x198C, 0x5352, 0x4AF0, 0x9D38, 0x5B93, 0x5393, 0x6C15, 0x52D0, 0xB5B7,
  0xFFDE, 0x0000, 0x21A7, 0x85EE, 0x5CE9, 0x5C8B, 0x1A06, 0x11A6, 0x11C5, 0x43E9, 0x54AA, 0x4C28,
  0x5CAA, 0x546A, 0x6D4C, 0x53EB, 0x0000, 0x83F1, 0xFFFF, 0xFFFF, 0xFFFF, 0xFFFF, 0xFFFF, 0xFFFF,
  0xFFFF, 0xFFFF, 0xFFFF, 0xFFFF, 0x4A4A, 0x08A3, 0x2AE9, 0x2B29, 0x0082, 0xBD97, 0xFFFF, 0xDF3D,
  0xE75D, 0xE75D, 0xE75D, 0xE75D, 0xE75D, 0xE75D, 0xE75D, 0xFFFF, 0xC638, 0x0000, 0x0045, 0x0885,
  0x0024, 0x0044, 0x0865, 0x0865, 0x0024, 0x0865, 0x0865, 0x0045, 0x0004, 0x0886, 0x0886, 0x0000,
  0x738E, 0xFFFF, 0xCEDB, 0xD6FC, 0xD6FC, 0xD6FC, 0xD6FC, 0xD6FC, 0xD6FC, 0xD6FC, 0xCEBB, 0xFFFF,
  0x8C50, 0x29A9, 0x9D99, 0x1907, 0x08A5, 0x31C9, 0x9D99, 0xA59A, 0x2989, 0x0125, 0x09A6, 0x0144,
  0x11C5, 0x1A26, 0x2AA7, 0x3B28, 0x4388, 0x5449, 0x5CAA, 0x6D2A, 0x756B, 0x7DCB, 0x862B, 0x864C,
  0x8E6C, 0x8E6C, 0x864C, 0x7E2B, 0x75EA, 0x6DA9, 0x6D89, 0x6568, 0x6569, 0x6549, 0x6549, 0x6549,
  0x6D29, 0x6529, 0x6529, 0x6529, 0x6D69, 0x75CA, 0x6DAB, 0x656A, 0x756C, 0x758D, 0x75AD, 0x864F,
  0x7DEF, 0x758E, 0x6D6E, 0x5D0C, 0x54CA, 0x54AB, 0x4C2A, 0x3308, 0x22C8, 0x338A, 0x3B8A, 0x336A,
  0x338A, 0x3B8A, 0x3B8A, 0x3B4B, 0x0021, 0xDE99, 0xA6BD, 0x44B9, 0x659D, 0x5D3A, 0x969C, 0x5D5B,
  0x5D9B, 0x553A, 0x75FC, 0x8E7C, 0x551A, 0x75DD, 0x655A, 0xAEFD, 0x7DDA, 0x865E, 0x7E3E, 0x7D79,
  0x8D16, 0x114B, 0x3AD1, 0x220E, 0x322D, 0xFFFF, 0x18C2, 0x19A8, 0x32CC, 0x3124, 0xFFFF, 0x657A,
  0x557C, 0x65BC, 0x6D7B, 0x9E9C, 0x655A, 0x659C, 0x5D7B, 0x5D3A, 0x967C, 0x5D19, 0x5D9C, 0x6DFE,
  0x8E9E, 0x74B6, 0x08EA, 0x326F, 0x092B, 0x5B71, 0x6C14, 0x094C, 0x2A4F, 0x21EF, 0x0067, 0xE73C,
  0x5AEC, 0x0000, 0x434B, 0x3BA8, 0x4C2A, 0x2AA7, 0x19E7, 0x2AAA, 0x2207, 0x1A25, 0x4C69, 0x54AA,
  0x43E9, 0x1A06, 0x3308, 0x432B, 0x0000, 0x8431, 0xFFFF, 0xFFFF, 0xFFFF, 0xFFFF, 0xFFFF, 0xFFFF,
  0xFFFF, 0xFFFF, 0xFFFF, 0xFFFF, 0x528A, 0x0001, 0x1106, 0x2A89, 0x08A3, 0xB596, 0xFFFF, 0xE73D,
  0xE75D, 0xE75D, 0xE75D, 0xE75D, 0xE75D, 0xE75D, 0xE75D, 0xE77D, 0xFFDF, 0x73AE, 0x0841, 0x0043,
  0x0844, 0x0844, 0x0865, 0x0864, 0x0864, 0x0864, 0x0864, 0x0864, 0x0865, 0x0044, 0x0043, 0x4A6A,
  0xEF5D, 0xDF3D, 0xD6FC, 0xD6FC, 0xD6FC, 0xD6FC, 0xD6FC, 0xD6FC, 0xD6FC, 0xD6FC, 0xCEBB, 0xFFFF,
  0x8C30, 0x29C9, 0x9D99, 0x2169, 0x18E7, 0x424B, 0xA598, 0x9517, 0x31A8, 0x3268, 0x5C4B, 0x6CAA,
  0x7D2B, 0x8D8C, 0x95AC, 0x95CC, 0x9E0C, 0x962B, 0x960A, 0x8E0A, 0x85CA, 0x7D69, 0x7549, 0x754A,
  0x752A, 0x6D2A, 0x6D0A, 0x6D09, 0x6D09, 0x6D0A, 0x6D0A, 0x6D0A, 0x6CEA, 0x6D0A, 0x6D0B, 0x6CEA,
  0x6CEA, 0x6CEA, 0x6CEA, 0x6CEA, 0x6D0A, 0x6D2B, 0x752B, 0x752B, 0x5CC8, 0x54E7, 0x862D, 0x43C8,
  0x1A25, 0x1A66, 0x1A86, 0x1AA7, 0x1AA7, 0x1A67, 0x1226, 0x1A67, 0x22A8, 0x22C7, 0x22C8, 0x22C9,
  0x2AC9, 0x22A8, 0x43EC, 0x0062, 0x8BCF, 0xFFFF, 0x6539, 0x8E5D, 0x759A, 0xAEBC, 0x963B, 0x655A,
  0x6DBB, 0x655A, 0x967C, 0x6559, 0x6D9B, 0x5D1A, 0x8E1B, 0x8E1B, 0x75FD, 0x7559, 0x326F, 0x7432,
  0x198B, 0x19CD, 0x220E, 0x0067, 0xDEFC, 0x7BEF, 0x0000, 0x5411, 0x0000, 0xC5D6, 0x965D, 0x3499,
  0x659C, 0x54FA, 0x8E5B, 0x85FB, 0x5D3B, 0x6DBC, 0x551A, 0x967B, 0x75BA, 0x5DBC, 0x7E7F, 0x53F3,
  0x7475, 0x19CD, 0x2A2F, 0x3270, 0x324E, 0x84F6, 0x2A2E, 0x3AB0, 0x4312, 0x094C, 0x9D57, 0xE6FA,
  0x0000, 0x19E9, 0x3B8B, 0x1A68, 0x11C6, 0x09A5, 0x2227, 0x2A88, 0x2A89, 0x2247, 0x5449, 0x5CAA,
  0x22A7, 0x2288, 0x2AE9, 0x2229, 0x0000, 0x8C72, 0xFFFF, 0xFFFF, 0xFFFF, 0xFFFF, 0xFFFF, 0xFFFF,
  0xFFFF, 0xFFFF, 0xFFFF, 0xFFFF, 0x5AEC, 0x0003, 0x10A7, 0x08A6, 0x0842, 0xBDB6, 0xFFFF, 0xE75D,
  0xE75D, 0xE75D, 0xE75D, 0xE75D, 0xE75D, 0xE75D, 0xE75D, 0xE73D, 0xE75D, 0xFFFF, 0xDEFB, 0xD6BB,
  0xDEDB, 0xDEFC, 0xD6BB, 0xD6BB, 0xD6BB, 0xCEBB, 0xCEBB, 0xD6BB, 0xD6DC, 0xD6BB, 0xD6BA, 0xF7FF,
  0xE77E, 0xCEDC, 0xD6FC, 0xD6FC, 0xD6DC, 0xD6FC, 0xD6FC, 0xD6FC, 0xD6FC, 0xD6FC, 0xCEBB, 0xFFFF,
  0x8C30, 0x29C9, 0x9D99, 0x298A, 0x08A6, 0x83F0, 0xFFFF, 0xEF7D, 0xE71C, 0xFFFF, 0xFFFF, 0xFFFE,
  0xFFFC, 0xF7DC, 0xEF9B, 0xEF7B, 0xE75A, 0xE73A, 0xE73A, 0xE73A, 0xE73A, 0xE73B, 0xE73B, 0xE75B,
  0xE73C, 0xE75B, 0xE73B, 0xE73B, 0xE73B, 0xE75C, 0xE75C, 0xE75C, 0xE75C, 0xE75C, 0xE75C, 0xEF5C,
  0xEF7C, 0xEF5C, 0xEF7C, 0xEF7C, 0xEF7D, 0xEF7D, 0xEF9D, 0xEF7D, 0xE73B, 0x8D90, 0x3C05, 0x4C28,
  0x542A, 0x544A, 0x546A, 0x548A, 0x4C4A, 0x4C49, 0x4C29, 0x43E9, 0x43C9, 0x43C8, 0x43C9, 0x43E9,
  0x43C8, 0x64CC, 0x2227, 0x2905, 0xFFFF, 0x7DDA, 0x7E1C, 0x85FB, 0xAEBC, 0xC71D, 0x7DDB, 0x965D,
  0x7DBB, 0xB6DD, 0x9E7C, 0x861C, 0x8E5C, 0x9E3C, 0xC75F, 0x969D, 0x965C, 0x3270, 0x9CF5, 0x9517,
  0x5332, 0x7C96, 0x42F1, 0x94F6, 0xDEFA, 0x0000, 0x3AED, 0x0924, 0x6ACA, 0xFFFF, 0x5539, 0x7DFD,
  0x75DB, 0x963B, 0xAEDC, 0x75BB, 0x861C, 0x6D9B, 0x85FB, 0xAF3E, 0x7E5E, 0x7E1D, 0x2A2B, 0x6BB0,
  0x5B51, 0x116B, 0x3AB0, 0x112B, 0x63D3, 0x4311, 0x114B, 0x326F, 0x198D, 0x21AC, 0xFFFF, 0x39A7,
  0x0022, 0x3B6B, 0x334A, 0x2289, 0x3329, 0x544B, 0x4389, 0x2267, 0x2288, 0x2AA8, 0x4368, 0x4409,
  0x3B6A, 0x2AA8, 0x3B6A, 0x2A49, 0x0000, 0x9CF3, 0xFFFF, 0xFFFF, 0xFFFF, 0xFFFF, 0xFFFF, 0xFFFF,
  0xFFFF, 0xFFFF, 0xFFFF, 0xFFFF, 0x632E, 0x0002, 0x1927, 0x10C7, 0x0002, 0xBDD7, 0xFFFF, 0xE75D,
  0xE75D, 0xE75D, 0xE75D, 0xE75D, 0xE75D, 0xE75D, 0xE75D, 0xE73D, 0xE73D, 0xE73D, 0xF7DF, 0xF7DF,
  0xFFFF, 0xEFBF, 0xDF3D, 0xE77E, 0xE75E, 0xE77E, 0xE77E, 0xE77E, 0xEF9E, 0xEF9E, 0xEF9E, 0xD71C,
  0xD6DC, 0xD6FC, 0xD6FC, 0xD6DC, 0xD6DC, 0xD6DC, 0xD6DC, 0xD6DC, 0xCEDC, 0xD6FC, 0xCEBB, 0xFFFF,
  0x8C30, 0x29C9, 0xA5B9, 0x2169, 0x1107, 0x52AB, 0xBE3A, 0xAD98, 0x5ACD, 0x748C, 0x8DAE, 0x854E,
  0x854E, 0x7D4E, 0x7D4E, 0x7D2E, 0x7D2E, 0x7D2E, 0x7D2D, 0x750D, 0x7D0E, 0x750E, 0x750D, 0x750C,
  0x750D, 0x750D, 0x74EC, 0x74ED, 0x750D, 0x750D, 0x750D, 0x750D, 0x750D, 0x750D, 0x7D0D, 0x7D2D,
  0x7D0D, 0x7D0D, 0x7D2D, 0x7D0D, 0x74EC, 0x6CEC, 0x6CEC, 0x6CCB, 0x850F, 0xF79E, 0xADF4, 0x3BE4,
  0x6D2A, 0x650A, 0x652A, 0x6D4A, 0x6D4A, 0x6D4A, 0x6D4A, 0x6D2A, 0x650A, 0x650A, 0x650A, 0x650A,
  0x7DCB, 0x85AE, 0x0021, 0xD659, 0xA6BD, 0x3CB8, 0x5D5B, 0x54D9, 0x965B, 0x6D7A, 0x657A, 0x5CFA,
  0x7DDB, 0x861B, 0x54D9, 0x757B, 0x5CF9, 0xA6FF, 0x85DB, 0x3B11, 0x1109, 0x6BB2, 0x9D98, 0x324F,
  0x63D4, 0x4B32, 0x530F, 0xFFFF, 0x3166, 0x08C5, 0x3AEB, 0x0820, 0xF79E, 0x85FB, 0x75FC, 0x863C,
  0x861C, 0xC73E, 0x963C, 0x967C, 0x9E5C, 0x9E7C, 0xEFDF, 0x9599, 0x6CD8, 0x3A70, 0x6BB2, 0xB63B,
  0x5352, 0x7455, 0x63D3, 0x7434, 0x9D38, 0x4B11, 0x7455, 0x7C96, 0x4AF0, 0xCE9B, 0xA513, 0x0000,
  0x1149, 0x3B6B, 0x22A9, 0x330A, 0x6D6C, 0x6D8C, 0x3B49, 0x2268, 0x2AE8, 0x2AE8, 0x1A46, 0x32E8,
  0x19A6, 0x08C5, 0x3B2B, 0x324A, 0x0000, 0xB576, 0xFFFF, 0xFFFF, 0xFFFF, 0xFFFF, 0xFFFF, 0xFFFF,
  0xFFFF, 0xFFFF, 0xFFFF, 0xFFFF, 0x7BF1, 0x0001, 0x1907, 0x18E7, 0x0023, 0xB5B6, 0xFFFF, 0xE73D,
  0xE75D, 0xE75E, 0xE75E, 0xE75D, 0xE75D, 0xE75D, 0xE75D, 0xE73D, 0xE73D, 0xE73D, 0xE73D, 0xE75D,
  0xDF1D, 0xCE9B, 0xCEDC, 0xCEDC, 0xCEDC, 0xD6DC, 0xD6DC, 0xD6DC, 0xD6DC, 0xD6DC, 0xD6DC, 0xD6FC,
  0xD6FC, 0xD6FC, 0xD6FC, 0xD6DC, 0xD6DC, 0xD6DC, 0xD6DC, 0xD6DC, 0xD6DC, 0xD6DC, 0xCEBB, 0xFFFF,
  0x8410, 0x29C9, 0xA5B9, 0x216A, 0x1107, 0x4A6B, 0xA5B9, 0x9D38, 0x2948, 0x3B45, 0x5D28, 0x4C67,
  0x4C66, 0x4466, 0x4486, 0x4C86, 0x4C66, 0x4C86, 0x4C86, 0x4C87, 0x4C87, 0x4C87, 0x4C87, 0x4C87,
  0x4C87, 0x4C87, 0x4C87, 0x5487, 0x5487, 0x54A7, 0x54A7, 0x4C87, 0x4C87, 0x4C87, 0x4C87, 0x4C87,
  0x4C87, 0x4CA7, 0x4C87, 0x4C67, 0x4C67, 0x4C67, 0x4C67, 0x4C67, 0x33C4, 0x43C7, 0xFFFF, 0x854F,
  0x4405, 0x64E9, 0x5CC9, 0x5CC9, 0x5CC9, 0x5CC9, 0x5CC9, 0x5CC9, 0x5CA9, 0x5C89, 0x5C89, 0x5468,
  0x7DAD, 0x08E2, 0x8BD0, 0xDFDF, 0x4CB9, 0x6DDD, 0x551A, 0x967C, 0x965C, 0x653B, 0x759B, 0x75BB,
  0xA6BD, 0x653A, 0x6D9C, 0x657B, 0x9EFF, 0x7518, 0x096C, 0x198C, 0x196B, 0x84D5, 0x2A6E, 0x222F,
  0x32B0, 0x0068, 0xBDF8, 0xAD34, 0x0000, 0x4BB0, 0x0000, 0xB554, 0xBF3F, 0x3458, 0x655B, 0x44B9,
  0x85DA, 0x85BA, 0x54B9, 0x7DDB, 0x6DBC, 0xAE9C, 0x6BB2, 0x114C, 0x21ED, 0x090A, 0x7435, 0x326F,
  0x21CD, 0x3290, 0x194B, 0x7C95, 0x4B31, 0x2A2E, 0x42D0, 0x21CD, 0x6390, 0xFFFF, 0x1083, 0x0005,
  0x1128, 0x3B6B, 0x22A9, 0x332A, 0x5CEC, 0x442A, 0x1A67, 0x332A, 0x330A, 0x32E9, 0x3B6A, 0x2AC9,
  0x1105, 0x08A4, 0x2166, 0x29A9, 0x0001, 0xBDF7, 0xFFFF, 0xFFFF, 0xFFFF, 0xFFFF, 0xFFFF, 0xFFFF,
  0xFFFF, 0xFFFF, 0xFFFF, 0xFFFF, 0x94B2, 0x0001, 0x1908, 0x18E7, 0x0003, 0xB5B6, 0xFFFF, 0xE75D,
  0xE75D, 0xE75D, 0xE75D, 0xE75D, 0xE75D, 0xE73D, 0xE73D, 0xE75D, 0xE75D, 0xE73D, 0xE75D, 0xE73D,
  0xCEBB, 0xCEDC, 0xD6DC, 0xD6DC, 0xD6DC, 0xD6DC, 0xD6DC, 0xD6DC, 0xD6FC, 0xD6DC, 0xD6DC, 0xD6DC,
  0xD6DC, 0xD6DC, 0xD6DC, 0xD6DC, 0xD6DC, 0xD6DC, 0xD6DC, 0xD6FC, 0xD6DC, 0xD6FC, 0xCE9B, 0xFFFF,
  0x8410, 0x29A9, 0xA599, 0x2169, 0x1907, 0x426B, 0xA598, 0x9517, 0x1907, 0x2B05, 0x4CC7, 0x3C25,
  0x4445, 0x4445, 0x4446, 0x4466, 0x4446, 0x4446, 0x4446, 0x4466, 0x4466, 0x4466, 0x4466, 0x4446,
  0x4446, 0x4446, 0x4C66, 0x4466, 0x4446, 0x4C66, 0x4C66, 0x4C66, 0x4C66, 0x4466, 0x4446, 0x4426,
  0x4446, 0x4446, 0x54A8, 0x652A, 0x64C9, 0x64A9, 0x5CC9, 0x5CA9, 0x650A, 0x2BC4, 0x9591, 0xDF3B,
  0x4406, 0x64E9, 0x5CC9, 0x5CC9, 0x5CC9, 0x5CC9, 0x5CC9, 0x5CC9, 0x5CC9, 0x5CA9, 0x5468, 0x758C,
  0x2AA6, 0x3166, 0xFFFF, 0x85B9, 0x7DDA, 0x7DBA, 0x85DA, 0xA6BC, 0x653A, 0x75BB, 0x653A, 0xA69C,
  0x6D7A, 0x657B, 0x6D9D, 0x75BC, 0x5BB2, 0x0026, 0x21CC, 0x092A, 0x63D3, 0x5351, 0x010A, 0x3290,
  0x014B, 0x63B2, 0xFFFF, 0x0000, 0x326B, 0x1186, 0x5248, 0xF7FF, 0x4CD9, 0x659D, 0x5D7C, 0x6D9B,
  0xA69C, 0x5D1A, 0x867F, 0x755B, 0x7D59, 0x7496, 0x00EB, 0x3AB1, 0x19AD, 0x5B93, 0x7435, 0x118C,
  0x3AD1, 0x19AD, 0x5372, 0x7455, 0x094B, 0x3290, 0x3270, 0x0068, 0xC619, 0x8410, 0x0000, 0x1968,
  0x1106, 0x3B2B, 0x330A, 0x2288, 0x1A67, 0x1A88, 0x336A, 0x32CA, 0x1927, 0x1106, 0x1966, 0x32CA,
  0x332A, 0x2A89, 0x1986, 0x0905, 0x08A3, 0xD6BA, 0xFFFF, 0xFFFF, 0xFFFF, 0xFFFF, 0xFFFF, 0xFFFF,
  0xFFFF, 0xFFFF, 0xFFFF, 0xFFFF, 0xA534, 0x0002, 0x18E8, 0x1087, 0x0002, 0xB5B6, 0xFFFF, 0xE73D,
  0xE75D, 0xE75D, 0xE73D, 0xE73D, 0xE73D, 0xE73D, 0xE73D, 0xE73D, 0xE73D, 0xE75D, 0xE73D, 0xD6BB,
  0xD6BC, 0xD6DC, 0xCEDC, 0xCEDC, 0xCEDC, 0xCEDC, 0xCEDC, 0xCEDB, 0xD6DC, 0xCEBC, 0xD6DC, 0xD6DC,
  0xD6DC, 0xCEDC, 0xD6DC, 0xD6DC, 0xCEDC, 0xCEDC, 0xCEDC, 0xCEDC, 0xCEDC, 0xD6DC, 0xC67B, 0xFFFF,
  0x83F0, 0x31C9, 0xA5B9, 0x218A, 0x1107, 0x4A8B, 0xB5F9, 0x9515, 0x634E, 0x84EF, 0x95D0, 0x856F,
  0x8D70, 0x8D90, 0x8D90, 0x9590, 0x8D90, 0x8D91, 0x9591, 0x8D91, 0x9590, 0x9590, 0x9590, 0x8D90,
  0x8D90, 0x9590, 0x95B0, 0x9590, 0x9590, 0x9590, 0x9590, 0x8D90, 0x9590, 0x8D90, 0x8D90, 0x9590,
  0x95B1, 0x9591, 0x64AA, 0x3BE5, 0x5CC9, 0x5CC9, 0x5CA9, 0x5CC9, 0x5CC9, 0x4C67, 0x852E, 0xDF1A,
  0x5468, 0x5CC9, 0x5CC9, 0x5CC9, 0x5CA9, 0x5CA9, 0x5CC9, 0x5CC9, 0x5CC9, 0x5CA9, 0x6509, 0x646B,
  0x0021, 0xDEBB, 0xAEDC, 0x7DFA, 0x9E9D, 0x963B, 0xCF3D, 0x9E3C, 0x965D, 0x861C, 0xB69C, 0xBEBD,
  0x9EBE, 0x9E7D, 0x6CB7, 0xA5B9, 0x4AAF, 0x5BB3, 0x4B52, 0x5B51, 0x9D58, 0x42D1, 0x53B4, 0x4B53,
  0x29ED, 0xFFFF, 0x5AAA, 0x0022, 0x438F, 0x08A2, 0xFF7C, 0x961B, 0x4CD9, 0x655B, 0x4CB9, 0x9E9C,
  0x861C, 0x5CFA, 0x43B4, 0x118C, 0x5B51, 0x116C, 0x11AD, 0x19CD, 0x19AD, 0x7454, 0x19AC, 0x19EE,
  0x2A0E, 0x116C, 0x7C75, 0x322E, 0x2A0E, 0x3AB0, 0x092C, 0x63B2, 0xEF5C, 0x0000, 0x1146, 0x3289,
  0x08A5, 0x3B0C, 0x2B0A, 0x2B0A, 0x22C9, 0x2B0A, 0x32EA, 0x10C6, 0x18C7, 0x18E8, 0x0866, 0x10E6,
  0x3B8B, 0x3B4B, 0x2A29, 0x11C6, 0x19E6, 0xF79E, 0xFFFF, 0xFFFF, 0xFFFF, 0xFFFF, 0xFFFF, 0xFFFF,
  0xFFFF, 0xFFFF, 0xFFFF, 0xFFFF, 0xBDD7, 0x0000, 0x0885, 0x1146, 0x0042, 0xC5F8, 0xFFFF, 0xFFFF,
  0xFFFF, 0xFFFF, 0xFFFF, 0xFFFF, 0xFFFF, 0xFFFF, 0xFFFF, 0xFFFF, 0xFFFF, 0xFFFF, 0xEF9E, 0xEF9F,
  0xEFBF, 0xEF9F, 0xEF9F, 0xEF9F, 0xEFBF, 0xEF9F, 0xEF9F, 0xEF9F, 0xEF9F, 0xEF9F, 0xEFBF, 0xEFBF,
  0xEFBF, 0xEFBF, 0xEF9F, 0xEFBF, 0xEFBF, 0xEF9F, 0xEFBF, 0xEF9F, 0xEF9F, 0xE79F, 0xDF5E, 0xFFFF,
  0x9471, 0x29C9, 0x9D99, 0x218A, 0x0044, 0x8C51, 0xFFFF, 0xFFFF, 0xC659, 0xC678, 0xD6F9, 0xD6F9,
  0xD6F9, 0xD6FA, 0xD6DA, 0xD6D9, 0xD6F9, 0xD6D9, 0xD6D9, 0xCED9, 0xCED9, 0xCED9, 0xCED9, 0xCED9,
  0xCED9, 0xCED9, 0xCED9, 0xCED9, 0xCED9, 0xCED9, 0xCED9, 0xCED9, 0xCED9, 0xD6D9, 0xD6FA, 0xD6FA,
  0xCED9, 0xCEB8, 0xFFBF, 0xA5B3, 0x3383, 0x5CA9, 0x5CA9, 0x64C9, 0x64E9, 0x4C66, 0x8D4F, 0xD6FA,
  0x5447, 0x5CC9, 0x5CC9, 0x5CC9, 0x5CA9, 0x5CA9, 0x5CC9, 0x5CC9, 0x5CC9, 0x5CC8, 0x860E, 0x00A1,
  0x9411, 0xD7DF, 0x3457, 0x657C, 0x4CBA, 0x9E1B, 0x9E3B, 0x5D19, 0x759A, 0x759A, 0xBF5F, 0x8DFC,
  0x74D7, 0x21AA, 0x8473, 0x6BD3, 0x4B32, 0x5BD3, 0x4AF0, 0xA578, 0x6BF3, 0x63F4, 0x7CB7, 0x42F0,
  0xDF1D, 0xCE37, 0x0000, 0x434F, 0x00A2, 0xA4D2, 0xF7FF, 0x85FA, 0x9E9D, 0x8E5D, 0xAEDD, 0xAE7B,
  0x6499, 0x6C78, 0x2A0E, 0x84D6, 0x84D7, 0x4AF2, 0x7456, 0x42D1, 0x9D58, 0x8CB6, 0x42D0, 0x6BF4,
  0x3A6E, 0x7C54, 0x7434, 0x19AC, 0x42F1, 0x3290, 0x1129, 0xF7BE, 0x5ACC, 0x0000, 0x332B, 0x2A49,
  0x0064, 0x3B6C, 0x332B, 0x2AAA, 0x32EA, 0x3B8B, 0x19A8, 0x10C7, 0x2148, 0x2128, 0x2108, 0x18E7,
  0x1987, 0x1927, 0x2168, 0x0924, 0x2A07, 0xFFFF, 0xFFFF, 0xFFFF, 0xFFFF, 0xFFFF, 0xFFFF, 0xFFFF,
  0xFFFF, 0xFFFF, 0xFFFF, 0xFFFF, 0xDF1B, 0x4B87, 0x5C88, 0x864E, 0x2A26, 0x8C32, 0xD69A, 0xC618,
  0xC618, 0xC618, 0xC5F8, 0xBDF7, 0xBDF7, 0xBDF7, 0xBDF7, 0xBDF7, 0xBDF7, 0xBDF7, 0xBE18, 0xBE18,
  0xBE18, 0xBDF7, 0xB5D7, 0xB5D7, 0xB5D7, 0xB5D7, 0xB5D7, 0xB5F7, 0xB5F7, 0xB5D7, 0xB5D7, 0xB5D7,
  0xBDD7, 0xBDD7, 0xB5D7, 0xB5D7, 0xB5D7, 0xBDD7, 0xBDF7, 0xBDF7, 0xBDF7, 0xBDF8, 0xBDF7, 0xCE79,
  0x6B2C, 0x31EA, 0x9D79, 0x2128, 0x08A6, 0x39CA, 0x8CB5, 0x7C33, 0x18E5, 0x3325, 0x4C47, 0x4426,
  0x4C47, 0x4C47, 0x4C27, 0x4C47, 0x4C47, 0x4C27, 0x4C47, 0x4C47, 0x4C47, 0x4C47, 0x4C47, 0x4C47,
  0x4C47, 0x4C47, 0x4C27, 0x4C27, 0x4C47, 0x4C27, 0x4C27, 0x4C47, 0x4C47, 0x4C47, 0x4C67, 0x4C67,
  0x4C47, 0x4406, 0x5C4A, 0xF79E, 0xADF4, 0x3BC4, 0x650A, 0x64CA, 0x64E9, 0x4C66, 0x852E, 0xD6F9,
  0x4C27, 0x5CC9, 0x5CC9, 0x5CC9, 0x5CC9, 0x5CA9, 0x5CC9, 0x5CC9, 0x54A8, 0x7DED, 0x32E7, 0x3987,
  0xFFFF, 0x5519, 0x65BC, 0x5D7B, 0x759A, 0xAEDC, 0x653A, 0x7E5F, 0x75BC, 0xCF7F, 0x7558, 0x2A90,
  0x0069, 0x5351, 0x7C74, 0x090B, 0x324F, 0x00C9, 0x4B30, 0x5B72, 0x00C9, 0x21ED, 0x0089, 0x298A,
  0xEF7C, 0x10A2, 0x322B, 0x32AB, 0x39A5, 0xFFFF, 0x6539, 0x863D, 0x9E9F, 0x7DBB, 0x95B9, 0x29ED,
  0x326F, 0x324F, 0x5B73, 0x8495, 0x428F, 0x63D4, 0x5352, 0x7455, 0x9538, 0x5352, 0x7C76, 0x6BF4,
  0x63D4, 0x9D99, 0x63B3, 0x7476, 0x7C97, 0x5351, 0xCE9B, 0xCE59, 0x0000, 0x1147, 0x3BCB, 0x19E7,
  0x10C6, 0x2A2A, 0x1107, 0x18E8, 0x1948, 0x2188, 0x2128, 0x2149, 0x2148, 0x2128, 0x2128, 0x2108,
  0x10A7, 0x18E7, 0x2128, 0x0043, 0x4269, 0xFFFF, 0xFFFF, 0xFFFF, 0xFFFF, 0xFFFF, 0xFFFF, 0xFFFF,
  0xFFFF, 0xFFFF, 0xFFFF, 0xFFFF, 0xFFDE, 0x6509, 0x5D47, 0x866D, 0x3247, 0x2968, 0x52ED, 0x424B,
  0x424B, 0x3A0A, 0x3A0A, 0x3A2A, 0x3A0A, 0x39EA, 0x3A0A, 0x39E9, 0x31EA, 0x39EA, 0x39EA, 0x39EA,
  0x3A0A, 0x3A2A, 0x422B, 0x422B, 0x422B, 0x422B, 0x3A2B, 0x3A2A, 0x3A0A, 0x3A2B, 0x3A2B, 0x3A2B,
  0x3A4B, 0x3A2B, 0x3A2B, 0x3A2B, 0x3A2B, 0x3A2B, 0x3A0A, 0x3A0A, 0x39EA, 0x3A0A, 0x3A0A, 0x4AAD,
  0x10C5, 0x424B, 0xA599, 0x10C6, 0x3A4C, 0x320C, 0x31EA, 0x4AAE, 0x2147, 0x5449, 0x654A, 0x5CE9,
  0x5CE9, 0x5CE9, 0x5CE9, 0x5CE9, 0x5CE9, 0x5CE9, 0x5CE9, 0x5CE9, 0x64E9, 0x64E9, 0x64E9, 0x64E9,
  0x64E9, 0x5CE9, 0x5CE9, 0x64E9, 0x64E9, 0x5CC9, 0x5CEA, 0x5CEA, 0x64EA, 0x64E9, 0x5CE9, 0x5CE9,
  0x5CE9, 0x5CEA, 0x3BE5, 0x4BE8, 0xFFBE, 0x6CEC, 0x54A7, 0x64EA, 0x64E9, 0x4C47, 0x7D0E, 0xCED9,
  0x4C47, 0x5CC9, 0x5CC9, 0x5CC9, 0x5CE9, 0x5CC9, 0x5CC9, 0x5CA9, 0x654A, 0x64CC, 0x0862, 0xEF3C,
  0x8E1B, 0x3C97, 0x5D3A, 0x4CB8, 0x85FA, 0x44D8, 0x44B9, 0x3394, 0x8537, 0x63B2, 0x00AA, 0x21AE,
  0x324F, 0x7C96, 0x220E, 0x3290, 0x2A6F, 0x3A8F, 0x9517, 0x21CD, 0x3AB0, 0x32B0, 0x00C9, 0xEF7E,
  0x7BCF, 0x0000, 0x324C, 0x0062, 0xE6FA, 0xBF7F, 0x7E1F, 0x861D, 0x2AD1, 0x84B5, 0x42F0, 0x198D,
  0x3290, 0x116B, 0x6C34, 0x2A4F, 0x198C, 0x2A2F, 0x092B, 0x6BD3, 0x326F, 0x118C, 0x2A2F, 0x00EA,
  0x6BD2, 0x5310, 0x112B, 0x2A0D, 0x116C, 0x2189, 0xFFDE, 0x3166, 0x0001, 0x32EA, 0x2B69, 0x2208,
  0x10C6, 0x10C6, 0x0005, 0x0846, 0x1087, 0x1067, 0x1087, 0x0867, 0x10A7, 0x2149, 0x1928, 0x2128,
  0x2128, 0x1928, 0x2128, 0x0002, 0x528B, 0xFFFF, 0xFFFF, 0xFFFF, 0xFFFF, 0xFFFF, 0xFFFF, 0xFFFF,
  0xFFFF, 0xFFFF, 0xFFFF, 0xFFFF, 0xFFFF, 0x74CB, 0x4C65, 0x7DEC, 0x2A06, 0x2107, 0x426C, 0x320A,
  0x31EA, 0x31CA, 0x29C9, 0x31C9, 0x31CA, 0x31AA, 0x31CA, 0x31C9, 0x31A9, 0x29A9, 0x2989, 0x3189,
  0x31CA, 0x31EA, 0x3A0A, 0x3A0B, 0x39EB, 0x31EA, 0x31EA, 0x31CA, 0x31CA, 0x31EA, 0x31EA, 0x31EA,
  0x31EB, 0x31EA, 0x31EB, 0x31EB, 0x31EA, 0x31EA, 0x31CA, 0x29AA, 0x29AA, 0x31CA, 0x31CA, 0x424D,
  0x0884, 0x426B, 0x9D79, 0x1906, 0x426C, 0x31C9, 0x1948, 0x31CA, 0x0863, 0x4C07, 0x5D07, 0x4C87,
  0x4C67, 0x4C87, 0x4C87, 0x4C87, 0x4C67, 0x4C67, 0x4C67, 0x4C87, 0x4C67, 0x4C67, 0x4C67, 0x4C87,
  0x4C87, 0x5487, 0x4C87, 0x4C87, 0x4C87, 0x4C67, 0x4C87, 0x4C87, 0x54A8, 0x5D09, 0x650A, 0x5CC9,
  0x5CC9, 0x5CA9, 0x650B, 0x33A4, 0xC697, 0xB655, 0x4405, 0x650A, 0x64EA, 0x4C47, 0x7D0E, 0xCEF9,
  0x4C27, 0x5CC9, 0x5CC9, 0x5CE9, 0x5CE9, 0x5CC9, 0x5CC9, 0x5CA9, 0x6D4C, 0x10C3, 0x9C94, 0xFFFF,
  0xCF1D, 0xD79F, 0xD75E, 0xE7BF, 0xEFFF, 0xC75F, 0xAE7C, 0x94D4, 0xBE3A, 0x6391, 0x6BD3, 0x4ACF,
  0x9517, 0x63B3, 0x19CD, 0x328F, 0x198C, 0x7C73, 0x3A2C, 0x0068, 0x094B, 0x0004, 0x9CF5, 0xE71B,
  0x0000, 0x21C9, 0x0000, 0x7BAE, 0xEFDF, 0x43D6, 0x3B95, 0x010C, 0x5393, 0x7C95, 0x096D, 0x4312,
  0x118D, 0x63D3, 0x6C15, 0x118C, 0x42F1, 0x19AD, 0x5B92, 0x7C95, 0x19CD, 0x42F1, 0x2A2F, 0x5371,
  0x9516, 0x21AD, 0x3AB1, 0x3AD1, 0x00A9, 0xB5FA, 0xB595, 0x0000, 0x19E8, 0x336A, 0x2B49, 0x21E8,
  0x08A5, 0x43CC, 0x2AC8, 0x21C7, 0x1907, 0x18E6, 0x21E7, 0x3AA9, 0x21A8, 0x0866, 0x2128, 0x2128,
  0x2128, 0x2128, 0x2149, 0x0002, 0x6B6F, 0xFFFF, 0xFFFF, 0xFFFF, 0xFFFF, 0xFFFF, 0xFFFF, 0xFFFF,
  0xFFFF, 0xFFFF, 0xFFFF, 0xFFFF, 0xFFFF, 0x8D4F, 0x4444, 0x7DCC, 0x3206, 0x630D, 0x8C51, 0x8C51,
  0x8C50, 0x8C51, 0x9471, 0x8C71, 0x8C71, 0x8C71, 0x8C71, 0x8C51, 0x8C51, 0x8C71, 0x8C71, 0x8C71,
  0x8C71, 0x8C71, 0x8C71, 0x8C71, 0x8C71, 0x8C71, 0x8C71, 0x8C71, 0x8C51, 0x8C51, 0x8C51, 0x8C71,
  0x8C71, 0x8C71, 0x8C71, 0x8C51, 0x8C51, 0x8C51, 0x8C51, 0x8C71, 0x8C71, 0x8C71, 0x8C51, 0x8C50,
  0x4208, 0x3A4B, 0x9D79, 0x1948, 0x0043, 0x2966, 0x7BD0, 0x738F, 0x39C7, 0x6C8C, 0x85AE, 0x7D0D,
  0x7D0D, 0x750D, 0x7D0D, 0x750D, 0x74ED, 0x74CC, 0x6CCC, 0x6CCC, 0x6CCC, 0x6CCC, 0x6CCC, 0x6CCC,
  0x74EC, 0x74ED, 0x74ED, 0x74EC, 0x74EC, 0x74ED, 0x7D0D, 0x750D, 0x6CCC, 0x4C26, 0x4426, 0x64EA,
  0x5CA9, 0x5CC9, 0x5CC9, 0x4425, 0xC6D8, 0xB655, 0x4405, 0x64EA, 0x64CA, 0x4C47, 0x7D2E, 0xD6F9,
  0x4C27, 0x54A8, 0x5CA9, 0x5CC9, 0x5CC9, 0x5CC9, 0x5CC9, 0x6509, 0x64CB, 0x0842, 0x2947, 0x2105,
  0x41A8, 0x5209, 0x628B, 0x62AC, 0x732D, 0x9C31, 0x9C91, 0xAD54, 0xAD54, 0xB596, 0xBDD6, 0xC618,
  0xD69A, 0xCE9A, 0xD6BA, 0xCE7A, 0xDEFB, 0xEF7D, 0xB597, 0xB5F9, 0xA5B8, 0xB5B7, 0xFFFF, 0x2925,
  0x08A4, 0x326A, 0x4208, 0xFFFF, 0xAE19, 0x530F, 0x326E, 0x4B72, 0xB63A, 0x322D, 0x220E, 0x21CD,
  0x2A0D, 0x7413, 0x0088, 0x012B, 0x012B, 0x090A, 0x6BD2, 0x112A, 0x098C, 0x21EE, 0x010B, 0x7C74,
  0x42D1, 0x19EF, 0x3AB1, 0x118E, 0x4AAF, 0xFFFE, 0x1083, 0x0064, 0x334B, 0x22E8, 0x336A, 0x19E8,
  0x0884, 0x3BCB, 0x3BEA, 0x3BAA, 0x3329, 0x542A, 0x6D4C, 0x6D6C, 0x75CD, 0x3A88, 0x0826, 0x18E8,
  0x0866, 0x1086, 0x10A7, 0x0000, 0x94B2, 0xFFFF, 0xFFFF, 0xFFFF, 0xFFFF, 0xFFFF, 0xFFFF, 0xFFFF,
  0xFFFF, 0xFFFF, 0xFFFF, 0xFFFF, 0xFFFF, 0xA5F2, 0x3C43, 0x75CB, 0x21C5, 0xD65A, 0xFFFF, 0xFFFF,
  0xFFFF, 0xFFFF, 0xFFFF, 0xFFFF, 0xFFFF, 0xFFFF, 0xFFFF, 0xFFFF, 0xFFFF, 0xFFFF, 0xFFFF, 0xFFFF,
  0xFFFF, 0xFFFF, 0xFFFF, 0xFFFF, 0xFFFF, 0xFFFF, 0xFFFF, 0xFFFF, 0xFFFF, 0xF7FF, 0xF7FF, 0xF7FF,
  0xF7FF, 0xF7DF, 0xF7FF, 0xF7FF, 0xF7FF, 0xF7FF, 0xFFFF, 0xFFFF, 0xFFFF, 0xFFFF, 0xEFDF, 0xFFFF,
  0xA513, 0x2988, 0x9558, 0x2148, 0x0023, 0x94B2, 0xFFFF, 0xFFFF, 0xF7BF, 0xEF5C, 0xF79E, 0xEF7D,
  0xEF7D, 0xEF5C, 0xF79D, 0xF7DE, 0xF7DD, 0xF7DD, 0xF7DD, 0xEF7C, 0xEF7D, 0xEF9D, 0xEF7D, 0xF79D,
  0xF7DD, 0xF7BD, 0xF7BD, 0xF7DD, 0xF79D, 0xEF7D, 0xF79E, 0xEF7D, 0xF79D, 0xE73B, 0x6C8C, 0x33C4,
  0x5CEA, 0x5CA9, 0x5CC9, 0x4425, 0xCED8, 0xB634, 0x3BE5, 0x64EA, 0x6D0A, 0x5CC7, 0x8D8F, 0xDF1A,
  0x5CA9, 0x6529, 0x650A, 0x6D0A, 0x6D0A, 0x650A, 0x64EA, 0x5CEA, 0x758C, 0x6CAC, 0x21E5, 0x11A5,
  0x1165, 0x0924, 0x00C3, 0x0062, 0x0001, 0x0000, 0x0000, 0x0000, 0x0000, 0x0000, 0x0043, 0x0863,
  0x0001, 0x1084, 0x2105, 0x2947, 0x39C8, 0x4209, 0x62EC, 0x736E, 0x83D0, 0xA514, 0x4A6B, 0x0000,
  0x436D, 0x08E4, 0x62ED, 0xA535, 0xA4F4, 0xBDB6, 0xC617, 0xD699, 0xD69A, 0xCE7A, 0xD6BB, 0xBDF8,
  0xE71C, 0xD6DC, 0xA556, 0xADF9, 0x8CD5, 0xCE9B, 0xBE19, 0x5B30, 0x5BD3, 0x42CF, 0x7C95, 0x9D37,
  0x196C, 0x326F, 0x220E, 0x08E9, 0xF7BF, 0x8C51, 0x0000, 0x2A8A, 0x336A, 0x22C8, 0x336A, 0x21E8,
  0x08A5, 0x3B8B, 0x2B29, 0x2B09, 0x2B08, 0x3368, 0x3348, 0x2307, 0x3C48, 0x6D6C, 0x1945, 0x1106,
  0x3AA9, 0x3269, 0x21C7, 0x08C2, 0xC638, 0xFFFF, 0xFFFF, 0xFFFF, 0xFFFF, 0xFFFF, 0xFFFF, 0xFFFF,
  0xFFFF, 0xFFFF, 0xFFFF, 0xFFFF, 0xFFFF, 0xBE76, 0x3C23, 0x75EB, 0x21C4, 0xAD16, 0xFFFF, 0xD6FC,
  0xDF1C, 0xDEFC, 0xD6FD, 0xD71D, 0xD6FC, 0xD6FC, 0xD6DC, 0xCEDC, 0xCEBB, 0xD6BC, 0xD6DC, 0xCEDC,
  0xCEBC, 0xCEBB, 0xCEDB, 0xCEBB, 0xCEBB, 0xC69B, 0xC69B, 0xCEBB, 0xCEBB, 0xC69B, 0xC69A, 0xC67B,
  0xC67B, 0xC69B, 0xCE9B, 0xCE9B, 0xCE9B, 0xCEDC, 0xCEDC, 0xCEBC, 0xCEBC, 0xCEBC, 0xC67A, 0xFFFF,
  0x8C50, 0x29A8, 0x9558, 0x1948, 0x10C5, 0x424B, 0xA598, 0x9517, 0x426B, 0x53C8, 0x756B, 0x64EB,
  0x64A9, 0x754B, 0x6D6C, 0x5469, 0x5429, 0x646B, 0x6CAB, 0x6D2A, 0x5CA8, 0x64A9, 0x6D29, 0x758C,
  0x546A, 0x5429, 0x5C6A, 0x6CAB, 0x754C, 0x6D2A, 0x5C68, 0x64A9, 0x5C69, 0x9570, 0xFFFF, 0x7D0E,
  0x3C05, 0x756B, 0x6D4B, 0x54A7, 0xCEF9, 0xB635, 0x4406, 0x64EB, 0x64CB, 0x4C47, 0x7CEF, 0xDF1A,
  0x4408, 0x4409, 0x3BA9, 0x3B88, 0x43A8, 0x3B89, 0x3348, 0x3369, 0x3BA8, 0x4C4A, 0x54CC, 0x54CC,
  0x54EC, 0x54EC, 0x54EC, 0x5CEC, 0x54AC, 0x4C0B, 0x43CB, 0x4BAB, 0x434A, 0x4BED, 0x1127, 0x1107,
  0x2AAA, 0x11A7, 0x0966, 0x0925, 0x00E5, 0x00C4, 0x0063, 0x0003, 0x0002, 0x0001, 0x0003, 0x19C8,
  0x43CC, 0x19E7, 0x0002, 0x0000, 0x0000, 0x0001, 0x0002, 0x0002, 0x0023, 0x20E7, 0x3168, 0x41E9,
  0x420A, 0x630D, 0x8410, 0x83F0, 0x9472, 0x9CD3, 0xA4F4, 0xB5B7, 0xBDD7, 0xBE17, 0xDEDB, 0xDEDB,
  0xE71C, 0xDEFC, 0xCE7A, 0xEF7D, 0xEF5C, 0x0000, 0x08E6, 0x3B8B, 0x2AE9, 0x2B09, 0x336B, 0x21E8,
  0x08C5, 0x3B6B, 0x2B29, 0x3329, 0x3329, 0x2AE9, 0x2AC9, 0x22E8, 0x3368, 0x4C49, 0x754D, 0x85AE,
  0x758E, 0x542B, 0x43EA, 0x3B49, 0xF79E, 0xFFFF, 0xFFFF, 0xFFFF, 0xFFFF, 0xFFFF, 0xFFFF, 0xFFFF,
  0xFFFF, 0xFFFF, 0xFFFF, 0xFFFF, 0xFFFF, 0xD71A, 0x4C65, 0x6DCA, 0x21A4, 0xAD15, 0xFFFF, 0xDF1D,
  0xDF3D, 0xDF3D, 0xDF3D, 0xDF3D, 0xDF3D, 0xDF3D, 0xD71C, 0xD6DC, 0xD6FC, 0xD6FC, 0xD6FC, 0xD6FC,
  0xD6DC, 0xCEDC, 0xD6DC, 0xD6DC, 0xD6DC, 0xD6DC, 0xD6DC, 0xD6DC, 0xCEDB, 0xCEDB, 0xD6DC, 0xD6DC,
  0xD6DC, 0xD6DC, 0xD6DC, 0xCEDC, 0xD6DC, 0xD6FC, 0xD6FC, 0xD6FC, 0xD6DC, 0xD6DC, 0xCEBB, 0xFFFF,
  0x8C50, 0x29A8, 0x9D79, 0x2168, 0x10C6, 0x3A2B, 0x9579, 0x9538, 0x2989, 0x4C07, 0x760B, 0x6D6A,
  0x75EA, 0x758C, 0x1984, 0x10E4, 0x1945, 0x08C4, 0x0061, 0x3B47, 0x6589, 0x54C5, 0x656A, 0x2204,
  0x08A3, 0x1924, 0x08E3, 0x08A2, 0x1143, 0x6D0B, 0x75AA, 0x5CE9, 0x5CC9, 0x2B63, 0x74AD, 0xF79E,
  0x5409, 0x4C68, 0x548A, 0x22E4, 0xBE57, 0xA574, 0x09E2, 0x3328, 0x3308, 0x0A24, 0x5BCD, 0xCEDA,
  0x1266, 0x22C8, 0x22C8, 0x22C9, 0x2AC9, 0x2AE9, 0x2B2A, 0x3329, 0x2B29, 0x22E8, 0x1AE7, 0x1AC6,
  0x12C6, 0x12C6, 0x1B26, 0x2366, 0x2366, 0x1B45, 0x12E4, 0x2346, 0x4C2B, 0x7551, 0x21A8, 0x1987,
  0x5CEF, 0x442C, 0x4C4C, 0x4C4D, 0x4C2D, 0x4C2D, 0x440D, 0x440D, 0x4C0E, 0x08A7, 0x32AB, 0x4C8D,
  0x22E8, 0x2B0A, 0x2AC9, 0x2A89, 0x2289, 0x1A28, 0x19E7, 0x19C7, 0x1186, 0x0946, 0x0926, 0x0926,
  0x00E5, 0x0002, 0x0002, 0x0000, 0x0000, 0x0000, 0x0000, 0x0000, 0x0000, 0x0002, 0x0001, 0x10A5,
  0x2967, 0x3166, 0x4208, 0x62EC, 0x20E6, 0x0002, 0x32EA, 0x338A, 0x2AE9, 0x2AE9, 0x336B, 0x21E8,
  0x08C4, 0x3B8A, 0x3329, 0x3329, 0x3329, 0x3329, 0x332A, 0x2AE8, 0x3388, 0x5CCB, 0x6D2C, 0x4C4A,
  0x3348, 0x2B29, 0x1285, 0x436A, 0xFFFF, 0xFFFF, 0xFFFF, 0xFFFF, 0xFFFF, 0xFFFF, 0xFFFF, 0xFFFF,
  0xFFFF, 0xFFFF, 0xFFFF, 0xFFFF, 0xFFFF, 0xFFBE, 0x5487, 0x5D68, 0x21A4, 0xA4F5, 0xFFFF, 0xDF1D,
  0xDF3D, 0xDF3D, 0xDF3D, 0xDF1D, 0xDF3D, 0xDF3D, 0xD6DC, 0xD6DC, 0xD6DC, 0xD6FC, 0xD6FC, 0xD6DC,
  0xD6DC, 0xD6DC, 0xD6DC, 0xD6DC, 0xCEDB, 0xCEDB, 0xCEDB, 0xCEDB, 0xD6DC, 0xD6DC, 0xD6DC, 0xD6FC,
  0xD6FC, 0xD6FC, 0xD6DC, 0xD6DC, 0xCEDC, 0xCEBC, 0xD6DC, 0xD6FC, 0xD6DC, 0xD6DC, 0xC69B, 0xFFFF,
  0x8C51, 0x29A9, 0x9D99, 0x2169, 0x08A6, 0x426B, 0xA5BA, 0x9D79, 0x3A0A, 0x4388, 0x652C, 0x5C8A,
  0x75AD, 0x19E4, 0x6AEE, 0xF75E, 0xF75E, 0x62EE, 0x318A, 0x31A8, 0x650A, 0x7E8B, 0x4BE8, 0x39A9,
  0xE71D, 0xE71D, 0xAD16, 0x3A0B, 0x4A8E, 0x1964, 0x546A, 0x2B27, 0x2B08, 0x3349, 0x0140, 0xBE38,
  0x9553, 0x01C1, 0x3329, 0x01A3, 0xB5F6, 0x9554, 0x01A3, 0x334A, 0x334A, 0x12A7, 0x5C0E, 0xD6BA,
  0x1A88, 0x1AE9, 0x1A88, 0x1268, 0x1267, 0x1287, 0x1AA8, 0x22E9, 0x2329, 0x43CB, 0x544C, 0x546B,
  0x64AB, 0x752C, 0x858C, 0x8DEC, 0x960D, 0xA68D, 0xC70F, 0x8DEE, 0x2228, 0x10C5, 0x08A6, 0x08C6,
  0x19A8, 0x11C7, 0x19E8, 0x1A08, 0x2228, 0x2A89, 0x2AAA, 0x2B0A, 0x3B4C, 0x08A7, 0x224A, 0x43CC,
  0x2B09, 0x2308, 0x2B49, 0x2B29, 0x2B2A, 0x2B4A, 0x2B4A, 0x332A, 0x332A, 0x336A, 0x336A, 0x33AB,
  0x4CAE, 0x1127, 0x21A9, 0x5CCF, 0x3B8C, 0x332B, 0x2AAA, 0x2249, 0x2229, 0x19E7, 0x1A28, 0x0085,
  0x0085, 0x1186, 0x00E4, 0x0083, 0x0083, 0x2209, 0x3BCB, 0x2329, 0x2B29, 0x2B4A, 0x33CB, 0x2208,
  0x08A4, 0x43EC, 0x338A, 0x2B29, 0x2B29, 0x3329, 0x3329, 0x2B29, 0x3349, 0x3B89, 0x22E8, 0x22E9,
  0x332A, 0x3B8A, 0x0A44, 0x6C6F, 0xFFFF, 0xFFFF, 0xFFFF, 0xFFFF, 0xFFFF, 0xFFFF, 0xFFFF, 0xFFFF,
  0xFFFF, 0xFFFF, 0xFFFF, 0xFFFF, 0xFFFF, 0xFFFF, 0x64E9, 0x5526, 0x21C4, 0xA4F5, 0xFFFF, 0xDF1D,
  0xDF3D, 0xDF3D, 0xDF3D, 0xDF3D, 0xE73D, 0xD6FC, 0xD6DC, 0xD6FC, 0xD6FC, 0xD6FC, 0xD6DC, 0xD6DC,
  0xD6DC, 0xD6DC, 0xD6DC, 0xD6DC, 0xCEDC, 0xCEDB, 0xCEDB, 0xCEDB, 0xD6DC, 0xD6DC, 0xD6DC, 0xD6FC,
  0xD6DC, 0xD6FC, 0xD6FC, 0xD6DC, 0xCEDC, 0xCEDC, 0xCEDC, 0xD6DC, 0xD6DC, 0xD6DC, 0xCEBC, 0xFFFF,
  0x8C51, 0x29C9, 0x9DBA, 0x2169, 0x10C6, 0x426B, 0xA5DA, 0xA599, 0x3A0A, 0x11A4, 0x2AE8, 0x22A7,
  0x3349, 0x00E2, 0x9473, 0xFFFF, 0xFFFF, 0x6B8F, 0x4A8E, 0x420A, 0x2B06, 0x4C89, 0x1A03, 0x5ACC,
  0xFFFF, 0xFFFF, 0xD6BB, 0x3A4A, 0x6390, 0x08C3, 0x2AE9, 0x1AA7, 0x22E8, 0x2B49, 0x0203, 0xB617,
  0xAE16, 0x0203, 0x3308, 0x0141, 0xB5F6, 0x8D12, 0x00C0, 0x1267, 0x0A46, 0x0162, 0x536C, 0xCEDA,
  0x1A64, 0x3B87, 0x4BE8, 0x5C48, 0x6469, 0x6449, 0x53E9, 0x43A9, 0x4388, 0x4BC9, 0x4BE9, 0x4BC9,
  0x4BC8, 0x53A8, 0x53C8, 0x53E7, 0x5C28, 0x6C88, 0x84EA, 0x5C2B, 0x0127, 0x0025, 0x08C7, 0x08E7,
  0x0086, 0x00C7, 0x00A6, 0x0886, 0x08A6, 0x08A6, 0x08A7, 0x08C7, 0x0886, 0x08C8, 0x0066, 0x0044,
  0x330A, 0x2B4A, 0x2B09, 0x2B09, 0x2AE9, 0x2AE9, 0x2AE9, 0x2AE9, 0x22E9, 0x22E8, 0x2308, 0x22C8,
  0x332B, 0x1949, 0x1969, 0x43ED, 0x3B8C, 0x43AD, 0x43AC, 0x438C, 0x43AC, 0x43EC, 0x54AF, 0x0906,
  0x1967, 0x6D31, 0x440D, 0x3B8B, 0x3BAB, 0x3BAB, 0x2B49, 0x2B49, 0x2B4A, 0x2AAA, 0x2ACA, 0x21E8,
  0x10C5, 0x330B, 0x32C9, 0x332A, 0x3329, 0x3349, 0x3349, 0x3349, 0x2B09, 0x2AE8, 0x332A, 0x334A,
  0x334A, 0x336A, 0x0A24, 0x9D74, 0xFFFF, 0xFFFF, 0xFFFF, 0xFFFF, 0xFFFF, 0xFFFF, 0xFFFF, 0xFFFF,
  0xFFFF, 0xFFFF, 0xFFFF, 0xFFFF, 0xFFFF, 0xFFFF, 0x95B0, 0x5527, 0x21E5, 0xA4D4, 0xFFFF, 0xDF3D,
  0xE73D, 0xDF1D, 0xDF1D, 0xE73D, 0xDF1D, 0xD6DC, 0xD6DC, 0xD6DC, 0xD6FC, 0xD6FC, 0xD6DC, 0xD6DC,
  0xD6DC, 0xD6DC, 0xD6DC, 0xD6DC, 0xCEDB, 0xCEDB, 0xCEDC, 0xCEDC, 0xCEDC, 0xD6DC, 0xD6FC, 0xD6DC,
  0xD6FC, 0xD6FC, 0xD6FC, 0xD6DC, 0xCEDC, 0xCEDC, 0xCEDC, 0xD6DC, 0xD6DC, 0xD6FC, 0xCEBC, 0xFFFF,
  0x8C51, 0x29C9, 0x9D99, 0x2989, 0x1948, 0x424B, 0xA5DA, 0x9D99, 0x3A0A, 0x2226, 0x3B49, 0x3329,
  0x546D, 0x0964, 0x94B3, 0xFFFF, 0xFFFF, 0x73D0, 0x52CF, 0x426B, 0x2B29, 0x3BEA, 0x11E6, 0x630C,
  0xFFFF, 0xFFFF, 0xE75D, 0x426B, 0x6370, 0x1965, 0x442D, 0x1AC7, 0x1AC8, 0x2329, 0x01C3, 0xB5F7,
  0xA5B5, 0x01A2, 0x4BEB, 0x3B07, 0xC698, 0xC676, 0x6C2A, 0x95CE, 0xA62E, 0xA62B, 0xBEB2, 0xEFBC,
  0xC6AC, 0xD72B, 0xDF4C, 0xD72B, 0xCEEB, 0xCECA, 0xC6AA, 0xBE6A, 0xB64A, 0xA5EA, 0x9589, 0x8D49,
  0x8509, 0x7CA9, 0x6C27, 0x5BC6, 0x5386, 0x4B44, 0x32E3, 0x4345, 0x6C8B, 0x644B, 0x53CA, 0x4B8A,
  0x4329, 0x32C9, 0x2AA8, 0x2268, 0x2248, 0x1A48, 0x1A28, 0x1A09, 0x19E8, 0x19E8, 0x1188, 0x11A8,
  0x1289, 0x1288, 0x1268, 0x1289, 0x1AA9, 0x1AA9, 0x1AA9, 0x22CA, 0x22EA, 0x22E9, 0x338B, 0x1966,
  0x0003, 0x10A8, 0x08A7, 0x0065, 0x00A6, 0x08A5, 0x08C5, 0x08E5, 0x08C6, 0x08E5, 0x1147, 0x0886,
  0x0886, 0x1946, 0x21E7, 0x334A, 0x2B29, 0x2B49, 0x2B29, 0x2B6A, 0x336B, 0x0885, 0x0025, 0x0886,
  0x08A6, 0x0045, 0x0003, 0x32A9, 0x3BAA, 0x2B49, 0x3329, 0x3329, 0x3329, 0x3349, 0x3349, 0x334A,
  0x334A, 0x336A, 0x1266, 0xBE58, 0xFFFF, 0xFFFF, 0xFFFF, 0xFFFF, 0xFFFF, 0xFFFF, 0xFFFF, 0xFFFF,
  0xFFFF, 0xFFFF, 0xFFFF, 0xFFFF, 0xFFFF, 0xFFFF, 0xB5D6, 0x11A3, 0x00C3, 0xAD35, 0xFFFF, 0xDF1C,
  0xDF1D, 0xE73D, 0xDF3D, 0xDF3D, 0xD6DC, 0xD6DC, 0xD6FC, 0xD6FC, 0xD6FC, 0xD6FC, 0xD6DC, 0xD6DC,
  0xD6DC, 0xD6DC, 0xD6DC, 0xD6DC, 0xCEDB, 0xCEDB, 0xCEDC, 0xD6DC, 0xD6DC, 0xD6DC, 0xD6FC, 0xD6FC,
  0xD6FC, 0xD6FC, 0xD6DC, 0xD6DC, 0xD6DC, 0xCEDC, 0xD6DC, 0xD6DC, 0xD6DC, 0xCEDB, 0xCEBB, 0xFFFF,
  0x9471, 0x31C9, 0xA5BA, 0x2149, 0x0001, 0x3A09, 0xAE1B, 0x9D99, 0x3A0A, 0x1A05, 0x3B69, 0x3B4A,
  0x19C5, 0x0000, 0x2105, 0x6B8E, 0x73AF, 0x1905, 0x0864, 0x0043, 0x00C3, 0x0944, 0x0041, 0x0863,
  0x634E, 0x6B4D, 0x738F, 0x29A8, 0x2967, 0x0000, 0x32E8, 0x4BEA, 0x3327, 0x3368, 0x0161, 0xADD6,
  0x9D54, 0x0040, 0x3B69, 0x32C8, 0xC679, 0xC697, 0x5BC9, 0x850C, 0x8D4B, 0x84EA, 0x9D6F, 0xE75B,
  0x954A, 0xA5EA, 0xAE4C, 0xB68C, 0xBE8C, 0xC6CC, 0xC6CC, 0xC6EB, 0xCEEB, 0xD70C, 0xD72C, 0xDF4C,
  0xDF6C, 0xDF6C, 0xDF6C, 0xDF6C, 0xDF2C, 0xD72C, 0xCF0C, 0xC6EB, 0xBECA, 0xC6EA, 0xBECB, 0xB68B,
  0xAE4A, 0xA60A, 0x9DEA, 0x95AA, 0x8D89, 0x8D49, 0x8529, 0x7D09, 0x74E9, 0x74EA, 0x74CA, 0x648B,
  0x5409, 0x4BC8, 0x4388, 0x3B48, 0x3348, 0x3307, 0x22C7, 0x1A86, 0x1246, 0x0A26, 0x0A06, 0x09C6,
  0x0187, 0x0987, 0x11C8, 0x11C8, 0x11C8, 0x11A8, 0x1988, 0x1168, 0x1148, 0x1128, 0x0927, 0x1969,
  0x1128, 0x0064, 0x1946, 0x3B8B, 0x2B4A, 0x334A, 0x334A, 0x2B49, 0x334A, 0x32EA, 0x2ACA, 0x2AC9,
  0x2AA9, 0x2A89, 0x2A89, 0x3329, 0x336A, 0x334A, 0x334A, 0x334A, 0x334A, 0x336A, 0x2B4A, 0x2B2A,
  0x2B2A, 0x1AC8, 0x22A7, 0xF7BE, 0xFFFF, 0xFFFF, 0xFFFF, 0xFFFF, 0xFFFF, 0xFFFF, 0xFFFF, 0xFFFF,
  0xFFFF, 0xFFFF, 0xFFFF, 0xFFFF, 0xFFFF, 0xFFFF, 0xE73C, 0x0945, 0x0000, 0xB575, 0xFFFF, 0xF7DF,
  0xFFFF, 0xDEFD, 0xE73D, 0xD6FC, 0xCEBB, 0xD6DC, 0xD6FC, 0xD6DC, 0xD6FC, 0xD6FC, 0xD6FC, 0xD6DC,
  0xD6DC, 0xD6DC, 0xD6DC, 0xD6DC, 0xCEDC, 0xCEDB, 0xCEDC, 0xCEDC, 0xD6DC, 0xD6FC, 0xD6DC, 0xD6FC,
  0xD6FC, 0xD6DC, 0xD6DC, 0xD6DC, 0xD6DC, 0xCEDC, 0xCEDC, 0xC69B, 0xD73D, 0xFFFF, 0xD71D, 0xFFFF,
  0x9491, 0x31C9, 0xAE1B, 0x1906, 0x3A2A, 0x7CB4, 0x9558, 0x9D99, 0x39E9, 0x2246, 0x4BCC, 0x1945,
  0x5A6B, 0xB596, 0x8451, 0x6B4D, 0x6B6E, 0x8431, 0x8C51, 0x8C72, 0x8C52, 0x8C31, 0x9472, 0x8C52,
  0x8C52, 0x7BF0, 0x10A3, 0x08A4, 0x426B, 0x52CE, 0x18C6, 0x7C2A, 0xE7D0, 0xB68B, 0x95A8, 0xD718,
  0xD6D7, 0x7486, 0x7CE8, 0x5BA4, 0xCEB8, 0xB616, 0x32A3, 0x4386, 0x3326, 0x19A3, 0x530B, 0xCEDA,
  0x09A3, 0x0A04, 0x1A86, 0x22A6, 0x2AC5, 0x32E6, 0x32E6, 0x3AE6, 0x3B06, 0x3B46, 0x53A7, 0x63E8,
  0x6C69, 0x7CCA, 0x850A, 0x8D4A, 0x95AA, 0x9DCA, 0xA5EB, 0xB66B, 0xC6CC, 0xCF0C, 0xCF2C, 0xCF2B,
  0xCF2B, 0xD74B, 0xD72B, 0xCF2B, 0xD72B, 0xD72B, 0xCF0B, 0xCF0A, 0xCEEB, 0xC6EB, 0xC6CA, 0xC6CA,
  0xC6CA, 0xC6CA, 0xC6AA, 0xBE8A, 0xB66B, 0xB64A, 0xAE2A, 0x9E0A, 0x95CA, 0x8D8A, 0x7D09, 0x750A,
  0x74EB, 0x64AA, 0x5C6A, 0x5449, 0x4C29, 0x43EA, 0x3BAA, 0x3349, 0x3329, 0x2B0A, 0x2B09, 0x22A9,
  0x2288, 0x1A68, 0x1247, 0x0A05, 0x0A26, 0x1267, 0x22C8, 0x2B29, 0x2B49, 0x338A, 0x338A, 0x338A,
  0x2B6A, 0x2B4A, 0x234A, 0x1AC9, 0x1A89, 0x1288, 0x1267, 0x1247, 0x1A66, 0x1AA7, 0x22E8, 0x2B08,
  0x3368, 0x1A84, 0x6C2D, 0xFFFF, 0xFFFF, 0xFFFF, 0xFFFF, 0xFFFF, 0xFFFF, 0xFFFF, 0xFFFF, 0xFFFF,
  0xFFFF, 0xFFFF, 0xFFFF, 0xFFFF, 0xFFFF, 0xFFFF, 0xFFFF, 0x430A, 0x0000, 0xBD96, 0xFFFF, 0xA535,
  0x8410, 0xEF7E, 0xDF3D, 0xCEBB, 0xD6DC, 0xD6DC, 0xD6DC, 0xD6FC, 0xD6DC, 0xD6DC, 0xD6DC, 0xD6DC,
  0xD6DC, 0xD6DC, 0xD6DC, 0xD6DC, 0xD6DC, 0xD6DC, 0xD6DC, 0xD6DC, 0xD6DC, 0xD6DC, 0xD6DC, 0xD6DC,
  0xD6DC, 0xD6DC, 0xD6DC, 0xD6DC, 0xCEDC, 0xCEDC, 0xCEDC, 0xDF1D, 0xC659, 0x73CF, 0xB5F8, 0xFFFF,
  0x9492, 0x29C9, 0xAE1B, 0x2988, 0xA5D9, 0xAE1A, 0x7C74, 0xA5B9, 0x2147, 0x0124, 0x0186, 0x0042,
  0xFFBF, 0xD69A, 0xFFFF, 0xFFFF, 0xFFFF, 0xFFFF, 0xFFFF, 0xFFFF, 0xFFFF, 0xFFFF, 0xFFFF, 0xFFFF,
  0xBDD7, 0xDEFB, 0xC5F8, 0x29A8, 0x959A, 0xADFB, 0x4A90, 0x4243, 0xD78C, 0xAE07, 0x95A4, 0xD6D5,
  0xE776, 0xB646, 0xCECB, 0xBEA8, 0xEF78, 0xE778, 0xC6EA, 0xD72E, 0xCF2E, 0xB68B, 0xBE71, 0xEF9B,
  0x9DEB, 0x9E0A, 0x9DAB, 0x958A, 0x8549, 0x7CC9, 0x6448, 0x53C7, 0x4B67, 0x3B07, 0x32C6, 0x32A5,
  0x2A85, 0x2A85, 0x2285, 0x2264, 0x1A44, 0x1A65, 0x2285, 0x2AC6, 0x3306, 0x3B67, 0x4387, 0x4BA7,
  0x53C7, 0x5C27, 0x6C68, 0x7CC9, 0x8529, 0x958A, 0x9DAA, 0x9DEB, 0xA62C, 0xB64B, 0xB6AB, 0xC6EC,
  0xC6EC, 0xCEEC, 0xCF2B, 0xD72B, 0xD72B, 0xCF0B, 0xCF0B, 0xCF2B, 0xD72B, 0xD72B, 0xD72B, 0xCF0A,
  0xCECA, 0xC6CA, 0xC6AB, 0xBEAC, 0xBEAC, 0xB68B, 0xAE4A, 0xA62A, 0xA60A, 0x9DE9, 0xA5EA, 0x9DEB,
  0x9DEB, 0x9DEC, 0x95CC, 0x958D, 0x7D2C, 0x6CCD, 0x544C, 0x2B49, 0x2B29, 0x2B29, 0x1AE8, 0x1AC7,
  0x22E7, 0x32E7, 0x32E6, 0x3B26, 0x4387, 0x4BE7, 0x5C48, 0x7488, 0x84E8, 0x956A, 0xA5CA, 0xAE0B,
  0xB66C, 0xADE8, 0xDF36, 0xFFFF, 0xFFFF, 0xFFFF, 0xFFFF, 0xFFFF, 0xFFFF, 0xFFFF, 0xFFFF, 0xFFFF,
  0xFFFF, 0xFFFF, 0xFFFF, 0xFFFF, 0xFFFF, 0xFFFF, 0xFFFF, 0x9534, 0x0000, 0xAD14, 0xFFFF, 0x424A,
  0x0000, 0xF7BE, 0xD71D, 0xD6DC, 0xD6DC, 0xD6DC, 0xD6DC, 0xD6FC, 0xD6FC, 0xD6DC, 0xD6DC, 0xD6DC,
  0xD6DC, 0xD6DC, 0xCEDB, 0xCEDC, 0xD6DC, 0xD6DC, 0xD6DC, 0xD6DC, 0xD6DC, 0xD6DC, 0xD6DC, 0xD6DC,
  0xD6DC, 0xD6FC, 0xD6DC, 0xD6DC, 0xCEDC, 0xCEDC, 0xCEBC, 0xEFBF, 0xAD96, 0x0000, 0x94F4, 0xFFFF,
  0x8410, 0x2189, 0xAE1C, 0x2167, 0x84B5, 0x9516, 0x9D78, 0x8CD7, 0x10C3, 0x6C29, 0x53A7, 0x2124,
  0xD69A, 0x2966, 0xA535, 0xFFFF, 0xFFFF, 0xFFDF, 0xFFFF, 0xFFFF, 0xFFFF, 0xFFDF, 0xFFFF, 0xFFFF,
  0x18C3, 0x632D, 0xDEDB, 0x1946, 0x6C34, 0x7C96, 0x31EC, 0x5B28, 0xF7F2, 0xC6EA, 0xAE87, 0xDF37,
  0xEF78, 0xB667, 0xCECB, 0xAE26, 0xE758, 0xDF16, 0xA5C6, 0xB629, 0xB608, 0xADC6, 0xBE4E, 0xEF7A,
  0xAE08, 0xB648, 0xBE49, 0xBE6A, 0xBE8A, 0xBEAA, 0xBEAB, 0xC6CB, 0xC6CB, 0xC6CC, 0xC6EC, 0xC6CC,
  0xC6CC, 0xBE8C, 0xB68C, 0xB64C, 0xA60C, 0x9DCB, 0x8D8B, 0x8D4A, 0x74C9, 0x6468, 0x5C27, 0x53C7,
  0x4367, 0x3B26, 0x3B06, 0x32E7, 0x2AA6, 0x2266, 0x1A25, 0x1A25, 0x1A24, 0x2A24, 0x3265, 0x3AE6,
  0x3B26, 0x4366, 0x4387, 0x53C7, 0x5C08, 0x6448, 0x6C88, 0x7CE9, 0x8D69, 0x9DAA, 0xA60B, 0xBE6B,
  0xC6AB, 0xC6CB, 0xCF0C, 0xCF0C, 0xCF2C, 0xD72C, 0xD72C, 0xCF4C, 0xCF2C, 0xC6CC, 0xB66C, 0xA60C,
  0x95AB, 0x854B, 0x74CB, 0x5C4A, 0x4BC8, 0x3307, 0x22A7, 0x1AA8, 0x1288, 0x2B09, 0x6C8C, 0x8D4D,
  0xA5EE, 0xB66F, 0xC6CE, 0xCF2E, 0xDF6E, 0xE7AF, 0xE7CF, 0xE7EE, 0xE7AE, 0xE7AE, 0xE78D, 0xDF6C,
  0xDF4B, 0xBE48, 0xE759, 0xFFFF, 0xFFFF, 0xFFFF, 0xFFFF, 0xFFFF, 0xFFFF, 0xFFFF, 0xFFFF, 0xFFFF,
  0xFFFF, 0xFFFF, 0xFFFF, 0xFFFF, 0xFFFF, 0xFFFF, 0xFFFF, 0xDF3C, 0x0000, 0x526B, 0xFFFF, 0xE71D,
  0xD6DC, 0xD71D, 0xCEDC, 0xD6DC, 0xD6DC, 0xD6DC, 0xD6DC, 0xD6DC, 0xCEDC, 0xCEDC, 0xCEDC, 0xD6DC,
  0xCEDC, 0xCEDC, 0xCEDC, 0xCEDC, 0xCEDC, 0xCEDC, 0xD6DC, 0xD6DC, 0xD6DB, 0xD6DC, 0xD6DB, 0xD6DC,
  0xD6DC, 0xD6DC, 0xD6DB, 0xCEDC, 0xCEDC, 0xCEDC, 0xCEBC, 0xC69B, 0xD71D, 0xD6DC, 0xDF3D, 0xFFFF,
  0x31A7, 0x63B2, 0x84D5, 0x18E5, 0xA5B9, 0x9D57, 0xC6DE, 0x2129, 0x6BC9, 0xFFF0, 0xD78E, 0x2984,
  0xCE3A, 0xF7BF, 0xFFFF, 0xFFFF, 0xFFFF, 0xFFFF, 0xFFFF, 0xFFFF, 0xFFFF, 0xFFFF, 0xFFFF, 0xFFFF,
  0xF7DF, 0xFFFF, 0xB5B6, 0x2147, 0x7455, 0x7CB6, 0x52CF, 0x18E3, 0x42E7, 0x3AC4, 0x3203, 0xBDF6,
  0xD6D8, 0x6C26, 0x8D4A, 0x84C8, 0xDF19, 0xD717, 0x95A9, 0xB68D, 0xC6CD, 0xC6CB, 0xD712, 0xEFDC,
  0xCEED, 0xD6EC, 0xCECB, 0xBEAA, 0xBE8A, 0xB649, 0xB629, 0xB628, 0xAE08, 0xADE7, 0xADE7, 0xADC7,
  0xA5C7, 0xADE8, 0xADE8, 0xB608, 0xB629, 0xBE69, 0xBE8A, 0xC6AB, 0xC6CB, 0xC6CB, 0xCEEC, 0xCF0D,
  0xCF0D, 0xCF0D, 0xC6EE, 0xC6CE, 0xB68D, 0xAE2C, 0xA60B, 0x9DCB, 0x8D6A, 0x850A, 0x7CA9, 0x7469,
  0x6449, 0x6448, 0x5C28, 0x5C28, 0x5C08, 0x5BE9, 0x5C09, 0x5C09, 0x5409, 0x4BE8, 0x43A9, 0x3B48,
  0x3B48, 0x4BA8, 0x53C8, 0x53C7, 0x4BA7, 0x4346, 0x3B06, 0x2AA5, 0x2285, 0x1A04, 0x1203, 0x1203,
  0x1A04, 0x2264, 0x2AC5, 0x3B46, 0x4BA7, 0x53E7, 0x53E7, 0x4BC8, 0x4388, 0x4388, 0x53A8, 0x4B67,
  0x3B26, 0x3305, 0x2AC5, 0x3285, 0x32A5, 0x32C5, 0x3AE5, 0x3B25, 0x4366, 0x53A6, 0x63E7, 0x7468,
  0x84C8, 0x9D4C, 0xFFDF, 0xFFFF, 0xFFFF, 0xFFFF, 0xFFFF, 0xFFFF, 0xFFFF, 0xFFFF, 0xFFFF, 0xFFFF,
  0xFFFF, 0xFFFF, 0xFFFF, 0xFFFF, 0xFFFF, 0xFFFF, 0xFFFF, 0xFFFF, 0x3249, 0x0000, 0xAD55, 0xFFFF,
  0xF7FF, 0xDF3D, 0xE75E, 0xE75E, 0xE75E, 0xDF3D, 0xDF5D, 0xDF3D, 0xDF3D, 0xDF3D, 0xDF3D, 0xDF5D,
  0xDF5D, 0xDF3D, 0xDF3D, 0xDF1D, 0xDF3D, 0xDF3D, 0xDF3D, 0xDF3D, 0xDF5D, 0xE73D, 0xDF3D, 0xDF3D,
  0xDF3D, 0xDF3D, 0xDF3D, 0xDF3D, 0xDF3D, 0xDF3D, 0xDF3D, 0xDF1D, 0xD6FC, 0xE77E, 0xFFFF, 0x9CB2,
  0x1926, 0xCF1F, 0x1905, 0x7C32, 0xE7BF, 0xA5B9, 0x2969, 0x4A66, 0xD76E, 0xAE47, 0xAE6A, 0x2964,
  0xD6BC, 0xFFFF, 0x5AEC, 0x4A29, 0x52CB, 0x52AB, 0x528B, 0x528B, 0x528B, 0x52AB, 0x528B, 0x4A49,
  0xCE9A, 0xFFFF, 0xB596, 0x2147, 0x7455, 0x7C96, 0x426D, 0x29A4, 0x63E9, 0x3B05, 0x3204, 0xBDD6,
  0xADD6, 0x0962, 0x22A6, 0x1163, 0xC658, 0x8CB2, 0x00A1, 0x2265, 0x3285, 0x2A64, 0x6C0D, 0xD6DA,
  0x4B67, 0x5C28, 0x6C49, 0x74A9, 0x7CE9, 0x8D6A, 0x9DEB, 0xAE0B, 0xB66C, 0xB6AC, 0xBEAD, 0xBECC,
  0xC6EC, 0xC6CC, 0xC6CB, 0xC6CB, 0xC6CB, 0xC68A, 0xBE6A, 0xB649, 0xB629, 0xAE09, 0xADE9, 0xA5E9,
  0xA5E8, 0xADE8, 0xAE28, 0xB628, 0xBE68, 0xC6A9, 0xCECA, 0xD72B, 0xDF6D, 0xDFAE, 0xDFCF, 0xE7D0,
  0xE7D1, 0xE7B0, 0xDF90, 0xCF50, 0xC70F, 0xB68F, 0x95EE, 0x750C, 0x542A, 0x3B67, 0x22C6, 0x0A05,
  0x01A4, 0x01A3, 0x09A3, 0x1A03, 0x2A84, 0x3304, 0x4B86, 0x6407, 0x7488, 0x850A, 0x958B, 0xA5EB,
  0xB66C, 0xBEAC, 0xC6EC, 0xCEEC, 0xCEEC, 0xCECB, 0xC6CB, 0xC6AA, 0xBEAB, 0xBE8C, 0xAE2B, 0xA60B,
  0x9DCB, 0x95AB, 0x8D6B, 0x850A, 0x7488, 0x6C48, 0x5BE7, 0x5386, 0x4B66, 0x3B26, 0x3AE6, 0x3AE6,
  0x11A2, 0x7C4F, 0xFFFF, 0xFFFF, 0xFFFF, 0xFFFF, 0xFFFF, 0xFFFF, 0xFFFF, 0xFFFF, 0xFFFF, 0xFFFF,
  0xFFFF, 0xFFFF, 0xFFFF, 0xFFFF, 0xFFFF, 0xFFFF, 0xFFFF, 0xFFFF, 0x7C6F, 0x00C2, 0x0001, 0x5ACC,
  0xCE5A, 0xE71D, 0xE71D, 0xE71D, 0xF79E, 0xEF9E, 0xEF7E, 0xEF7D, 0xEF7D, 0xEF7D, 0xEF7D, 0xEF7D,
  0xEF7D, 0xDEDC, 0xDEFD, 0xE71D, 0xDEFD, 0xE71D, 0xE71D, 0xEF7E, 0xE73C, 0xEF5D, 0xE71D, 0xDF1D,
  0xEF7E, 0xF7DE, 0xF79E, 0xF7BE, 0xF7DE, 0xF7BF, 0xE75D, 0xEF9F, 0xFFFF, 0xEF5D, 0x7BAE, 0x10A3,
  0xA5BA, 0x31CA, 0x2968, 0xADD9, 0x4AAD, 0x2146, 0x7C0C, 0xFFF4, 0xE7CD, 0xDF8D, 0xE7B0, 0x31A5,
  0xDEFC, 0xF77E, 0x18C4, 0x7D91, 0x6DEF, 0x656D, 0x44AA, 0x448A, 0x4CAA, 0x4489, 0x658E, 0x11A4,
  0x83D1, 0xFFFF, 0xB5B6, 0x2167, 0x7435, 0x7C75, 0x29CB, 0x5B07, 0xF7F2, 0xCF4D, 0xBEEB, 0xEF9A,
  0xE779, 0xAE8A, 0xC6EE, 0xA629, 0xE779, 0xC676, 0x7467, 0x8509, 0x7CCA, 0x53A7, 0x748E, 0xD6BA,
  0x2A85, 0x32E5, 0x2A85, 0x2A45, 0x2245, 0x1A44, 0x1244, 0x1265, 0x1A65, 0x2285, 0x2A85, 0x2A84,
  0x32C4, 0x4325, 0x5386, 0x6427, 0x7CC9, 0x958B, 0xA60B, 0xAE2B, 0xB64C, 0xBE8C, 0xC6ED, 0xCF0D,
  0xCF2D, 0xCF2D, 0xC70E, 0xBECD, 0xAE4D, 0x9DED, 0x956B, 0x850A, 0x7489, 0x63E8, 0x4B66, 0x32E5,
  0x2264, 0x1224, 0x0A05, 0x0A05, 0x0205, 0x0205, 0x1266, 0x3388, 0x4C09, 0x6CCB, 0x8D8D, 0xAE2E,
  0xC6EF, 0xD76F, 0xDF8F, 0xE7AE, 0xE7CE, 0xE7AE, 0xDF8D, 0xDF4B, 0xD70A, 0xCECA, 0xC689, 0xBE49,
  0xB628, 0xB5E7, 0xADE8, 0xA5C7, 0xA5C7, 0xA5A8, 0xADC8, 0xADE8, 0xAE08, 0xB608, 0xB629, 0xBE49,
  0xBE49, 0xBE6A, 0xC68A, 0xC6AA, 0xC6CB, 0xC6CB, 0xCEEC, 0xCF0C, 0xCF0D, 0xCF0D, 0xCF0D, 0xCF2E,
  0xAE6A, 0xEF9A, 0xFFFF, 0xFFFF, 0xFFFF, 0xFFFF, 0xFFFF, 0xFFFF, 0xFFFF, 0xFFFF, 0xFFFF, 0xFFFF,
  0xFFFF, 0xFFFF, 0xFFFF, 0xFFFF, 0xFFFF, 0xFFFF, 0xFFFF, 0xFFFF, 0xBE17, 0x1A04, 0x4B89, 0x31E4,
  0x2985, 0x2145, 0x2986, 0x2985, 0x2125, 0x2126, 0x2125, 0x2104, 0x18E4, 0x1905, 0x1905, 0x18E5,
  0x2105, 0x31A6, 0x2985, 0x3186, 0x3186, 0x31A6, 0x31A6, 0x2125, 0x2147, 0x1905, 0x2966, 0x3186,
  0x2966, 0x2946, 0x2966, 0x2946, 0x2146, 0x2946, 0x31A7, 0x3186, 0x2966, 0x0862, 0x0000, 0x1928,
  0x2126, 0x0000, 0x3A29, 0x1944, 0x0060, 0x2A67, 0x640B, 0x3B05, 0x4B67, 0x5BE7, 0x744A, 0x2124,
  0xE71C, 0xF77E, 0x3A48, 0x8FD3, 0x8FF2, 0x8FB1, 0x66CD, 0x6EED, 0x6EEE, 0x66AD, 0x87F1, 0x3327,
  0x9412, 0xFFFF, 0xB5B6, 0x2147, 0x6C34, 0x7475, 0x320C, 0x4A85, 0xC70C, 0xADE8, 0x9586, 0xDF17,
  0xE718, 0xA5A5, 0xBE49, 0xA5A6, 0xE738, 0xDF56, 0xB647, 0xC6CB, 0xCECB, 0xC6AA, 0xD6F2, 0xF7DC,
  0xC6AD, 0xC6CB, 0xBEAC, 0xBE8C, 0xB68C, 0xB66D, 0xAE2C, 0xA60C, 0x9DCB, 0x958B, 0x8D6A, 0x84EA,
  0x748A, 0x642A, 0x5BEA, 0x53AA, 0x4389, 0x2AE7, 0x22C7, 0x22C7, 0x22C7, 0x2AE7, 0x3327, 0x4BA8,
  0x4387, 0x3306, 0x32A5, 0x2244, 0x1224, 0x1225, 0x1225, 0x1A46, 0x2A86, 0x32C6, 0x4326, 0x4346,
  0x4346, 0x3B47, 0x3B28, 0x3328, 0x3328, 0x2B29, 0x3348, 0x43C8, 0x53E8, 0x5C08, 0x5C08, 0x5408,
  0x5408, 0x5C28, 0x5C48, 0x6468, 0x6C68, 0x7CA8, 0x84E9, 0x8D49, 0x958A, 0xA5CA, 0xAE0B, 0xB66C,
  0xB68C, 0xBEAC, 0xC6CD, 0xC6ED, 0xCEEC, 0xCEEC, 0xCEEB, 0xCEEB, 0xC6AA, 0xC6AA, 0xC6AA, 0xBE6A,
  0xBE69, 0xB649, 0xB629, 0xB609, 0xB609, 0xADE9, 0xADE8, 0xADE8, 0xADE8, 0xADE8, 0xAE09, 0xADE8,
  0xADCA, 0xFFFE, 0xFFFF, 0xFFFF, 0xFFFF, 0xFFFF, 0xFFFF, 0xFFFF, 0xFFFF, 0xFFFF, 0xFFFF, 0xFFFF,
  0xFFFF, 0xFFFF, 0xFFFF, 0xFFFF, 0xFFFF, 0xFFFF, 0xFFFF, 0xFFFF, 0xFFFF, 0xB60D, 0xC6AA, 0xD76E,
  0xB64B, 0xA5AA, 0xAE2A, 0xADEB, 0x0022, 0x192A, 0x21AA, 0x2189, 0x0004, 0x0025, 0x0046, 0x0005,
  0x0863, 0xBE6D, 0xB64A, 0xA5C9, 0xA5A9, 0xA5A8, 0xBE4D, 0x31C6, 0x4AD0, 0x2966, 0xB62D, 0xDF0F,
  0x4A86, 0x08A7, 0x428E, 0x0866, 0x0002, 0x31C5, 0xDEF3, 0x73E8, 0x0003, 0x3A4D, 0x2189, 0x0003,
  0x10A3, 0xC6F1, 0xB68B, 0xB64C, 0xB6AE, 0x958B, 0x6C28, 0x6409, 0x4B87, 0x4326, 0x3A85, 0x08A3,
  0xEF3D, 0xFF9F, 0x2145, 0x75F0, 0x6E4F, 0x65CD, 0x554B, 0x554B, 0x556B, 0x4D2A, 0x76B0, 0x1A04,
  0x83D0, 0xFFFF, 0xB5B6, 0x1926, 0x6C15, 0x7476, 0x29CC, 0x5B07, 0xFFF2, 0xCF0C, 0xBE89, 0xE779,
  0xE737, 0xA5C5, 0xBE49, 0xA5A5, 0xE738, 0xD6F5, 0xA5A5, 0xBE49, 0xBE49, 0xB606, 0xCE90, 0xEFBB,
  0xBE8B, 0xCEEB, 0xD70C, 0xCF0C, 0xCEEC, 0xC6ED, 0xC6CC, 0xBEAC, 0xBE8D, 0xAE4C, 0x9DEC, 0x95AD,
  0x7D2C, 0x64AA, 0x4C09, 0x4389, 0x32E8, 0x1246, 0x0A06, 0x1266, 0x1286, 0x1AA6, 0x22C6, 0x22C5,
  0x3306, 0x4387, 0x6429, 0x7CCA, 0x8D4A, 0x9DCB, 0xA62C, 0xB68C, 0xBECD, 0xC6ED, 0xCF2D, 0xCF0D,
  0xCF0D, 0xC6ED, 0xC6CC, 0xBE8C, 0xB68B, 0xAE4B, 0xA60B, 0x9D8A, 0x8D49, 0x7D09, 0x6CC9, 0x6468,
  0x5408, 0x4BC7, 0x3B87, 0x3B46, 0x3305, 0x2AE5, 0x2AA5, 0x22A5, 0x22A5, 0x2285, 0x22A5, 0x2AA6,
  0x2AC6, 0x32E6, 0x32E6, 0x3326, 0x4366, 0x4BA7, 0x5408, 0x6448, 0x74A9, 0x84E9, 0x8D4A, 0x958B,
  0xA5CC, 0xAE4C, 0xB68D, 0xBECD, 0xC6CD, 0xCEED, 0xD6ED, 0xCEED, 0xCEED, 0xCEED, 0xCF0C, 0xB648,
  0xC650, 0xFFFF, 0xFFFF, 0xFFFF, 0xFFFF, 0xFFFF, 0xFFFF, 0xFFFF, 0xFFFF, 0xFFFF, 0xFFFF, 0xFFFF,
  0xFFFF, 0xFFFF, 0xFFFF, 0xFFFF, 0xFFFF, 0xFFFF, 0xFFFF, 0xFFFF, 0xFFFF, 0xCEB2, 0x9D85, 0xAE08,
  0xB629, 0xBE69, 0xC6E9, 0xBE8A, 0x0863, 0x3A50, 0x4B31, 0x4B31, 0x1109, 0x18E9, 0x1909, 0x10CA,
  0x0044, 0xB64B, 0xCF2B, 0xBE69, 0xBE6A, 0xBE88, 0xCF0C, 0x4A87, 0x6372, 0x4228, 0xCF0D, 0xEFEE,
  0x5B48, 0x218B, 0x5B72, 0x216A, 0x0005, 0x5307, 0xFFF3, 0x8CE8, 0x2149, 0x6C14, 0x29C9, 0x0003,
  0x2125, 0xCEED, 0xBEA8, 0xB648, 0xB649, 0xBEAA, 0xCF0B, 0xCF0B, 0xCF2C, 0xDF8D, 0xE790, 0x31A5,
  0xCE7B, 0xFFFF, 0x8410, 0x5AAB, 0x630C, 0x632D, 0x6B4D, 0x632D, 0x632D, 0x632D, 0x632D, 0x6B4D,
  0xCE59, 0xFFFF, 0xB596, 0x1926, 0x6C14, 0x7475, 0x42AE, 0x2144, 0x7C8B, 0x7D09, 0x84C7, 0xDEF9,
  0xEF9A, 0xA628, 0xC6AD, 0xA66A, 0xEF9A, 0xEFB9, 0xB6AA, 0xBEAC, 0xAE0B, 0x8D09, 0xA5B1, 0xDF3B,
  0x6408, 0x53A7, 0x4387, 0x43A8, 0x3B88, 0x3328, 0x22E7, 0x1A86, 0x1246, 0x0A25, 0x1266, 0x22C6,
  0x3307, 0x4346, 0x53C7, 0x5C27, 0x7487, 0x8D29, 0x9DAA, 0xA62B, 0xB66C, 0xBEAC, 0xC6EC, 0xCF0C,
  0xCF0C, 0xCEEC, 0xC6CB, 0xC6AB, 0xBE8B, 0xBE6A, 0xBE69, 0xB629, 0xB609, 0xAE09, 0xAE09, 0xAE09,
  0xAE09, 0xAE09, 0xAE09, 0xB609, 0xB629, 0xB649, 0xBE6A, 0xBE8A, 0xBE8B, 0xBEAB, 0xC6CB, 0xCEEC,
  0xCEEC, 0xCEEC, 0xCF0C, 0xC6EC, 0xC6ED, 0xBECD, 0xB68C, 0xAE4C, 0xA62C, 0x9DCC, 0x8D8B, 0x852A,
  0x7CE9, 0x6C88, 0x6427, 0x53C7, 0x4386, 0x3326, 0x3306, 0x2AC6, 0x2285, 0x1A65, 0x1A24, 0x0A04,
  0x0A03, 0x1224, 0x2264, 0x2A85, 0x32C5, 0x3306, 0x3B47, 0x4B88, 0x53E8, 0x5C08, 0x6C69, 0x6C26,
  0xDF19, 0xFFFF, 0xFFFF, 0xFFFF, 0xFFFF, 0xFFFF, 0xFFFF, 0xFFFF, 0xFFFF, 0xFFFF, 0xFFFF, 0xFFFF,
  0xFFFF, 0xFFFF, 0xFFFF, 0xFFFF, 0xFFFF, 0xFFFF, 0xFFFF, 0xFFFF, 0xFFFF, 0xEF7B, 0x9D67, 0xAE08,
  0xAE09, 0xADE9, 0xADE8, 0xC6EC, 0x31A5, 0x0005, 0x0087, 0x0887, 0x0004, 0x0004, 0x0004, 0x0003,
  0x1925, 0xC6ED, 0xBE69, 0xB609, 0xB629, 0xB629, 0xBE8C, 0x4247, 0x63B3, 0x3A28, 0xBE6C, 0xE7CE,
  0x5B07, 0x196A, 0x4B10, 0x216A, 0x0005, 0x4AC7, 0xFFF2, 0x8488, 0x10E7, 0x5352, 0x29CA, 0x0045,
  0x10E4, 0xB62B, 0xBE69, 0xADE9, 0xAE09, 0xADE8, 0xAE08, 0xAE08, 0xAE08, 0xAE28, 0xBE8B, 0x31C5,
  0xD69B, 0xFFFF, 0x8C72, 0x62CC, 0x730E, 0x732E, 0x732F, 0x732F, 0x732F, 0x734F, 0x6AEE, 0x7BAF,
  0xD6DB, 0xFFDF, 0xB596, 0x1926, 0x6C14, 0x7C96, 0x4AAE, 0x29A6, 0x4BAB, 0x09E5, 0x0081, 0x9D75,
  0xBDD7, 0x0060, 0x09E4, 0x00E1, 0xBE38, 0x9D33, 0x0962, 0x1A25, 0x1203, 0x0162, 0x534C, 0xCE99,
  0x2A04, 0x3AC5, 0x3327, 0x22C6, 0x0A66, 0x0A46, 0x0227, 0x0227, 0x0206, 0x1247, 0x3B89, 0x5C49,
  0x74CB, 0x8D2C, 0x9DAE, 0xA60E, 0xAE6E, 0xBE8D, 0xC6CD, 0xC6ED, 0xCF0D, 0xCF0D, 0xCF0C, 0xCF0C,
  0xCEEC, 0xCECC, 0xC6CC, 0xC6CB, 0xBE8A, 0xBE6A, 0xBE6A, 0xB649, 0xB629, 0xB629, 0xB609, 0xAE09,
  0xAE09, 0xAE09, 0xAE09, 0xAE09, 0xADE9, 0xADE9, 0xAE09, 0xAE09, 0xAE09, 0xAE09, 0xA5E9, 0xA5E9,
  0xA5E9, 0xA5C9, 0xADE9, 0xADE9, 0xADE9, 0xADE9, 0xAE09, 0xAE29, 0xB629, 0xB649, 0xBE69, 0xBE8A,
  0xC6AA, 0xC6CB, 0xC6CB, 0xC6EC, 0xCEEC, 0xCEEC, 0xC6EC, 0xBECC, 0xB68C, 0xB66C, 0xAE4B, 0xA5EB,
  0x9DAB, 0x8D4A, 0x8509, 0x7CC9, 0x6C89, 0x6448, 0x5407, 0x4BA7, 0x3B66, 0x3B26, 0x2203, 0x3247,
  0xF7DF, 0xFFFF, 0xFFFF, 0xFFFF, 0xFFFF, 0xFFFF, 0xFFFF, 0xFFFF, 0xFFFF, 0xFFFF, 0xFFFF, 0xFFFF,
  0xFFFF, 0xFFFF, 0xFFFF, 0xFFFF, 0xFFFF, 0xFFFF, 0xFFFF, 0xFFFF, 0xFFFF, 0xFFFF, 0xB5ED, 0xA5C6,
  0xAE09, 0xADE9, 0xADC8, 0xB649, 0xADEB, 0x5B26, 0x5B06, 0x6347, 0x6BE8, 0x6BE8, 0x6BA8, 0x6387,
  0xADEC, 0xBEAB, 0xAE09, 0xB62A, 0xB629, 0xB628, 0xC6AD, 0x31A6, 0x5B51, 0x2987, 0xBE4C, 0xE7EE,
  0x5307, 0x1929, 0x42CF, 0x1949, 0x0005, 0x4AA6, 0xFFF2, 0x7C48, 0x1908, 0x6C15, 0x320C, 0x10C7,
  0x0864, 0xA5AA, 0xBEA9, 0xADE9, 0xAE09, 0xAE09, 0xAE09, 0xAE09, 0xAE29, 0xAE48, 0xBE8C, 0x31C5,
  0xDEFD, 0xFFFF, 0x18E4, 0x648D, 0x654E, 0x4C8A, 0x3C08, 0x4429, 0x3C09, 0x33E8, 0x4CAB, 0x00C1,
  0x7B90, 0xFFFF, 0xB596, 0x2146, 0x6C35, 0x7C96, 0x4AAE, 0x2144, 0x4389, 0x1AA6, 0x0102, 0xA595,
  0xBDF6, 0x1121, 0x3B67, 0x4305, 0xCEB8, 0xADB4, 0x5BA5, 0x8D6A, 0x95AB, 0x95A9, 0xBE71, 0xEF7B,
  0xBE8C, 0xCF2D, 0xCF0D, 0xB68D, 0xA60C, 0x9DCB, 0x958A, 0x8D4B, 0x7D2A, 0x74C9, 0x5407, 0x4B87,
  0x3B05, 0x2A84, 0x1A24, 0x1A04, 0x11E3, 0x1203, 0x1223, 0x1A24, 0x2245, 0x22A6, 0x32E6, 0x3B27,
  0x4388, 0x5408, 0x6C69, 0x7CCA, 0x854B, 0x958B, 0xA5EC, 0xAE4C, 0xBE8D, 0xC6CD, 0xC6EE, 0xCF0D,
  0xCF0D, 0xCF0C, 0xCEEB, 0xC6CB, 0xC6CB, 0xC6AA, 0xBE8A, 0xBE6A, 0xB649, 0xAE29, 0xAE09, 0xAE09,
  0xADE9, 0xA5E9, 0xA5E9, 0xA5E9, 0xA5E9, 0xA5E9, 0xADE9, 0xAE09, 0xA5E9, 0xA5E9, 0xAE09, 0xADE9,
  0xADE9, 0xADE9, 0xADE9, 0xADE9, 0xADE8, 0xADE8, 0xADE8, 0xADE8, 0xAE08, 0xB608, 0xB629, 0xB649,
  0xBE6A, 0xC68A, 0xC6AA, 0xC6CB, 0xCEEB, 0xCEEB, 0xCF0B, 0xCF0C, 0xCEEC, 0xD72D, 0xA649, 0xDF38,
  0xFFFF, 0xFFFF, 0xFFFF, 0xFFFF, 0xFFFF, 0xFFFF, 0xFFFF, 0xFFFF, 0xFFFF, 0xFFFF, 0xFFFF, 0xFFFF,
  0xFFFF, 0xFFFF, 0xFFFF, 0xFFFF, 0xFFFF, 0xFFFF, 0xFFFF, 0xFFFF, 0xFFFF, 0xFFFF, 0xD6D6, 0x9D65,
  0xB629, 0xADE9, 0xADE9, 0xA5A8, 0xB648, 0xCF4C, 0xCF2C, 0xD74D, 0xD74C, 0xD74C, 0xD74D, 0xDF8D,
  0xBEAA, 0xA5C8, 0xAE29, 0xAE0A, 0xB62A, 0xAE08, 0xCF0D, 0x5B08, 0x1083, 0x4246, 0xC68B, 0xDF8E,
  0x52C7, 0x218B, 0x5B92, 0x21AA, 0x0026, 0x4286, 0xF7F0, 0xA5AB, 0x0024, 0x10C7, 0x0002, 0x0002,
  0x18E4, 0xBE6C, 0xB668, 0xADE9, 0xADE9, 0xAE09, 0xAE09, 0xADE9, 0xAE08, 0xBEA9, 0xC6CC, 0x31A5,
  0xDEFD, 0xFFFF, 0x4289, 0x8751, 0x8FF1, 0x776E, 0x66CC, 0x66ED, 0x66CD, 0x5E8C, 0x7FF0, 0x22C6,
  0x8BD1, 0xFFFF, 0xB596, 0x2147, 0x7435, 0x7CB5, 0x3A6D, 0x3A05, 0xADEC, 0x9589, 0x8D07, 0xD6D8,
  0xE799, 0xAE89, 0xDF4E, 0xBECA, 0xEF99, 0xE797, 0xBE88, 0xC6AA, 0xBE69, 0xADE6, 0xBE4F, 0xE75A,
  0xA5C8, 0xAE09, 0xADE9, 0xAE09, 0xB62A, 0xB649, 0xBE6A, 0xC68B, 0xC6AB, 0xC6CC, 0xCEED, 0xC6ED,
  0xBEED, 0xBECC, 0xB6AC, 0xB68D, 0xAE2C, 0x9DCB, 0x8D6B, 0x74EA, 0x6449, 0x53E8, 0x4387, 0x3B46,
  0x32E6, 0x2AC5, 0x2264, 0x1A25, 0x1A05, 0x1204, 0x1205, 0x1A45, 0x2266, 0x2AA5, 0x3306, 0x3B46,
  0x4B87, 0x53E8, 0x5C28, 0x6C89, 0x7CEA, 0x8D2B, 0x8D6B, 0x9DAB, 0xA60B, 0xAE6C, 0xB68C, 0xBEAC,
  0xC6CC, 0xC6EC, 0xC6EC, 0xC6CC, 0xC6CB, 0xBEAB, 0xBE8A, 0xB66A, 0xB629, 0xB629, 0xAE08, 0xAE08,
  0xADE8, 0xA5E9, 0xA5E8, 0xA5E9, 0xA5E9, 0xADE9, 0xADE9, 0xADE9, 0xADE9, 0xADE9, 0xADE9, 0xAE09,
  0xAE09, 0xAE09, 0xADE9, 0xADE9, 0xADE9, 0xADE9, 0xADE9, 0xAE09, 0xAE09, 0xADE8, 0xA5A9, 0xFFDE,
  0xFFFF, 0xFFFF, 0xFFFF, 0xFFFF, 0xFFFF, 0xFFFF, 0xFFFF, 0xFFFF, 0xFFFF, 0xFFFF, 0xFFFF, 0xFFFF,
  0xFFFF, 0xFFFF, 0xFFFF, 0xFFFF, 0xFFFF, 0xFFFF, 0xFFFF, 0xFFFF, 0xFFFF, 0xFFFF, 0xFFDF, 0x9D89,
  0xA5C7, 0xAE09, 0xADE8, 0xADE9, 0xADE8, 0xA5C7, 0xA5C8, 0xA5E8, 0xA5E8, 0xADE9, 0xADE8, 0xADE8,
  0xAE09, 0xAE09, 0xAE09, 0xAE09, 0xAE09, 0xB609, 0xAE07, 0xB64C, 0xE73B, 0xCEB0, 0xA5C6, 0xDF8D,
  0x52C7, 0x0024, 0x2189, 0x08A5, 0x0004, 0x4AA6, 0xDFCD, 0xBE8B, 0x9529, 0x7BEB, 0x8C70, 0x73E7,
  0xADCB, 0xBE89, 0xA5E8, 0xADE9, 0xAE08, 0xAE09, 0xADE9, 0xA5E8, 0xB66B, 0xAE2B, 0xBEAE, 0x31C6,
  0xDEFD, 0xFFFF, 0x2145, 0x6D8F, 0x76AF, 0x556B, 0x4D4B, 0x4D6B, 0x4D2A, 0x4509, 0x5E4D, 0x11A3,
  0x83B0, 0xFFFF, 0xB596, 0x2167, 0x7434, 0x7C95, 0x29EC, 0x5B47, 0xFFF0, 0xC6A9, 0xB666, 0xDF36,
  0xE738, 0xA5A5, 0xB608, 0x9564, 0xDF38, 0xCE93, 0x8D23, 0xAE09, 0xADE9, 0xA5A7, 0xBE50, 0xE75A,
  0xA5C9, 0xAE09, 0xAE0A, 0xADE9, 0xA5E9, 0xA5E9, 0xA5E9, 0xA5E9, 0xA5E9, 0xA5E9, 0xA5C8, 0xA5E8,
  0xA5E8, 0xADE8, 0xAE29, 0xB649, 0xB66A, 0xBE8A, 0xC6AB, 0xC6AB, 0xC6CB, 0xC6CB, 0xC6CB, 0xC6CC,
  0xCEEC, 0xC6CD, 0xB68C, 0xB64C, 0xAE0C, 0x9DCB, 0x958A, 0x8D29, 0x7CE9, 0x6CA8, 0x6447, 0x53E7,
  0x4387, 0x3B47, 0x2B06, 0x22A6, 0x1A85, 0x1A24, 0x1204, 0x09E3, 0x11E3, 0x1A05, 0x2225, 0x2A66,
  0x32C7, 0x4348, 0x4B88, 0x6409, 0x6C89, 0x850A, 0x8D6B, 0x9DCB, 0xA62C, 0xAE6C, 0xB68D, 0xBEAC,
  0xC6CC, 0xC6ED, 0xCEEC, 0xCECB, 0xCECB, 0xC6AB, 0xBE8A, 0xBE6A, 0xB64A, 0xB629, 0xB609, 0xB609,
  0xAE08, 0xADE8, 0xADE8, 0xADE8, 0xADE8, 0xADC9, 0xADE9, 0xADE9, 0xAE29, 0x9D86, 0xBE51, 0xFFFF,
  0xFFFF, 0xFFFF, 0xFFFF, 0xFFFF, 0xFFFF, 0xFFFF, 0xFFFF, 0xFFFF, 0xFFFF, 0xFFFF, 0xFFFF, 0xFFFF,
  0xFFFF, 0xFFFF, 0xFFFF, 0xFFFF, 0xFFFF, 0xFFFF, 0xFFFF, 0xFFFF, 0xFFFF, 0xFFFF, 0xFFFF, 0xC672,
  0x9544, 0xAE09, 0xADE9, 0xADE9, 0xADE9, 0xAE09, 0xADE9, 0xADE9, 0xAE09, 0xAE09, 0xAE09, 0xAE09,
  0xAE09, 0xAE09, 0xAE09, 0xAE09, 0xAE09, 0xAE09, 0xA5E8, 0xA5C8, 0xFFFD, 0xC66F, 0xA5A6, 0xB649,
  0xBE6D, 0x31A3, 0x2988, 0x424C, 0x2964, 0xC68E, 0xBE69, 0xAE08, 0xBEC8, 0xEFF7, 0xFFFF, 0xCF0B,
  0xC6C9, 0xA5C8, 0xAE09, 0xAE08, 0xADE9, 0xADE9, 0xADE8, 0xC6EB, 0x63C7, 0x0061, 0x01C4, 0x10C3,
  0xE6FC, 0xFFFF, 0x83F0, 0x6B4D, 0x73EF, 0x6B6E, 0x73CF, 0x73CE, 0x6BAE, 0x6B8D, 0x6BAE, 0x52CB,
  0xB5B7, 0xFFFF, 0xB5B6, 0x2167, 0x7434, 0x7C95, 0x3A4D, 0x4246, 0xB68F, 0x9DEB, 0x8D88, 0xD717,
  0xEF9A, 0xAE69, 0xCF0D, 0xBE8A, 0xEF99, 0xDF57, 0xB668, 0xC6CB, 0xC6AB, 0xBE28, 0xC690, 0xEF5A,
  0xADC9, 0xADE8, 0xA5E9, 0xA5C9, 0xA5C9, 0xA5C9, 0xA5E9, 0xA5E9, 0xADE9, 0xAE09, 0xAE09, 0xAE09,
  0xAE09, 0xAE09, 0xAE09, 0xAE09, 0xAE09, 0xAE09, 0xAE09, 0xADE9, 0xA5E9, 0xA5E9, 0xADE9, 0xADE9,
  0xA5E8, 0xA5C8, 0xADE8, 0xADE8, 0xADE7, 0xB628, 0xBE69, 0xBE8A, 0xC6CB, 0xC6EB, 0xC6EC, 0xCF0C,
  0xCF0D, 0xCF0C, 0xC6CC, 0xC6AC, 0xBE8C, 0xAE2B, 0x9DEB, 0x958B, 0x850A, 0x74A9, 0x6C49, 0x53A7,
  0x3B26, 0x32C5, 0x2285, 0x2264, 0x1A25, 0x1225, 0x0A25, 0x0A46, 0x1245, 0x1A45, 0x2285, 0x2AC5,
  0x3306, 0x3B46, 0x4B87, 0x5BE8, 0x6C48, 0x7CAA, 0x852A, 0x958B, 0xA5EB, 0xAE2C, 0xB66C, 0xBE8C,
  0xC6AC, 0xC6CC, 0xC6CB, 0xC6CC, 0xC6AB, 0xC6AB, 0xC6AA, 0xC6AA, 0xC6CA, 0xA5C7, 0xE75B, 0xFFFF,
  0xFFFF, 0xFFFF, 0xFFFF, 0xFFFF, 0xFFFF, 0xFFFF, 0xFFFF, 0xFFFF, 0xFFFF, 0xFFFF, 0xFFFF, 0xFFFF,
  0xFFFF, 0xFFFF, 0xFFFF, 0xFFFF, 0xFFFF, 0xFFFF, 0xFFFF, 0xFFFF, 0xFFFF, 0xFFFF, 0xFFFF, 0xF79C,
  0x9D66, 0xADE7, 0xADE9, 0xADE9, 0xADE9, 0xAE09, 0xADE9, 0xAE09, 0xAE09, 0xAE09, 0xAE09, 0xAE09,
  0xAE09, 0xAE09, 0xAE09, 0xAE09, 0xAE09, 0xAE09, 0xAE08, 0xA5C9, 0xEF7B, 0xBE2F, 0xA5C7, 0xA587,
  0xDFAD, 0x7C29, 0x3A2C, 0x5310, 0x52E7, 0xEFEF, 0xA5A6, 0xB629, 0x9D86, 0xC671, 0xE75A, 0x9D86,
  0xAE08, 0xAE09, 0xAE09, 0xAE08, 0xAE09, 0xADE9, 0xADE8, 0xB649, 0x8D49, 0x4BA7, 0x3B48, 0x08A2,
  0xDEDB, 0xFFFF, 0xA514, 0x734E, 0x732E, 0x7B6F, 0x7B4F, 0x7B2F, 0x7B2F, 0x7B4F, 0x72CE, 0x7B8F,
  0xD6DB, 0xF7DF, 0xB5B6, 0x2147, 0x7454, 0x7C75, 0x5B2F, 0x0000, 0x0020, 0x00A2, 0x0000, 0xA555,
  0xB5D6, 0x1122, 0x3B67, 0x3AC5, 0xCEB9, 0xB5F4, 0x5BE6, 0x8D6B, 0x9DCB, 0xA5EA, 0xC692, 0xEFBC,
  0xBECD, 0xCF0D, 0xC6EC, 0xC6CB, 0xC6AB, 0xBE8B, 0xB66A, 0xB64A, 0xB629, 0xAE29, 0xADE8, 0xA5E8,
  0xA5E8, 0xA5E8, 0xADE9, 0xADE9, 0xAE09, 0xAE09, 0xAE09, 0xAE09, 0xAE09, 0xAE09, 0xAE0A, 0xA5A8,
  0xBE8A, 0xD76D, 0xCF2D, 0xCF2D, 0xD74C, 0xC70B, 0xA5E8, 0xA5E9, 0xADE9, 0xADE9, 0xADE9, 0xADE8,
  0xA5E8, 0xAE08, 0xAE09, 0xAE09, 0xB629, 0xB649, 0xAE29, 0xC6AA, 0xE7EE, 0xE7EE, 0xEFEE, 0xF7EF,
  0xF7EF, 0xCF2C, 0xBE8C, 0xBECD, 0xB6AD, 0xAE4C, 0xA60B, 0x9DAB, 0x8D4A, 0x84E9, 0x7489, 0x6428,
  0x53C8, 0x4B87, 0x3B27, 0x2AC6, 0x2265, 0x2245, 0x1204, 0x11E3, 0x1203, 0x1204, 0x1A45, 0x1A86,
  0x2AC6, 0x3306, 0x4367, 0x53C8, 0x5C08, 0x6C69, 0x7CEA, 0x8D6B, 0x8D28, 0xA5AE, 0xFFFF, 0xFFFF,
  0xFFFF, 0xFFFF, 0xFFFF, 0xFFFF, 0xFFFF, 0xFFFF, 0xFFFF, 0xFFFF, 0xFFFF, 0xFFFF, 0xFFFF, 0xFFFF,
  0xFFFF, 0xFFFF, 0xFFFF, 0xFFFF, 0xFFFF, 0xFFFF, 0xFFFF, 0xFFFF, 0xFFFF, 0xFFFF, 0xFFFF, 0xFFFF,
  0xBE0F, 0x9564, 0xAE09, 0xADE9, 0xAE09, 0xAE09, 0xADE9, 0xAE09, 0xAE09, 0xAE09, 0xAE09, 0xAE09,
  0xAE09, 0xAE09, 0xAE09, 0xAE09, 0xAE09, 0xAE09, 0xA5E8, 0x9DA9, 0xEF7B, 0xBE2F, 0xA5C7, 0xADE9,
  0xBEA9, 0x8D09, 0x4249, 0x39E9, 0x7C09, 0xCEEB, 0xAE08, 0xB609, 0xA5A6, 0xC691, 0xE75A, 0xA5A8,
  0xAE08, 0xA5C8, 0xAE08, 0xB609, 0xADE8, 0xADE8, 0xAE09, 0xA5C8, 0xB649, 0xD72B, 0xDF2D, 0x2964,
  0xDEFC, 0xFFFF, 0x10A3, 0x43CA, 0x4CAB, 0x3BE8, 0x2367, 0x2B47, 0x2B27, 0x2AE6, 0x3BC9, 0x0081,
  0x8411, 0xFFFF, 0xB576, 0x2147, 0x7434, 0x7475, 0x3A2C, 0x3A26, 0x952D, 0x6C08, 0x4264, 0xB5F6,
  0xB5D6, 0x08A1, 0x09E5, 0x0020, 0xADD6, 0x73D0, 0x0000, 0x0164, 0x0143, 0x00C0, 0x4AEB, 0xD69A,
  0x2204, 0x3327, 0x4BA8, 0x5C09, 0x6CAA, 0x7D0B, 0x8D4B, 0x95AB, 0x9DEB, 0xAE0B, 0xB66B, 0xC6CC,
  0xC6CC, 0xCEEC, 0xCEEC, 0xCECB, 0xC6AA, 0xBE6A, 0xB649, 0xB629, 0xAE09, 0xAE08, 0xA5C8, 0xBEAB,
  0x9D6B, 0x3A24, 0x3A23, 0x3A23, 0x3A23, 0x7C28, 0xC70E, 0xA5E8, 0xAE09, 0xAE09, 0xAE09, 0xAE09,
  0xAE09, 0xAE09, 0xAE09, 0xAE09, 0xAE09, 0xA5E9, 0xB66A, 0xAE2C, 0x4264, 0x3A23, 0x3A43, 0x3A23,
  0x4AA4, 0xB66D, 0xB649, 0xADE8, 0xB609, 0xB649, 0xBE49, 0xC669, 0xC68A, 0xC6AA, 0xC6CB, 0xC6CB,
  0xC6EB, 0xCEEC, 0xC6CC, 0xC6AB, 0xBE8B, 0xB64B, 0xAE0B, 0x9DCB, 0x8D8B, 0x852B, 0x74CA, 0x6469,
  0x5C08, 0x4BA7, 0x3B46, 0x32E6, 0x22A6, 0x1A45, 0x0A05, 0x01E5, 0x0060, 0xADB6, 0xFFFF, 0xFFFF,
  0xFFFF, 0xFFFF, 0xFFFF, 0xFFFF, 0xFFFF, 0xFFFF, 0xFFFF, 0xFFFF, 0xFFFF, 0xFFFF, 0xFFFF, 0xFFFF,
  0xFFFF, 0xFFFF, 0xFFFF, 0xFFFF, 0xFFFF, 0xFFFF, 0xFFFF, 0xFFFF, 0xFFFF, 0xFFFF, 0xFFFF, 0xFFFF,
  0xEF7B, 0x9525, 0xAE08, 0xADE9, 0xAE09, 0xAE09, 0xAE08, 0xAE09, 0xADE9, 0xAE09, 0xADE9, 0xAE09,
  0xADE9, 0xA5E9, 0xAE09, 0xADE9, 0xAE09, 0xA5E8, 0xB607, 0xB5C9, 0xEF7B, 0xBE2F, 0xA5C7, 0xADE9,
  0xA5C8, 0xAE28, 0xE7B9, 0xFFFD, 0xBE69, 0xA5C7, 0xA5E8, 0xADE9, 0x9D86, 0xBE51, 0xE75A, 0x9566,
  0xAE07, 0xB608, 0xADE8, 0xADE8, 0xB608, 0xCE48, 0xB628, 0xADE8, 0xADC7, 0xC667, 0xCECA, 0x2123,
  0xDEFD, 0xFFDF, 0x3228, 0x7710, 0x87F0, 0x6F0D, 0x568B, 0x5EAC, 0x5E8D, 0x562C, 0x7790, 0x22C7,
  0x8BD1, 0xFFFF, 0xB596, 0x2147, 0x6C14, 0x7475, 0x29CC, 0x5B07, 0xFFF0, 0xD72A, 0xBE88, 0xE738,
  0xE778, 0xA607, 0xBE6C, 0x95A9, 0xDF5A, 0xC6B6, 0x74A7, 0x7D0A, 0x6CAA, 0x3B25, 0x6BAC, 0xD6B9,
  0x19C3, 0x09C3, 0x09C3, 0x01C3, 0x01A3, 0x01A3, 0x09E4, 0x1A45, 0x22A6, 0x2B07, 0x3B68, 0x5409,
  0x5C6A, 0x6CAA, 0x74EA, 0x7D2B, 0x8D6B, 0x9DAB, 0xAE2C, 0xAE4C, 0xB66C, 0xBEAC, 0xD72C, 0xC6EE,
  0x2986, 0x6B30, 0x7BB1, 0x7390, 0x6B50, 0x18C6, 0x7429, 0xD76B, 0xA608, 0xAE29, 0xAE08, 0xAE28,
  0xAE28, 0xAE28, 0xAE28, 0xAE28, 0xAE29, 0xAE08, 0xCF4D, 0x4287, 0x4A2C, 0x7BB2, 0x52D0, 0x6331,
  0x39AB, 0x3A26, 0xC6EB, 0xAE07, 0xB649, 0xAE08, 0xADE9, 0xAE09, 0xAE09, 0xAE09, 0xADE9, 0xAE09,
  0xADE8, 0xADE8, 0xADE8, 0xADE8, 0xAE08, 0xAE28, 0xB649, 0xBE6A, 0xBE8A, 0xC6AA, 0xC6CB, 0xC6EB,
  0xCEEC, 0xCF0C, 0xC6EC, 0xC6CD, 0xBEAD, 0xB68D, 0xAE6C, 0x8D88, 0x956E, 0xFFFF, 0xFFFF, 0xFFFF,
  0xFFFF, 0xFFFF, 0xFFFF, 0xFFFF, 0xFFFF, 0xFFFF, 0xFFFF, 0xFFFF, 0xFFFF, 0xFFFF, 0xFFFF, 0xFFFF,
  0xFFFF, 0xFFFF, 0xFFFF, 0xFFFF, 0xFFFF, 0xFFFF, 0xFFFF, 0xFFFF, 0xFFFF, 0xFFFF, 0xFFFF, 0xFFFF,
  0xFFFF, 0xBE0E, 0x9584, 0xAE09, 0xA5E8, 0xAE09, 0xAE09, 0xAE08, 0xB5E8, 0xAE09, 0xADE8, 0xADE8,
  0xB5E8, 0xB608, 0xBE48, 0xBE28, 0xAE09, 0xA5C7, 0xCE87, 0xB5C8, 0xEF7C, 0xBE2E, 0xB5E6, 0xBE28,
  0xB608, 0x9544, 0xD6D3, 0xF7BA, 0xA585, 0xB628, 0xC608, 0xADE8, 0x9585, 0xBE51, 0xEF7A, 0xA5A6,
  0xB5C7, 0xC648, 0xBE28, 0x9DC8, 0xCE89, 0xE6C9, 0xADE7, 0xB5E8, 0xDEC9, 0xBE26, 0xBE6A, 0x2964,
  0xDEDD, 0xFFDF, 0x1924, 0x556C, 0x5E0C, 0x4509, 0x3D09, 0x3D29, 0x3D09, 0x34A8, 0x4DCC, 0x0983,
  0x8BD1, 0xFFFF, 0xB5B6, 0x1946, 0x6BF4, 0x7475, 0x322D, 0x4A86, 0xD72C, 0xB5E8, 0x9544, 0xD6D6,
  0xDF17, 0x9D63, 0xBE47, 0xA5E5, 0xE758, 0xE756, 0xBEA7, 0xD72B, 0xE76C, 0xE7AB, 0xE752, 0xF7DC,
  0xD78E, 0xDFAE, 0xDFB0, 0xCF50, 0xB66F, 0x8D8D, 0x648C, 0x43AB, 0x12A9, 0x0A48, 0x0228, 0x01A6,
  0x0164, 0x0122, 0x00E1, 0x0102, 0x00E2, 0x0102, 0x0121, 0x2AC6, 0x4388, 0x4BA7, 0x7D0B, 0x4285,
  0x528C, 0xFFFF, 0xFFFF, 0xFFFF, 0xFFFF, 0x94B5, 0x2964, 0xDFB2, 0xB66B, 0xB66B, 0xB66B, 0xB66B,
  0xB66B, 0xB66B, 0xB66B, 0xB66B, 0xB68C, 0xC6CD, 0xBE4F, 0x2104, 0xFFFF, 0xFFFF, 0xE7DF, 0xF7FF,
  0xE73F, 0x1082, 0xBE4C, 0xC6CA, 0xB64A, 0xCF2D, 0xBE8A, 0xA5C8, 0xAE09, 0xAE09, 0xAE09, 0xAE09,
  0xAE09, 0xAE09, 0xADE9, 0xAE09, 0xAE09, 0xAE09, 0xAE09, 0xAE09, 0xAE09, 0xA5E9, 0xA5E9, 0xA5E8,
  0xADE9, 0xADE9, 0xAE09, 0xAE08, 0xAE28, 0xB629, 0xBE69, 0xA5A5, 0xEF98, 0xFFFF, 0xFFFF, 0xFFFF,
  0xFFFF, 0xFFFF, 0xFFFF, 0xFFFF, 0xFFFF, 0xFFFF, 0xFFFF, 0xFFFF, 0xFFFF, 0xFFFF, 0xFFFF, 0xFFFF,
  0xFFFF, 0xFFFF, 0xFFFF, 0xFFFF, 0xFFFF, 0xFFFF, 0xFFFF, 0xFFFF, 0xFFFF, 0xFFFF, 0xFFFF, 0xFFFF,
  0xFFFF, 0xEF7B, 0x9D65, 0xBE27, 0xBE48, 0xADE8, 0xB607, 0xBE07, 0xDEA9, 0xB5E7, 0xBE27, 0xB5E8,
  0xCE48, 0xD688, 0xADC7, 0xCE68, 0xC648, 0xAE08, 0xBE27, 0xA546, 0xF7FD, 0xBE2D, 0xAD84, 0xD6A8,
  0xDEA7, 0xC605, 0xCE92, 0xF79B, 0x9D45, 0xD689, 0xE6A8, 0xC647, 0x9563, 0xC691, 0xEF79, 0xBDC6,
  0xB5A6, 0xD6A8, 0xC668, 0xA5A7, 0xD6A9, 0xC648, 0xB629, 0xC648, 0xDEC7, 0xD6A7, 0xCEAA, 0x2143,
  0xCE7B, 0xFFFF, 0x83F0, 0x6B2D, 0x73AF, 0x6B8E, 0x73CF, 0x6BCF, 0x6BAF, 0x6BAE, 0x6BAE, 0x632D,
  0xBE18, 0xFFFF, 0xB5B6, 0x2147, 0x6C14, 0x7475, 0x322D, 0x4A86, 0xD70C, 0xADE7, 0xA584, 0xDED6,
  0xE778, 0xAE26, 0xD6EA, 0xC6C8, 0xEFB9, 0xE777, 0xB6A8, 0xC6AB, 0xB62C, 0x8D07, 0xA58F, 0xDF3A,
  0x6427, 0x5BE7, 0x43A7, 0x2B26, 0x1285, 0x0A44, 0x0A24, 0x1264, 0x22C6, 0x3326, 0x4386, 0x5BE8,
  0x6C27, 0x8CE8, 0xBE0A, 0xADA9, 0xA589, 0x94E7, 0x9D4B, 0x3246, 0x0062, 0x0062, 0x0021, 0x0000,
  0x2125, 0x4A49, 0x31A7, 0x2987, 0x31C9, 0x2967, 0x0882, 0x31A6, 0x2984, 0x29A4, 0x29A4, 0x29A4,
  0x29A4, 0x2984, 0x2985, 0x29A5, 0x31A5, 0x31C5, 0x2965, 0x0863, 0x31C7, 0x2166, 0x2146, 0x2987,
  0x2967, 0x0022, 0x29A5, 0x3A05, 0x2985, 0x31E4, 0xB66D, 0xB669, 0xADC9, 0xAE09, 0xADE9, 0xADE9,
  0xAE09, 0xAE09, 0xAE09, 0xAE09, 0xAE09, 0xAE09, 0xAE09, 0xAE09, 0xADE9, 0xADE9, 0xADE9, 0xAE09,
  0xAE09, 0xAE09, 0xAE09, 0xAE09, 0xAE09, 0xAE29, 0x9DC6, 0xADCC, 0xFFFF, 0xFFFF, 0xFFFF, 0xFFFF,
  0xFFFF, 0xFFFF, 0xFFFF, 0xFFFF, 0xFFFF, 0xFFFF, 0xFFFF, 0xFFFF, 0xFFFF, 0xFFFF, 0xFFFF, 0xFFFF,
  0xFFFF, 0xFFFF, 0xFFFF, 0xFFFF, 0xFFFF, 0xFFFF, 0xFFFF, 0xFFFF, 0xFFFF, 0xFFFF, 0xFFFF, 0xFFFF,
  0xFFFF, 0xFFFF, 0xC62F, 0xCDE3, 0xDEC9, 0xB5E7, 0xCE88, 0xB5E6, 0xC668, 0xC627, 0xDEA7, 0xB5E7,
  0xBE08, 0xD687, 0xCE67, 0xC627, 0xD6A8, 0xB628, 0xBE26, 0xC5E7, 0xF7BB, 0xCE6E, 0xC624, 0xD687,
  0xE6C8, 0xC604, 0xD6B1, 0xEF9B, 0xAD66, 0xDEC8, 0xCE47, 0xDEE9, 0xAD83, 0xCE90, 0xEF79, 0xBDC5,
  0xC605, 0xD667, 0xCE68, 0xB5E7, 0xE70A, 0xCE88, 0xA586, 0xCE68, 0xDE87, 0xE6E7, 0xD6A9, 0x2163,
  0xCE5A, 0xFFFF, 0x9493, 0x6ACD, 0x6AEE, 0x732E, 0x732E, 0x732E, 0x732E, 0x732F, 0x6AED, 0x738E,
  0xCEBB, 0xF7DF, 0xB596, 0x2167, 0x7435, 0x7455, 0x31EB, 0x52E7, 0xFFF1, 0xCEAB, 0xAE28, 0xDF18,
  0xE759, 0x7D07, 0x8529, 0x4B45, 0xCE98, 0x9D33, 0x1982, 0x1245, 0x0163, 0x0000, 0x3A4A, 0xBE17,
  0x00A0, 0x01A3, 0x1203, 0x3325, 0x6447, 0x8529, 0xA5CA, 0xBE4A, 0xCE8A, 0xD6AA, 0xEF49, 0xF749,
  0xEF29, 0xFF4A, 0xFFCA, 0xE6E8, 0xF749, 0xFFEB, 0xD66D, 0x3187, 0xBDB7, 0xDEDB, 0xEF3D, 0xEF9E,
  0xE73D, 0xD6BA, 0xDEFB, 0xDEFB, 0xD6BB, 0xE71C, 0xEF7E, 0xDEFC, 0xDEFD, 0xDEFD, 0xDEFD, 0xDEFD,
  0xE71D, 0xE71D, 0xE71D, 0xE73E, 0xE73E, 0xE73E, 0xEF5E, 0xEFBF, 0xD6FB, 0xDEFC, 0xDF1C, 0xDEFC,
  0xDEFC, 0xEF9F, 0xD71D, 0xBE5C, 0xBE5C, 0x5ACF, 0x31C5, 0xE7AE, 0xC689, 0xBE69, 0xB649, 0xB629,
  0xAE09, 0xAE09, 0xAE08, 0xADE9, 0xAE09, 0xAE09, 0xADE9, 0xADE9, 0xADE9, 0xADE9, 0xAE09, 0xAE09,
  0xAE09, 0xADE9, 0xAE09, 0xAE09, 0xAE09, 0xAE29, 0x9566, 0xDF39, 0xFFFF, 0xFFFF, 0xFFFF, 0xFFFF,
  0xFFFF, 0xFFFF, 0xFFFF, 0xFFFF, 0xFFFF, 0xFFFF, 0xFFFF, 0xFFFF, 0xFFFF, 0xFFFF, 0xFFFF, 0xFFFF,
  0xFFFF, 0xFFFF, 0xFFFF, 0xFFFF, 0xFFFF, 0xFFFF, 0xFFFF, 0xFFFF, 0xFFFF, 0xFFFF, 0xFFFF, 0xFFFF,
  0xFFFF, 0xFFFF, 0xEF7C, 0xCE07, 0xBDE6, 0xD688, 0xC627, 0xB607, 0x9D46, 0xCE47, 0xFF49, 0xB5C6,
  0x9D66, 0xDEA8, 0xEEE8, 0xB5C5, 0xEF2A, 0xBE06, 0xBDE5, 0xE6E9, 0xEF7A, 0xCE4D, 0xCE44, 0xD687,
  0xBE26, 0xB5C4, 0xDEF2, 0xEF9B, 0xB586, 0xE6E9, 0xB5C5, 0xCE88, 0xBDE3, 0xEF31, 0xEF79, 0xC606,
  0xD646, 0xADC5, 0xC648, 0xE6E9, 0xCE68, 0xBE07, 0xD688, 0xBE07, 0xCE89, 0xEF08, 0xDEEA, 0x2963,
  0xD6BC, 0xFFBF, 0x0862, 0x3BE9, 0x3408, 0x2BA7, 0x33C7, 0x33C7, 0x33C8, 0x2BA7, 0x4CCB, 0x00C0,
  0x83D0, 0xFFFF, 0xB596, 0x2167, 0x6C14, 0x7435, 0x428D, 0x2184, 0x5C0A, 0x2B28, 0x0101, 0xA575,
  0xAD76, 0x0000, 0x00C1, 0x0000, 0xAD96, 0x94D1, 0x10C0, 0x4B86, 0x7467, 0x8CE6, 0xB5CE, 0xF7BE,
  0xB609, 0xE748, 0xEF8C, 0xF74A, 0xFFEB, 0xF769, 0xF729, 0xE6C7, 0xEEE8, 0xDE67, 0xE6C7, 0xD646,
  0xC606, 0xD666, 0xEEE8, 0xCE27, 0xD646, 0xFFEA, 0x5AC2, 0x52AE, 0xFFFF, 0xFFFF, 0xC5F7, 0xB534,
  0xC5B6, 0xC5D6, 0xC5D6, 0xBD96, 0xCE58, 0xCE58, 0xBDB6, 0xC5D6, 0xC5D6, 0xC5D6, 0xC5D6, 0xC5D6,
  0xBDB6, 0xC5D6, 0xBDB6, 0xC5D6, 0xBDB6, 0xBDB5, 0xBD75, 0xBD95, 0xC638, 0xBDB5, 0xBD95, 0xBD95,
  0xBD95, 0xAD54, 0xA534, 0xC6BD, 0xD71F, 0xD6FF, 0x18E5, 0x74AA, 0x95AB, 0x9DAC, 0xA60B, 0xB66C,
  0xC6CD, 0xCEED, 0xCEEC, 0xCF0C, 0xCEEC, 0xCECB, 0xC6AB, 0xBE6A, 0xB649, 0xB629, 0xAE29, 0xAE08,
  0xAE08, 0xA5E8, 0xA5E9, 0xADE9, 0xAE09, 0x9DA6, 0xB5EE, 0xFFFF, 0xFFFF, 0xFFFF, 0xFFFF, 0xFFFF,
  0xFFFF, 0xFFFF, 0xFFFF, 0xFFFF, 0xFFFF, 0xFFFF, 0xFFFF, 0xFFFF, 0xFFFF, 0xFFFF, 0xFFFF, 0xFFFF,
  0xFFFF, 0xFFFF, 0xFFFF, 0xFFFF, 0xFFFF, 0xFFFF, 0xFFFF, 0xFFFF, 0xFFFF, 0xFFFF, 0xFFFF, 0xFFFF,
  0xFFFF, 0xFFFF, 0xFFFF, 0xCE93, 0x9D01, 0xEF4A, 0xB5A5, 0xDE87, 0xBDE6, 0xC607, 0xBDC6, 0xDE87,
  0xC606, 0xCE47, 0xD667, 0xCE27, 0xD667, 0xD6A7, 0xDE86, 0xCE26, 0xEF7A, 0xCE2D, 0xD644, 0xEEE8,
  0xBE26, 0xCE04, 0xDEB1, 0xF79B, 0xC5E6, 0xDE87, 0xDEC9, 0x9545, 0xC624, 0xF751, 0xE759, 0xA565,
  0xCE46, 0xB607, 0xADC7, 0xE709, 0xCE89, 0x9D66, 0xE70A, 0xB649, 0x9546, 0xDEE8, 0xE74C, 0x2143,
  0xD69C, 0xFFBF, 0x3207, 0x668E, 0x66CD, 0x5E4C, 0x562B, 0x562C, 0x562C, 0x560C, 0x6F70, 0x2286,
  0x8BF1, 0xFFFF, 0xAD96, 0x1946, 0x6C13, 0x7455, 0x530F, 0x0020, 0x0183, 0x1285, 0x2A23, 0xBE17,
  0xD6D8, 0x6C04, 0xB60B, 0xBE09, 0xEF79, 0xEF96, 0xD6A5, 0xFFA9, 0xFFA9, 0xFFA9, 0xE6E7, 0xF7BC,
  0xFFD8, 0xD641, 0xD622, 0xCDE1, 0xDE83, 0xC5C2, 0xC5E3, 0xCE24, 0xCE03, 0xC5E3, 0xBDC3, 0xD665,
  0xBDA3, 0xC5E3, 0xCE24, 0xAD22, 0xC604, 0xFFE6, 0x6301, 0x52AE, 0xFFFF, 0x738F, 0x08E5, 0x3ACC,
  0x326B, 0x324B, 0x322B, 0x42CC, 0x10E4, 0x08C5, 0x326B, 0x21CA, 0x19A9, 0x19CA, 0x19C9, 0x21A9,
  0x29EB, 0x1149, 0x29C9, 0x1989, 0x1169, 0x1989, 0x19A9, 0x1989, 0x0002, 0x1148, 0x1149, 0x0928,
  0x0928, 0x0928, 0x00C6, 0x1926, 0xCEFE, 0xCEDE, 0x1905, 0x00E2, 0x0122, 0x0123, 0x0183, 0x01C3,
  0x1A85, 0x2B06, 0x3B88, 0x5409, 0x6C8A, 0x7D0B, 0x8D6B, 0x9DEB, 0xA60C, 0xAE0B, 0xB64B, 0xBE8C,
  0xC6AC, 0xC6CC, 0xC6CB, 0xC6CC, 0xC70B, 0x9DA7, 0xEF5B, 0xFFFF, 0xFFFF, 0xFFFF, 0xFFFF, 0xFFFF,
  0xFFFF, 0xFFFF, 0xFFFF, 0xFFFF, 0xFFFF, 0xFFFF, 0xFFFF, 0xFFFF, 0xFFFF, 0xFFFF, 0xFFFF, 0xFFFF,
  0xFFFF, 0xFFFF, 0xFFFF, 0xFFFF, 0xFFFF, 0xFFFF, 0xFFFF, 0xFFFF, 0xFFFF, 0xFFFF, 0xFFFF, 0xFFFF,
  0xFFFF, 0xFFFF, 0xFFFF, 0xF7BF, 0xBE09, 0xADC4, 0xC627, 0xE686, 0xD667, 0xCE47, 0xA565, 0xD6A8,
  0xEEE8, 0xBE07, 0xB5C6, 0xEF08, 0xDEA7, 0xBDE6, 0xF748, 0xC606, 0xEF7B, 0xC62D, 0xDE85, 0xDEE8,
  0xC627, 0xBE04, 0xDED2, 0xE718, 0xBE06, 0xB5E6, 0xD6E9, 0x9D65, 0xCE87, 0xBDEE, 0xCED8, 0x7C82,
  0xC648, 0xADA6, 0x9D66, 0xB628, 0xBE48, 0xC689, 0xBE69, 0xB64B, 0xB66A, 0xBEA9, 0xC6EC, 0x29C5,
  0xD69C, 0xFFBF, 0x1945, 0x4D2B, 0x4D4B, 0x44CA, 0x44C9, 0x44CA, 0x44EA, 0x44CA, 0x5E2E, 0x11A4,
  0x83B0, 0xFFFF, 0xAD75, 0x1926, 0x6BF4, 0x6C55, 0x29EC, 0x5286, 0xFFEF, 0xEF4B, 0xEF4A, 0xEF58,
  0xFFF9, 0xE705, 0xFFAB, 0xDEA5, 0xEF77, 0xEF33, 0xC5E1, 0xD625, 0xDE46, 0xD646, 0xD645, 0xD66A,
  0xF7BD, 0xF799, 0xDED0, 0xE6F1, 0xE710, 0xDED1, 0xE6F2, 0xE712, 0xD6B0, 0xDED1, 0xDED1, 0xE712,
  0xD66F, 0xE6F1, 0xE712, 0xCE4F, 0xDED0, 0xFFF4, 0x7388, 0x5ACD, 0xFFFF, 0x4A29, 0x5454, 0xA7FF,
  0x86DF, 0x8EDF, 0x86BF, 0xB7FF, 0x430E, 0x3B10, 0x86FF, 0x5D7C, 0x5D7D, 0x5D7D, 0x5D7C, 0x659D,
  0x4D1D, 0x75BC, 0xBEBD, 0x3C39, 0x551C, 0x5CFC, 0x5D5D, 0x5D3C, 0x194A, 0x5459, 0x447B, 0x3C59,
  0x3C39, 0x445A, 0x445A, 0x0085, 0xB5FA, 0xCEDF, 0x2946, 0xC66D, 0xBE29, 0x9528, 0x84C8, 0x6428,
  0x4BA7, 0x3B46, 0x2AE5, 0x1A63, 0x09E3, 0x01C2, 0x01C3, 0x01C3, 0x0204, 0x0A24, 0x1245, 0x2286,
  0x3307, 0x4367, 0x53E8, 0x6CCA, 0x5BE5, 0xB5D2, 0xFFFF, 0xFFFF, 0xFFFF, 0xFFFF, 0xFFFF, 0xFFFF,
  0xFFFF, 0xFFFF, 0xFFFF, 0xFFFF, 0xFFFF, 0xFFFF, 0xFFFF, 0xFFFF, 0xFFFF, 0xFFFF, 0xFFFF, 0xFFFF,
  0xFFFF, 0xFFFF, 0xFFFF, 0xFFFF, 0xFFFF, 0xFFFF, 0xFFFF, 0xFFFF, 0xFFFF, 0xFFFF, 0xFFFF, 0xFFFF,
  0xFFFF, 0xFFFF, 0xFFFF, 0xFFFF, 0xDEF7, 0x84A0, 0xDEA7, 0xCE06, 0xCE46, 0xE6A7, 0xDEC8, 0x9545,
  0xEF2A, 0xC647, 0xCE88, 0xC647, 0xD687, 0xB5E6, 0xDF09, 0xAD86, 0xF79C, 0xADCD, 0xA5C5, 0x9546,
  0xDF0B, 0xADC4, 0xADEF, 0xD6B6, 0xB626, 0x9546, 0x9D87, 0xB608, 0xADC5, 0x954C, 0xDF39, 0x8D46,
  0xB649, 0xAE29, 0xB66B, 0xAE4A, 0x9DC9, 0x95AA, 0x7D2A, 0x6CC9, 0x64AA, 0x43E8, 0x2B06, 0x10E4,
  0xD69B, 0xFFFF, 0x5AEC, 0x2105, 0x31A7, 0x31A6, 0x2986, 0x2986, 0x29A6, 0x29A6, 0x2965, 0x2104,
  0xB5B7, 0xFFFF, 0xAD75, 0x1926, 0x6BF4, 0x6C35, 0x29EC, 0x5AE5, 0xFFEC, 0xE6A6, 0xBDC3, 0xE716,
  0xEF98, 0xAD41, 0xDE87, 0xCE24, 0xEF57, 0xE713, 0xBDE2, 0xCE26, 0xEF08, 0xDEA7, 0xDEA8, 0xDE64,
  0xCE27, 0xDED6, 0xEF9B, 0xF7BD, 0xE75B, 0xF7BC, 0xF79C, 0xEF7C, 0xEF7B, 0xF7BD, 0xEF5C, 0xEF7B,
  0xF79C, 0xEF7B, 0xEF7A, 0xEF5B, 0xE75B, 0xFFDE, 0x7BEF, 0x5AEB, 0xFFFF, 0x5ACC, 0x43D2, 0x7E9F,
  0x6DBB, 0x6DDC, 0x65DB, 0x86FF, 0x3A8E, 0x32CF, 0x65DE, 0x4CB9, 0x4CD9, 0x4CD9, 0x54D9, 0x44DA,
  0x2BD5, 0xDF5C, 0x74F7, 0x1B76, 0x4458, 0x3C58, 0x4499, 0x4C57, 0x1949, 0x3B95, 0x33B6, 0x33B6,
  0x3395, 0x3396, 0x3BD7, 0x1127, 0xBE3A, 0xC69E, 0x2946, 0xEF10, 0xFFED, 0xFFEA, 0xE6C7, 0xFFEC,
  0xE6E9, 0xEF4B, 0xFF8C, 0xFF8D, 0xC66A, 0xBE4B, 0xB60A, 0xA5AA, 0x8D08, 0x7CC8, 0x6428, 0x4325,
  0x2AC5, 0x1A65, 0x1245, 0x0121, 0x00E2, 0xE71D, 0xFFFF, 0xFFFF, 0xFFFF, 0xFFFF, 0xFFFF, 0xFFFF,
  0xFFFF, 0xFFFF, 0xFFFF, 0xFFFF, 0xFFFF, 0xFFFF, 0xFFFF, 0xFFFF, 0xFFFF, 0xFFFF, 0xFFFF, 0xFFFF,
  0xFFFF, 0xFFFF, 0xFFFF, 0xFFFF, 0xFFFF, 0xFFFF, 0xFFFF, 0xFFFF, 0xFFFF, 0xFFFF, 0xFFFF, 0xFFFF,
  0xFFFF, 0xFFFF, 0xFFFF, 0xFFFF, 0xFFFF, 0xB5CB, 0xA583, 0x8D06, 0xADA6, 0xDEA9, 0xDEE9, 0x7484,
  0xAE28, 0xCEC9, 0xDF2A, 0x7CC4, 0xBE48, 0xCECB, 0x8504, 0x9547, 0xF7DD, 0xADEE, 0x8504, 0x8D47,
  0xC6AB, 0x9565, 0xA58E, 0xEF78, 0xADE5, 0x9D87, 0x9569, 0x958A, 0x6425, 0x9D90, 0xD6D9, 0x4BC6,
  0x5C6A, 0x4C09, 0x3388, 0x1AE6, 0x0A65, 0x0184, 0x0102, 0x0144, 0x0143, 0x0163, 0x09C4, 0x08A2,
  0xCE7A, 0xEFBF, 0xEF9F, 0xE6FC, 0xE71D, 0xE71D, 0xFFDF, 0xFFFF, 0xE71D, 0xDEFD, 0xDEDC, 0xE75D,
  0xDF5E, 0xEF9F, 0xAD75, 0x1926, 0x6BF4, 0x6C35, 0x2A0D, 0x5285, 0xFFEC, 0xD666, 0xBDC3, 0xEF57,
  0xDF17, 0xC5E4, 0xFF29, 0xDE64, 0xEF77, 0xDEF3, 0xC5C2, 0xD687, 0xD686, 0xDE87, 0xE6C8, 0xEEE8,
  0xE6A6, 0xAD43, 0xCE68, 0xAD66, 0xB5A6, 0xD647, 0xCE06, 0xA504, 0xD646, 0xCE06, 0xB566, 0xD646,
  0xD648, 0xA505, 0xCE25, 0xBD85, 0x9CC4, 0xF7A9, 0x6303, 0x52CE, 0xFFFF, 0x5ACC, 0x43B2, 0x86DF,
  0x6DDC, 0x75DC, 0x6DDB, 0x8F1F, 0x3AAE, 0x32CF, 0x65DD, 0x4CD9, 0x54D9, 0x54D9, 0x551A, 0x23B5,
  0xBE7A, 0xFFBE, 0x2374, 0x4459, 0x4438, 0x4458, 0x449A, 0x4C78, 0x1949, 0x3B74, 0x33D6, 0x3396,
  0x3395, 0x33B6, 0x3BD7, 0x1126, 0xBE3A, 0xDF5F, 0x18E4, 0x3185, 0x4205, 0xC62B, 0xE6C7, 0xEEC7,
  0xD646, 0xCE46, 0xD667, 0xF729, 0xE6C8, 0xD667, 0xEF0A, 0xFFAB, 0xF74A, 0xEF4B, 0xE72A, 0xFFCD,
  0xD6A9, 0xEF4B, 0xD70B, 0x9D86, 0xDF38, 0xFFFF, 0xFFFF, 0xFFFF, 0xFFFF, 0xFFFF, 0xFFFF, 0xFFFF,
  0xFFFF, 0xFFFF, 0xFFFF, 0xFFFF, 0xFFFF, 0xFFFF, 0xFFFF, 0xFFFF, 0xFFFF, 0xFFFF, 0xFFFF, 0xFFFF,
  0xFFFF, 0xFFFF, 0xFFFF, 0xFFFF, 0xFFFF, 0xFFFF, 0xFFFF, 0xFFFF, 0xFFFF, 0xFFFF, 0xFFFF, 0xFFFF,
  0xFFFF, 0xFFFF, 0xFFFF, 0xFFFF, 0xFFFF, 0xF79C, 0x6402, 0x8567, 0x9DC9, 0x7CC5, 0xA608, 0x8D66,
  0x7D06, 0x9587, 0x9DC8, 0x7D06, 0x9DE9, 0xA5E9, 0x7D66, 0xAE4B, 0xFFFD, 0xB650, 0x95C8, 0xAE2C,
  0x958B, 0x5BA6, 0x9D31, 0xD719, 0x3304, 0x3368, 0x22E7, 0x0A66, 0x00C1, 0x5B8E, 0xAD96, 0x0020,
  0x01C4, 0x0204, 0x1265, 0x2AE6, 0x4387, 0x5BE7, 0x7C88, 0x84E8, 0xADEA, 0xCE8A, 0xD70D, 0x2984,
  0xBE1A, 0xEF9F, 0xDEFD, 0xDF5E, 0xDEFD, 0xFFFF, 0xB5B6, 0x7BEF, 0xFFFF, 0xD73E, 0xDF3D, 0xDF3D,
  0xCEDC, 0xEF9F, 0xAD75, 0x1906, 0x63F4, 0x7435, 0x29ED, 0x5AC6, 0xF76A, 0xCE05, 0xDE85, 0xEF16,
  0xE737, 0xCE04, 0xF709, 0xBDA1, 0xEF76, 0xE736, 0xBDA0, 0xEF08, 0xBDC5, 0xB5A5, 0xEF09, 0xEEE8,
  0xE6C9, 0xC607, 0xDEC8, 0xCE26, 0xE6C7, 0xD665, 0xDEA6, 0xCE04, 0xCE45, 0xCE25, 0xD666, 0xE6C6,
  0xDE87, 0xAD66, 0xDE86, 0xD666, 0xC5E5, 0xFFE9, 0x6B84, 0x52CE, 0xFFFF, 0x62EC, 0x43B2, 0x86DF,
  0x6DDC, 0x6DDC, 0x6DBB, 0x8EFF, 0x3AAD, 0x32AE, 0x6DDE, 0x4CD9, 0x54D9, 0x551A, 0x2BF7, 0x74F6,
  0xFFFF, 0x9599, 0x1B56, 0x4479, 0x4458, 0x4458, 0x4499, 0x4C78, 0x1929, 0x3B74, 0x3BD6, 0x3395,
  0x3395, 0x33B6, 0x3BD7, 0x1107, 0xBE5A, 0xDF5F, 0x18E5, 0xB5D9, 0x73B2, 0x3A05, 0xEF4B, 0xBD84,
  0xEEE9, 0xEEE9, 0xA564, 0xC627, 0xEF0A, 0xDE68, 0xB5C6, 0xDEA9, 0xE6CA, 0xC5E7, 0xC606, 0xF729,
  0xDE86, 0xEEE8, 0xB5A2, 0xDECD, 0xFFFF, 0xFFFF, 0xFFFF, 0xFFFF, 0xFFFF, 0xFFFF, 0xFFFF, 0xFFFF,
  0xFFFF, 0xFFFF, 0xFFFF, 0xFFFF, 0xFFFF, 0xFFFF, 0xFFFF, 0xFFFF, 0xFFFF, 0xFFFF, 0xFFFF, 0xFFFF,
  0xFFFF, 0xFFFF, 0xFFFF, 0xFFFF, 0xFFFF, 0xFFFF, 0xFFFF, 0xFFFF, 0xFFFF, 0xFFFF, 0xFFFF, 0xFFFF,
  0xFFFF, 0xFFFF, 0xFFFF, 0xFFFF, 0xFFFF, 0xFFFF, 0xBE34, 0x5C40, 0x9E2A, 0x8547, 0xA649, 0xAE6A,
  0x9E0A, 0x95C9, 0x8D89, 0x95AA, 0x74E9, 0x6CE9, 0x750A, 0x63E8, 0xE75C, 0x6C4D, 0x22C6, 0x1A87,
  0x01C5, 0x0000, 0x530C, 0xBE58, 0x0020, 0x01E6, 0x0226, 0x2B06, 0x4B64, 0xADB2, 0xDEFA, 0x7CA7,
  0xB62A, 0xB62A, 0xDEEA, 0xFF8B, 0xE70A, 0xF76A, 0xFFEA, 0xD6A7, 0xF769, 0xF787, 0xF76A, 0x31C5,
  0xBDFA, 0xE77F, 0xD6DC, 0xD6FD, 0xF79F, 0xAD75, 0x0843, 0x0000, 0x8C52, 0xEF9E, 0xD6DC, 0xD6DC,
  0xCE9B, 0xE79F, 0xAD75, 0x1926, 0x6BF4, 0x6C35, 0x320D, 0x5AC6, 0xEF2A, 0xBDA3, 0xDE85, 0xEF56,
  0xEF58, 0xCE24, 0xCE47, 0xB5A3, 0xCE6C, 0xFFFF, 0xCE28, 0xD622, 0xC605, 0xB5A4, 0xC604, 0xEEE6,
  0xE6E8, 0xBDA4, 0xCE25, 0xD666, 0xEF07, 0xBDC5, 0xCE65, 0xF725, 0xAD83, 0xB5C4, 0xE6A5, 0xDE65,
  0xCE65, 0xB5A5, 0xCE44, 0xD685, 0xD645, 0xFFE7, 0x6B63, 0x52CE, 0xFFFF, 0x62EC, 0x4391, 0x86DF,
  0x6DBB, 0x6DDC, 0x6DBB, 0x86DF, 0x3AAD, 0x32AE, 0x65DE, 0x54D9, 0x54F9, 0x3C99, 0x33D4, 0xF7BE,
  0xFFFF, 0x3C15, 0x3439, 0x4459, 0x4458, 0x4458, 0x4479, 0x4C78, 0x1949, 0x3374, 0x33D6, 0x3395,
  0x3395, 0x3395, 0x3BD6, 0x1127, 0xC65A, 0xD75E, 0x2146, 0xC69E, 0xBE3D, 0x31A5, 0xCE6A, 0xC606,
  0xB5C5, 0xF729, 0xB5E6, 0xA565, 0xEEC9, 0xFF6B, 0xB5A5, 0xCE28, 0xE6EA, 0xD668, 0xEEEA, 0xEEE9,
  0xD688, 0xC625, 0xB584, 0xF79B, 0xFFFF, 0xFFFF, 0xFFFF, 0xFFFF, 0xFFFF, 0xFFFF, 0xFFFF, 0xFFFF,
  0xFFFF, 0xFFFF, 0xFFFF, 0xFFFF, 0xFFFF, 0xFFFF, 0xFFFF, 0xFFFF, 0xFFFF, 0xFFFF, 0xFFFF, 0xFFFF,
  0xFFFF, 0xFFFF, 0xFFFF, 0xFFFF, 0xFFFF, 0xFFFF, 0xFFFF, 0xFFFF, 0xFFFF, 0xFFFF, 0xFFFF, 0xFFFF,
  0xFFFF, 0xFFFF, 0xFFFF, 0xFFFF, 0xFFFF, 0xFFFF, 0xFFFF, 0x954C, 0x6CE5, 0x856A, 0x6CA8, 0x6468,
  0x5C08, 0x4B88, 0x3B47, 0x2AC6, 0x2AA7, 0x01E4, 0x00E1, 0x0061, 0xCE9A, 0x3A89, 0x0142, 0x2AC7,
  0x4387, 0x4B65, 0xA591, 0xEF7B, 0x84C7, 0x95A8, 0xAE2A, 0xFFCE, 0xFF88, 0xF774, 0xFFFC, 0xEF0A,
  0xFF69, 0xFF6A, 0xD646, 0xF6E7, 0xC5E5, 0xD666, 0xE6C6, 0xD666, 0xD666, 0xDEC6, 0xEF4A, 0x29A4,
  0xBDFA, 0xFFFF, 0xEFBF, 0xCEDC, 0xFFFF, 0x73AF, 0x0044, 0x0003, 0x39E8, 0xFFDF, 0xD6FC, 0xC69B,
  0xEFBF, 0xFFFF, 0xA514, 0x2126, 0x6C14, 0x6C35, 0x320D, 0x5285, 0xFFEC, 0xD644, 0xB582, 0xE756,
  0xEF78, 0xCE44, 0xB5C6, 0xE6E9, 0xBDA2, 0xCE72, 0xFFFF, 0xDECE, 0xBDE7, 0xB5A7, 0xCE4A, 0xE6CB,
  0xD6AB, 0xB5C8, 0xD66B, 0xDE8B, 0xE6CA, 0xB588, 0xC60A, 0xEF0B, 0xBDCA, 0xBE09, 0xEEEB, 0xC5E9,
  0xBDE8, 0xBDE9, 0xD68B, 0xCE4A, 0xCE2A, 0xFFEF, 0x6B66, 0x52CD, 0xFFFF, 0x630C, 0x43B1, 0x86DF,
  0x6DBC, 0x75DC, 0x6DBB, 0x86DF, 0x3AAD, 0x328E, 0x65BD, 0x54B9, 0x551B, 0x23B5, 0xB65A, 0xFFFF,
  0x8537, 0x0211, 0x23B6, 0x1B55, 0x33F7, 0x4478, 0x4479, 0x4C78, 0x1949, 0x3B74, 0x33B6, 0x3395,
  0x3395, 0x3395, 0x33D6, 0x1126, 0xC65A, 0xD75E, 0x2146, 0xBE7C, 0xA57A, 0x39E5, 0xD6AA, 0xE6E8,
  0xB5C5, 0xEF09, 0xCE47, 0xB5C6, 0xDEA8, 0xCE47, 0xF72B, 0xD668, 0xC627, 0xD668, 0xFF6C, 0xD668,
  0xE6C9, 0xBDA2, 0xDEF3, 0xFFFF, 0xFFFF, 0xFFFF, 0xFFFF, 0xFFFF, 0xFFFF, 0xFFFF, 0xFFFF, 0xFFFF,
  0xFFFF, 0xFFFF, 0xFFFF, 0xFFFF, 0xFFFF, 0xFFFF, 0xFFFF, 0xFFFF, 0xFFFF, 0xFFFF, 0xFFFF, 0xFFFF,
  0xFFFF, 0xFFFF, 0xFFFF, 0xFFFF, 0xFFFF, 0xFFFF, 0xFFFF, 0xFFFF, 0xFFFF, 0xFFFF, 0xFFFF, 0xFFFF,
  0xFFFF, 0xFFFF, 0xFFFF, 0xFFFF, 0xFFFF, 0xFFFF, 0xFFFF, 0xE73D, 0x0962, 0x1284, 0x22C7, 0x1225,
  0x09E5, 0x09C5, 0x1206, 0x2268, 0x1A47, 0x4BA9, 0x8D8B, 0x956B, 0xF7BD, 0xD6B1, 0xC669, 0xD6CA,
  0xD6EA, 0xC687, 0xD6F1, 0xFFDB, 0xCE67, 0xADC3, 0xC667, 0xFFED, 0xBDA3, 0xD6B2, 0xFF9B, 0xE66A,
  0xA585, 0xEEE8, 0xDE46, 0xDE68, 0xCE27, 0xD688, 0xD667, 0xE6C7, 0xEEC6, 0xF6E5, 0xEF2A, 0x31A5,
  0xC63B, 0x8431, 0x9D14, 0xEF9E, 0xD6DC, 0xFFFF, 0x4229, 0x0861, 0xFFFF, 0xDF1D, 0xCEBB, 0xDF3D,
  0x8C92, 0xBE18, 0xBDD7, 0x1926, 0x7414, 0x7435, 0x322D, 0x4A86, 0xFFCB, 0xF706, 0xA541, 0xD6D4,
  0xEF78, 0xD684, 0xB5A5, 0xE6C9, 0xF6E8, 0xB582, 0xCE4F, 0xFFDD, 0xF7BC, 0xEF7A, 0xF7BC, 0xF7BC,
  0xF79C, 0xFFDD, 0xF7BC, 0xFFDB, 0xF7BB, 0xEF9C, 0xEF7C, 0xF7DC, 0xF7BC, 0xF7DC, 0xFFDC, 0xF7BC,
  0xEF9B, 0xFFDD, 0xFFDE, 0xEF7C, 0xF7DE, 0xFFFF, 0x7BF0, 0x5AEB, 0xFFFF, 0x62EC, 0x3B91, 0x86BF,
  0x6DBC, 0x6DDC, 0x6DBC, 0x86DF, 0x42AD, 0x328E, 0x65BD, 0x54FA, 0x2C17, 0x74F6, 0xFFFF, 0xFFFF,
  0xB65A, 0x9D99, 0xB63B, 0xBE9B, 0x95BA, 0x2BB6, 0x4479, 0x4C98, 0x1949, 0x3333, 0x33B6, 0x3395,
  0x3395, 0x3395, 0x3BD6, 0x1106, 0xC65A, 0xDF3E, 0x2146, 0xBE7D, 0xA579, 0x39E5, 0xDECB, 0xE6A6,
  0xD6A8, 0xC627, 0xDE87, 0xD626, 0xEEE9, 0xCE07, 0xF74C, 0xC627, 0xD689, 0xF72C, 0xC628, 0xBE28,
  0xE6E7, 0xD66B, 0xFFFF, 0xFFFF, 0xFFFF, 0xFFFF, 0xFFFF, 0xFFFF, 0xFFFF, 0xFFFF, 0xFFFF, 0xFFFF,
  0xFFFF, 0xFFFF, 0xFFFF, 0xFFFF, 0xFFFF, 0xFFFF, 0xFFFF, 0xFFFF, 0xFFFF, 0xFFFF, 0xFFFF, 0xFFFF,
  0xFFFF, 0xFFFF, 0xFFFF, 0xFFFF, 0xFFFF, 0xFFFF, 0xFFFF, 0xFFFF, 0xFFFF, 0xFFFF, 0xFFFF, 0xFFFF,
  0xFFFF, 0xFFFF, 0xFFFF, 0xFFFF, 0xFFFF, 0xFFFF, 0xFFFF, 0xFFFF, 0x9D14, 0x00C1, 0x330B, 0x330A,
  0x3B29, 0x3B49, 0x3B69, 0x3B8A, 0x2308, 0x544A, 0x95CC, 0x8D8A, 0xEF7C, 0xB5EF, 0x9D46, 0xB5E9,
  0xBE2A, 0xB5E6, 0xD6D2, 0xF79A, 0xC5E6, 0xBE25, 0xBE48, 0xE6CB, 0xAD23, 0xD6B4, 0xEF59, 0xCE28,
  0xB5E8, 0xB5E6, 0xF6C8, 0xB5C6, 0xD689, 0xCE27, 0xADC6, 0xC647, 0xDEA8, 0xF707, 0xF74B, 0x3185,
  0xD6BD, 0x4A6A, 0x7BF0, 0xFFFF, 0xCEBC, 0xE77E, 0xB5D8, 0xB5D8, 0xE77E, 0xCE9B, 0xCE9B, 0xEFBF,
  0x2126, 0x73CF, 0xD6BA, 0x1946, 0x6C14, 0x7415, 0x3A6E, 0x4A86, 0xE709, 0xFF48, 0xB561, 0xD6B3,
  0xEF57, 0xCE23, 0xE6C7, 0xCE46, 0xE6C8, 0xFF6A, 0xCE04, 0xB586, 0xC62B, 0xD68C, 0xCE2B, 0xDEAB,
  0xE6EE, 0xB58A, 0xC62B, 0xE6CC, 0xB5CC, 0xA549, 0xDEAA, 0xCE0A, 0xC609, 0xDE8B, 0xCE09, 0xD629,
  0xC5C8, 0xD68D, 0xC60C, 0xC5EB, 0xB5AC, 0xE72F, 0x7386, 0x52CE, 0xFFFF, 0x62EC, 0x3B71, 0x86BF,
  0x6DBC, 0x6DDC, 0x6DBB, 0x86DF, 0x42AD, 0x328E, 0x65DE, 0x3C78, 0x5CB7, 0xFFFF, 0xFFFF, 0xFFFF,
  0xFFFF, 0xFFFF, 0xFFFF, 0xFFFF, 0x43D4, 0x2BD7, 0x4479, 0x4C78, 0x1949, 0x3333, 0x33B6, 0x3395,
  0x3395, 0x3395, 0x3BD6, 0x1106, 0xC65A, 0xDF3E, 0x2146, 0xC69D, 0xA59A, 0x31A5, 0xEF4C, 0xFF89,
  0xCE47, 0x9D45, 0xEEE9, 0xE6C8, 0xCE47, 0xDEA9, 0xD668, 0xC648, 0xB5E6, 0xFF4C, 0xD68A, 0xA583,
  0xC628, 0xFFDD, 0xFFFF, 0xFFFF, 0xFFFF, 0xFFFF, 0xFFFF, 0xFFFF, 0xFFFF, 0xFFFF, 0xFFFF, 0xFFFF,
  0xFFFF, 0xFFFF, 0xFFFF, 0xFFFF, 0xFFFF, 0xFFFF, 0xFFFF, 0xFFFF, 0xFFFF, 0xFFFF, 0xFFFF, 0xFFFF,
  0xFFFF, 0xFFFF, 0xFFFF, 0xFFFF, 0xFFFF, 0xFFFF, 0xFFFF, 0xFFFF, 0xFFFF, 0xFFFF, 0xFFFF, 0xFFFF,
  0xFFFF, 0xFFFF, 0xFFFF, 0xFFFF, 0xFFFF, 0xFFFF, 0xFFFF, 0xFFFF, 0xFFFF, 0x5ACC, 0x0000, 0x1928,
  0x1926, 0x21A8, 0x2A29, 0x32A9, 0x3B4B, 0x2B69, 0x1B06, 0x1264, 0xCEDA, 0x4BCB, 0x0A83, 0x3386,
  0x43A6, 0x3303, 0x9551, 0xDF3A, 0x6C65, 0x95E9, 0x9DC9, 0xADC9, 0xBDE7, 0xDEB4, 0xE77A, 0x9D65,
  0xB609, 0x9546, 0xEEE9, 0x9D67, 0xC689, 0xBE07, 0xADC7, 0xC649, 0xADC7, 0xC648, 0xF76D, 0x10A2,
  0xC63B, 0xFFFF, 0xFFFF, 0xFFFF, 0xFFFF, 0xF7DF, 0xFFFF, 0xFFFF, 0xEFBF, 0xF7FF, 0xF7FF, 0xF7FF,
  0xFFFF, 0xFFFF, 0xC639, 0x1947, 0x84D9, 0x8D19, 0x320F, 0x3A24, 0xF7AC, 0xDE66, 0xCDE2, 0xF734,
  0xDEF7, 0xB541, 0xFFC9, 0xB5C4, 0xB5C6, 0xFFEB, 0xE6E8, 0xB5C5, 0xCE45, 0xD646, 0xC626, 0xE6C6,
  0xE6C6, 0xC5E5, 0xDE86, 0xDE67, 0x9D05, 0xC605, 0xF705, 0xC605, 0xD645, 0xE6A4, 0xD604, 0xD644,
  0xDE84, 0xCE06, 0xB5A5, 0xE6C7, 0xB565, 0xF789, 0x7BC4, 0x5ACF, 0xFFFF, 0x62EB, 0x3351, 0x86BF,
  0x6DBC, 0x6DDC, 0x6DBC, 0x86DF, 0x42AD, 0x2A6D, 0x65BD, 0x3C37, 0x7D79, 0xB65B, 0xA5FA, 0x7D17,
  0xB639, 0xFFFF, 0xFFFF, 0x5414, 0x1336, 0x4479, 0x3C58, 0x4C78, 0x1949, 0x3333, 0x33B6, 0x3395,
  0x3395, 0x3395, 0x3BB6, 0x1106, 0xC65A, 0xD71D, 0x2146, 0xC69D, 0xA57A, 0x3184, 0xF76D, 0xFF6A,
  0xCE68, 0x9D24, 0xF72A, 0xD668, 0xA564, 0xB5C6, 0xBDE7, 0xEF4B, 0xAD85, 0xF72B, 0xDEA8, 0x94E2,
  0xE758, 0xFFFF, 0xFFFF, 0xFFFF, 0xFFFF, 0xFFFF, 0xFFFF, 0xFFFF, 0xFFFF, 0xFFFF, 0xFFFF, 0xFFFF,
  0xFFFF, 0xFFFF, 0xFFFF, 0xFFFF, 0xFFFF, 0xFFFF, 0xFFFF, 0xFFFF, 0xFFFF, 0xFFFF, 0xFFFF, 0xFFFF,
  0xFFFF, 0xFFFF, 0xFFFF, 0xFFFF, 0xFFFF, 0xFFFF, 0xFFFF, 0xFFFF, 0xFFFF, 0xFFFF, 0xFFFF, 0xFFFF,
  0xFFFF, 0xFFFF, 0xFFFF, 0xFFFF, 0xFFFF, 0xFFFF, 0xFFFF, 0xFFFF, 0xFFFF, 0xF7BE, 0x18E4, 0x0004,
  0x18C8, 0x1087, 0x1087, 0x08A7, 0x10C7, 0x1127, 0x1987, 0x19A6, 0xDEFB, 0x536B, 0x0A45, 0x3328,
  0x3347, 0x0202, 0x7CD0, 0xD71A, 0x2346, 0x4C68, 0x5488, 0x54A8, 0x3BE4, 0xA5D3, 0xDF3A, 0x6C85,
  0x8D48, 0x9589, 0xAE0A, 0xAE2A, 0xBE8A, 0xBE29, 0xAE08, 0xC66A, 0xAE09, 0xADE8, 0xF78D, 0x73C9,
  0x18E5, 0x5ACD, 0x52AC, 0x4A8C, 0x52CD, 0x5AED, 0x528C, 0x528C, 0x4A8B, 0x4A6A, 0x528C, 0x4A6C,
  0x52CD, 0x52CD, 0x2967, 0x0023, 0x31CA, 0x298A, 0x0884, 0xA50A, 0xFFAB, 0xDE67, 0xC5C3, 0xEF0B,
  0xFFDF, 0x94C6, 0xEEC3, 0xCE46, 0x8D24, 0xF748, 0xE6C7, 0xC626, 0xEF28, 0xC668, 0x9546, 0xE6C7,
  0xEEE7, 0xDECA, 0xD667, 0xCE26, 0xB5A5, 0xFF88, 0xCE66, 0xAD86, 0xE6A7, 0xF6C6, 0xCE47, 0xB5C6,
  0xEF28, 0xC606, 0xBDE6, 0xE6C8, 0xB5A6, 0xFFE9, 0x7383, 0x5AEF, 0xFFFF, 0x62EB, 0x3350, 0x86BF,
  0x6DBC, 0x6DDC, 0x6DBC, 0x8EDF, 0x42AE, 0x2A6D, 0x5D7D, 0x54B9, 0x4478, 0x2BB6, 0x33F7, 0x0A91,
  0xBE5A, 0xFFFF, 0x8D37, 0x0AD4, 0x4499, 0x4437, 0x3C59, 0x4C78, 0x1949, 0x3313, 0x3BB6, 0x3395,
  0x3395, 0x3395, 0x3BB6, 0x1106, 0xBE3A, 0xCEDD, 0x2146, 0xE7BF, 0xB5FB, 0x2944, 0xD6AB, 0xD667,
  0xEEEA, 0xCE27, 0xDEA8, 0xBE06, 0xCE68, 0xB5A6, 0xAD85, 0xF72A, 0xD647, 0xF74A, 0xBDA3, 0xBE31,
  0xFFFF, 0xFFFF, 0xFFFF, 0xFFFF, 0xFFFF, 0xFFFF, 0xFFFF, 0xFFFF, 0xFFFF, 0xFFFF, 0xFFFF, 0xFFFF,
  0xFFFF, 0xFFFF, 0xFFFF, 0xFFFF, 0xFFFF, 0xFFFF, 0xFFFF, 0xFFFF, 0xFFFF, 0xFFFF, 0xFFFF, 0xFFFF,
  0xFFFF, 0xFFFF, 0xFFFF, 0xFFFF, 0xFFFF, 0xFFFF, 0xFFFF, 0xFFFF, 0xFFFF, 0xFFFF, 0xFFFF, 0xFFFF,
  0xFFFF, 0xFFFF, 0xFFFF, 0xFFFF, 0xFFFF, 0xFFFF, 0xFFFF, 0xFFFF, 0xFFFF, 0xFFFF, 0xDEDA, 0x0001,
  0x0887, 0x2129, 0x1908, 0x1908, 0x18E8, 0x18A7, 0x0846, 0x0023, 0xCE59, 0x420A, 0x0023, 0x1947,
  0x2208, 0x0183, 0x84F1, 0xCE99, 0x11C4, 0x3369, 0x3B89, 0x43E9, 0x1AE4, 0x9573, 0xC698, 0x1B24,
  0x546A, 0x5469, 0x5468, 0x6CC9, 0x74E9, 0x7D2A, 0x8D6A, 0x95AA, 0xA60B, 0xAE0A, 0xC66A, 0xEFAF,
  0xAD8B, 0x6B85, 0x73A6, 0x8427, 0x6BC6, 0x6BC7, 0x6BC7, 0x4AC3, 0x73CD, 0x844F, 0x5323, 0x5B04,
  0x6367, 0x7BE8, 0x5B64, 0xB5CD, 0xB56E, 0x6BC7, 0xC64D, 0xDF2B, 0xA564, 0xF709, 0xEE86, 0xBDC3,
  0xBE72, 0xEF7D, 0xDE69, 0xBE25, 0x5BE1, 0xBE06, 0xE6A7, 0xB585, 0xE6C8, 0xCE48, 0x9547, 0xCE27,
  0xDEA8, 0x6C23, 0xC628, 0xC5E5, 0xD666, 0xE686, 0x8484, 0x8D05, 0xE666, 0xEEC8, 0xA566, 0x8D26,
  0xD667, 0xC5E6, 0xC5E7, 0xC627, 0x9D24, 0xFFC9, 0x6322, 0x52CF, 0xFFFF, 0x62CB, 0x3330, 0x86DF,
  0x6DBB, 0x6DDC, 0x6DBC, 0x8EFF, 0x42AD, 0x2A4D, 0x5D7D, 0x4C78, 0x4C99, 0x54DA, 0x3C38, 0x6CD7,
  0xFFFF, 0xCE9A, 0x12F3, 0x3C79, 0x4438, 0x4438, 0x3C59, 0x4C78, 0x1948, 0x3313, 0x3BD6, 0x3395,
  0x3395, 0x3396, 0x3BD6, 0x1106, 0xB5FA, 0xD73F, 0x10A4, 0x422A, 0x2988, 0x6309, 0xDF0C, 0xC626,
  0xEEEA, 0xFF4B, 0xB5E6, 0xA564, 0xFF2A, 0xEEE9, 0xCE26, 0xD647, 0xF72A, 0xD664, 0xCE2C, 0xFFFF,
  0xFFFF, 0xFFFF, 0xFFFF, 0xFFFF, 0xFFFF, 0xFFFF, 0xFFFF, 0xFFFF, 0xFFFF, 0xFFFF, 0xFFFF, 0xFFFF,
  0xFFFF, 0xFFFF, 0xFFFF, 0xFFFF, 0xFFFF, 0xFFFF, 0xFFFF, 0xFFFF, 0xFFFF, 0xFFFF, 0xFFFF, 0xFFFF,
  0xFFFF, 0xFFFF, 0xFFFF, 0xFFFF, 0xFFFF, 0xFFFF, 0xFFFF, 0xFFFF, 0xFFFF, 0xFFFF, 0xFFFF, 0xFFFF,
  0xFFFF, 0xFFFF, 0xFFFF, 0xFFFF, 0xFFFF, 0xFFFF, 0xFFFF, 0xFFFF, 0xFFFF, 0xFFFF, 0xFFFF, 0xAD54,
  0x0000, 0x10E8, 0x1908, 0x18E8, 0x1907, 0x1907, 0x10E7, 0x1084, 0xCE79, 0x4A4A, 0x0005, 0x10A7,
  0x10C8, 0x0023, 0x8451, 0xC6B9, 0x0143, 0x1A27, 0x1A27, 0x1A47, 0x0101, 0x7C50, 0xC679, 0x1A05,
  0x3B69, 0x4389, 0x43A9, 0x43CA, 0x4C09, 0x4C29, 0x546A, 0x548A, 0x5CAA, 0x64EA, 0x64E9, 0x7508,
  0x9E0A, 0xA5E9, 0xC6AB, 0xDF6D, 0xC6CB, 0xC6AB, 0xD6EC, 0xA5C6, 0xF7BA, 0xFFFC, 0xAE05, 0xB627,
  0xC66A, 0xFFEF, 0xA606, 0xEF8C, 0xEF6C, 0xAE27, 0xDEEA, 0xB608, 0x9566, 0xD688, 0xFF49, 0xADA6,
  0x7CC2, 0xC692, 0xF7DF, 0xEF9A, 0xDF59, 0xF79A, 0xF79B, 0xF79B, 0xFFDB, 0xF79B, 0xF79C, 0xF7BC,
  0xEF9B, 0xDEFA, 0xFFDC, 0xF7BA, 0xFFFC, 0xF77A, 0xE73B, 0xE75A, 0xFFBB, 0xFFDC, 0xE75B, 0xE73A,
  0xF7BB, 0xF7BC, 0xFFDC, 0xFFBB, 0xF79B, 0xFFFE, 0x840F, 0x5AEC, 0xFFFF, 0x62EB, 0x3310, 0x86BF,
  0x6DBC, 0x6DDC, 0x6DBC, 0x8EDF, 0x42CE, 0x2A4D, 0x5D5C, 0x4C78, 0x4C78, 0x54B9, 0x2395, 0xC6BB,
  0xF79E, 0x2332, 0x3418, 0x4478, 0x3C38, 0x3C38, 0x4459, 0x4C78, 0x1928, 0x3313, 0x3BB6, 0x3395,
  0x3395, 0x33B6, 0x3BB6, 0x1106, 0xB5FA, 0xCEDE, 0x2124, 0x83E8, 0xA509, 0xEF6E, 0xB5C5, 0xDEC9,
  0xCE68, 0xDECA, 0xA5A6, 0xC648, 0xF70A, 0xE6A8, 0xF72A, 0xC607, 0xA562, 0xBDE8, 0xF7DE, 0xFFFF,
  0xFFFF, 0xFFFF, 0xFFFF, 0xFFFF, 0xFFFF, 0xFFFF, 0xFFFF, 0xFFFF, 0xFFFF, 0xFFFF, 0xFFFF, 0xFFFF,
  0xFFFF, 0xFFFF, 0xFFFF, 0xFFFF, 0xFFFF, 0xFFFF, 0xFFFF, 0xFFFF, 0xFFFF, 0xFFFF, 0xFFFF, 0xFFFF,
  0xFFFF, 0xFFFF, 0xFFFF, 0xFFFF, 0xFFFF, 0xFFFF, 0xFFFF, 0xFFFF, 0xFFFF, 0xFFFF, 0xFFFF, 0xFFFF,
  0xFFFF, 0xFFFF, 0xFFFF, 0xFFFF, 0xFFFF, 0xFFFF, 0xFFFF, 0xFFFF, 0xFFFF, 0xFFFF, 0xFFFF, 0xFFFF,
  0x7BEF, 0x0000, 0x1909, 0x1908, 0x18E7, 0x1907, 0x10C7, 0x0884, 0xCE79, 0x4A4A, 0x0025, 0x1908,
  0x2108, 0x0003, 0x7BAF, 0xBE38, 0x0965, 0x332A, 0x2AC9, 0x2AC9, 0x0122, 0x744F, 0xBDF7, 0x00A1,
  0x11E6, 0x11C6, 0x1A27, 0x2287, 0x2AE8, 0x3308, 0x3328, 0x3B69, 0x43CA, 0x4C2A, 0x4C4A, 0x444A,
  0x4429, 0x4C6A, 0x4C89, 0x4C48, 0x5C89, 0x6CA8, 0x6CA8, 0x53E3, 0xC655, 0xD718, 0x6C64, 0x9DA8,
  0xA5A8, 0xB628, 0xAE08, 0xC669, 0xB607, 0x9586, 0xCE49, 0xA5E8, 0xAE09, 0xADC7, 0xB606, 0x9DC7,
  0xAE07, 0x7CE2, 0x9D8A, 0xDE92, 0xC693, 0x8D6E, 0xCE92, 0xC671, 0xD6B3, 0xB5F0, 0xC651, 0xF754,
  0xC630, 0xB610, 0xCE92, 0xCE4F, 0x9D6D, 0xB610, 0xC62F, 0xEEF1, 0xC630, 0xCE71, 0xDED3, 0xB5EE,
  0xE6F1, 0xEF12, 0xCE71, 0xA58E, 0xC60E, 0xFFF4, 0x6B89, 0x52CC, 0xFFFF, 0x62EC, 0x3330, 0x86DF,
  0x6DBC, 0x6DDC, 0x6DBC, 0x86FF, 0x3ACE, 0x2A6D, 0x657D, 0x4478, 0x4C98, 0x3C58, 0x4C56, 0xFFBD,
  0x5434, 0x23B7, 0x4C99, 0x4438, 0x4438, 0x3C38, 0x3C59, 0x4C78, 0x1928, 0x3332, 0x3BB6, 0x3395,
  0x3395, 0x3396, 0x3BB6, 0x1106, 0xB5FA, 0xBE9E, 0x2985, 0xDEED, 0xF74A, 0xF729, 0xBDC5, 0xF74B,
  0xB607, 0xAE08, 0xB608, 0xC627, 0xFF6B, 0xA523, 0xEF0A, 0xCE65, 0x8483, 0xEF7B, 0xFFFF, 0xFFFF,
  0xFFFF, 0xFFFF, 0xFFFF, 0xFFFF, 0xFFFF, 0xFFFF, 0xFFFF, 0xFFFF, 0xFFFF, 0xFFFF, 0xFFFF, 0xFFFF,
  0xFFFF, 0xFFFF, 0xFFFF, 0xFFFF, 0xFFFF, 0xFFFF, 0xFFFF, 0xFFFF, 0xFFFF, 0xFFFF, 0xFFFF, 0xFFFF,
  0xFFFF, 0xFFFF, 0xFFFF, 0xFFFF, 0xFFFF, 0xFFFF, 0xFFFF, 0xFFFF, 0xFFFF, 0xFFFF, 0xFFFF, 0xFFFF,
  0xFFFF, 0xFFFF, 0xFFFF, 0xFFFF, 0xFFFF, 0xFFFF, 0xFFFF, 0xFFFF, 0xFFFF, 0xFFFF, 0xFFFF, 0xFFFF,
  0xFFFF, 0x5AAA, 0x0001, 0x2109, 0x18E7, 0x18E7, 0x10C7, 0x0885, 0xCE79, 0x4A4A, 0x0024, 0x1907,
  0x1928, 0x0003, 0x73CF, 0xBDD7, 0x0022, 0x19C9, 0x2A49, 0x2A89, 0x0143, 0x8491, 0xBE38, 0x01A4,
  0x32C9, 0x2A89, 0x2288, 0x2267, 0x2267, 0x1A27, 0x1A07, 0x1A06, 0x1A46, 0x2287, 0x22A7, 0x2B08,
  0x3349, 0x3389, 0x3BCA, 0x43EA, 0x3BCA, 0x3BCA, 0x440A, 0x1304, 0xB636, 0xBE98, 0x1B44, 0x5CA9,
  0x5CC9, 0x64E8, 0x7D49, 0x7D28, 0x8548, 0x8D89, 0x9DCA, 0x8588, 0xBE6B, 0xC68B, 0x95A7, 0xA609,
  0xC689, 0xA5E8, 0xADE6, 0xC5E5, 0x8D44, 0x4CA3, 0xAE05, 0x9D23, 0xA5A5, 0xA586, 0x8D66, 0xEEE8,
  0xC5C5, 0x74E5, 0x8D04, 0xC625, 0x84E4, 0x7CC4, 0x9D44, 0xF6C7, 0xB584, 0xADC6, 0xADA5, 0xA584,
  0xEEA6, 0xE665, 0x9D64, 0x6C62, 0x9D02, 0xFFE7, 0x6B42, 0x4A8D, 0xFFFF, 0x62EC, 0x3B50, 0x8EFF,
  0x6DBC, 0x75DC, 0x6DBB, 0x8EFF, 0x42CE, 0x328D, 0x659D, 0x4478, 0x4C99, 0x23B6, 0xA61A, 0x8D78,
  0x1355, 0x4CB9, 0x3C58, 0x4458, 0x4438, 0x4437, 0x4459, 0x4C78, 0x1949, 0x3B53, 0x3BB6, 0x3B75,
  0x3375, 0x3395, 0x3BD6, 0x1106, 0xB61A, 0xBE9E, 0x31A6, 0xB5A8, 0xD667, 0xD6A8, 0xE6E9, 0xFF4A,
  0xA5C7, 0xA5C7, 0xEF0B, 0xBDE6, 0xE6CA, 0xAD86, 0xC646, 0xD665, 0xD6D6, 0xFFFF, 0xFFFF, 0xFFFF,
  0xFFFF, 0xFFFF, 0xFFFF, 0xFFFF, 0xFFFF, 0xFFFF, 0xFFFF, 0xFFFF, 0xFFFF, 0xFFFF, 0xFFFF, 0xFFFF,
  0xFFFF, 0xFFFF, 0xFFFF, 0xFFFF, 0xFFFF, 0xFFFF, 0xFFFF, 0xFFFF, 0xFFFF, 0xFFFF, 0xFFFF, 0xFFFF,
  0xFFFF, 0xFFFF, 0xFFFF, 0xFFFF, 0xFFFF, 0xFFFF, 0xFFFF, 0xFFFF, 0xFFFF, 0xFFFF, 0xFFFF, 0xFFFF,
  0xFFFF, 0xFFFF, 0xFFFF, 0xFFFF, 0xFFFF, 0xFFFF, 0xFFFF, 0xFFFF, 0xFFFF, 0xFFFF, 0xFFFF, 0xFFFF,
  0xFFFF, 0xFFFF, 0x39C6, 0x0001, 0x1929, 0x18E7, 0x10C6, 0x0884, 0xCE79, 0x4A6B, 0x0045, 0x1908,
  0x1928, 0x0003, 0x73B0, 0xBE18, 0x0003, 0x1087, 0x10A6, 0x10E7, 0x0021, 0x7BF0, 0xC638, 0x00A3,
  0x21E8, 0x2A28, 0x2A89, 0x2AC9, 0x32C9, 0x32E9, 0x3309, 0x3309, 0x2AC9, 0x2AA8, 0x22A8, 0x1A67,
  0x1A67, 0x1A47, 0x1A47, 0x1A27, 0x1A47, 0x1A67, 0x2AC8, 0x11A3, 0xA5B5, 0xBE38, 0x1203, 0x33A9,
  0x3BC9, 0x4449, 0x4C4A, 0x4C8A, 0x4CAA, 0x54AA, 0x4C69, 0x5489, 0x5C88, 0x64C8, 0x7509, 0x7549,
  0x8549, 0x8548, 0xA609, 0xBE29, 0xAE2A, 0x8609, 0xCECB, 0xC649, 0xC669, 0xCE8A, 0x74E6, 0xDE88,
  0xEEEA, 0x5445, 0xA5A8, 0xC669, 0x8507, 0x8D89, 0x9DA8, 0xEEA9, 0xCE69, 0x7D26, 0xAE08, 0xADE7,
  0xF70A, 0xC627, 0x8D67, 0x8527, 0xA585, 0xFFEC, 0x5B24, 0x52AD, 0xFFFF, 0x62EC, 0x43B2, 0x8F3F,
  0x6DFD, 0x75FD, 0x6DFC, 0x8F3F, 0x42EF, 0x328E, 0x65BE, 0x4499, 0x4499, 0x4478, 0x85BA, 0x2BD6,
  0x3479, 0x3C78, 0x3C79, 0x4478, 0x4458, 0x4478, 0x449A, 0x4C99, 0x1949, 0x3B95, 0x33F8, 0x3396,
  0x3395, 0x3396, 0x3BF7, 0x1127, 0xB5F9, 0xBE9E, 0x2166, 0xCE4A, 0xF749, 0xADC6, 0xC627, 0xF78B,
  0xA5E7, 0xBE07, 0xFF6B, 0xC607, 0xD6A9, 0xB5E5, 0x9D21, 0xFFB6, 0xFFFF, 0xFFFF, 0xFFFF, 0xFFFF,
  0xFFFF, 0xFFFF, 0xFFFF, 0xFFFF, 0xFFFF, 0xFFFF, 0xFFFF, 0xFFFF, 0xFFFF, 0xFFFF, 0xFFFF, 0xFFFF,
  0xFFFF, 0xFFFF, 0xFFFF, 0xFFFF, 0xFFFF, 0xFFFF, 0xFFFF, 0xFFFF, 0xFFFF, 0xFFFF, 0xFFFF, 0xFFFF,
  0xFFFF, 0xFFFF, 0xFFFF, 0xFFFF, 0xFFFF, 0xFFFF, 0xFFFF, 0xFFFF, 0xFFFF, 0xFFFF, 0xFFFF, 0xFFFF,
  0xFFFF, 0xFFFF, 0xFFFF, 0xFFFF, 0xFFFF, 0xFFFF, 0xFFFF, 0xFFFF, 0xFFFF, 0xFFFF, 0xFFFF, 0xFFFF,
  0xFFFF, 0xFFFF, 0xEF7D, 0x18E4, 0x0003, 0x1928, 0x10A6, 0x0884, 0xCE7A, 0x4A6B, 0x0045, 0x1908,
  0x1928, 0x0003, 0x73D0, 0xBDF7, 0x0002, 0x1908, 0x18E7, 0x18E8, 0x0002, 0x738F, 0xBDF7, 0x0002,
  0x0887, 0x10A6, 0x18E7, 0x1927, 0x1987, 0x19C8, 0x2208, 0x2A69, 0x2A89, 0x2AC9, 0x330A, 0x332A,
  0x2B2A, 0x332A, 0x2B09, 0x2AE9, 0x2288, 0x2268, 0x2288, 0x00A1, 0x8CF3, 0xB5B6, 0x0060, 0x1A06,
  0x1A27, 0x2267, 0x2AC8, 0x3329, 0x3B69, 0x4389, 0x43CA, 0x43EA, 0x3C0A, 0x3C2A, 0x444A, 0x4C29,
  0x4C2A, 0x4C4A, 0x5449, 0x5C69, 0x64A8, 0x64E8, 0x7508, 0x8528, 0x9589, 0x9DAA, 0x8549, 0xBE29,
  0xDEEB, 0x5CA6, 0xC66A, 0xD6AB, 0x8527, 0xAE29, 0x8D66, 0xDEA9, 0xC608, 0x7505, 0xAE09, 0xADE7,
  0xC647, 0xB5E9, 0x74E6, 0x9587, 0xB5E8, 0xCEC9, 0x42A3, 0x5ACE, 0xFFFF, 0x524A, 0x3B2E, 0x9F3F,
  0x7DFC, 0x7E1C, 0x75FC, 0x9F3F, 0x3AAC, 0x220C, 0x6DDE, 0x4C99, 0x4C99, 0x54D9, 0x4437, 0x33F7,
  0x4438, 0x4438, 0x3C37, 0x4438, 0x4438, 0x4438, 0x4479, 0x4C78, 0x08C8, 0x3B54, 0x3BB7, 0x3354,
  0x3333, 0x3354, 0x3B54, 0x0043, 0xBE3A, 0xC6BF, 0x2125, 0xEF2B, 0xFFA9, 0xA5A6, 0xBE27, 0xB608,
  0x9DC7, 0xD6A9, 0xFF49, 0xB5E6, 0xC668, 0xC605, 0xBE10, 0xFFFF, 0xFFFF, 0xFFFF, 0xFFFF, 0xFFFF,
  0xFFFF, 0xFFFF, 0xFFFF, 0xFFFF, 0xFFFF, 0xFFFF, 0xFFFF, 0xFFFF, 0xFFFF, 0xFFFF, 0xFFFF, 0xFFFF,
  0xFFFF, 0xFFFF, 0xFFFF, 0xFFFF, 0xFFFF, 0xFFFF, 0xFFFF, 0xFFFF, 0xFFFF, 0xFFFF, 0xFFFF, 0xFFFF,
  0xFFFF, 0xFFFF, 0xFFFF, 0xFFFF, 0xFFFF, 0xFFFF, 0xFFFF, 0xFFFF, 0xFFFF, 0xFFFF, 0xFFFF, 0xFFFF,
  0xFFFF, 0xFFFF, 0xFFFF, 0xFFFF, 0xFFFF, 0xFFFF, 0xFFFF, 0xFFFF, 0xFFFF, 0xFFFF, 0xFFFF, 0xFFFF,
  0xFFFF, 0xFFFF, 0xFFFF, 0xE6FB, 0x0842, 0x0004, 0x10C8, 0x0864, 0xCE79, 0x4A8B, 0x0045, 0x1908,
  0x1928, 0x0003, 0x73AF, 0xBDD7, 0x0002, 0x18E8, 0x1907, 0x1928, 0x0003, 0x7BD0, 0xBDD7, 0x0003,
  0x1908, 0x18E8, 0x18E7, 0x10C7, 0x10C7, 0x10A7, 0x10A7, 0x10A7, 0x10E7, 0x1127, 0x1968, 0x19A8,
  0x21E8, 0x2208, 0x2228, 0x2A68, 0x2A89, 0x32C9, 0x330A, 0x0184, 0x9D75, 0xB638, 0x0184, 0x32C9,
  0x2248, 0x2228, 0x1A27, 0x1A07, 0x11E6, 0x11E6, 0x11E6, 0x1A26, 0x1A67, 0x22A7, 0x2AE8, 0x3349,
  0x3B8A, 0x43EB, 0x4C0B, 0x546B, 0x548B, 0x5C6B, 0x4C4A, 0x4C4A, 0x4C49, 0x4C28, 0x5C68, 0x5C47,
  0x5C48, 0x5C89, 0x74E8, 0x8D49, 0x8D49, 0x9DE9, 0x8D87, 0xCEAA, 0xC64A, 0x8547, 0xAE09, 0xBE28,
  0xBE07, 0x84E7, 0x7D08, 0xA5C8, 0xB5A7, 0xC6C9, 0x42A3, 0x630F, 0xFFFF, 0x9CF4, 0x0862, 0x2167,
  0x1947, 0x1947, 0x1947, 0x1967, 0x10A4, 0x0884, 0x1147, 0x1127, 0x1127, 0x08E6, 0x08C6, 0x10E7,
  0x10E7, 0x1106, 0x1106, 0x1107, 0x1107, 0x1107, 0x1107, 0x1107, 0x0884, 0x10E6, 0x1107, 0x10C6,
  0x10C6, 0x10C6, 0x0843, 0x424A, 0xDF7F, 0xB65D, 0x31C7, 0xEEEB, 0xFFC9, 0xA565, 0xE72A, 0x9D66,
  0x8D47, 0xDEC9, 0xFF4A, 0xB606, 0x9542, 0xF754, 0xFFFF, 0xFFFF, 0xFFFF, 0xFFFF, 0xFFFF, 0xFFFF,
  0xFFFF, 0xFFFF, 0xFFFF, 0xFFFF, 0xFFFF, 0xFFFF, 0xFFFF, 0xFFFF, 0xFFFF, 0xFFFF, 0xFFFF, 0xFFFF,
  0xFFFF, 0xFFFF, 0xFFFF, 0xFFFF, 0xFFFF, 0xFFFF, 0xFFFF, 0xFFFF, 0xFFFF, 0xFFFF, 0xFFFF, 0xFFFF,
  0xFFFF, 0xFFFF, 0xFFFF, 0xFFFF, 0xFFFF, 0xFFFF, 0xFFFF, 0xFFFF, 0xFFFF, 0xFFFF, 0xFFFF, 0xFFFF,
  0xFFFF, 0xFFFF, 0xFFFF, 0xFFFF, 0xFFFF, 0xFFFF, 0xFFFF, 0xFFFF, 0xFFFF, 0xFFFF, 0xFFFF, 0xFFFF,
  0xFFFF, 0xFFFF, 0xFFFF, 0xFFFF, 0xD6BA, 0x0841, 0x0004, 0x10A6, 0xCE79, 0x4A8B, 0x0045, 0x1908,
  0x1908, 0x0003, 0x73AF, 0xBDD7, 0x0002, 0x1908, 0x1907, 0x1928, 0x0002, 0x8432, 0xBDB6, 0x0002,
  0x1908, 0x18E7, 0x1907, 0x1907, 0x1907, 0x1908, 0x1908, 0x1908, 0x18E8, 0x18C8, 0x10C7, 0x10A7,
  0x10A7, 0x10A7, 0x10A6, 0x10C7, 0x1107, 0x1947, 0x21A8, 0x00A2, 0x9D34, 0xBE17, 0x0103, 0x2A89,
  0x2A68, 0x2A89, 0x2AA9, 0x2AA9, 0x2AA9, 0x2288, 0x2288, 0x2268, 0x1A47, 0x1A27, 0x1A06, 0x1227,
  0x1226, 0x1A26, 0x2247, 0x2287, 0x2AC7, 0x3308, 0x3B49, 0x3B69, 0x43A9, 0x43C9, 0x4BEA, 0x4C0A,
  0x4C0A, 0x5C8A, 0x544A, 0x5449, 0x5CA9, 0x5469, 0x5C89, 0x5467, 0x64A8, 0x6CC8, 0x6CE8, 0x8548,
  0x9D89, 0x7D08, 0x8D89, 0xA5EA, 0xBE28, 0xD76A, 0x6384, 0x4A4C, 0xFFFF, 0xFFFF, 0xFFFF, 0xE73C,
  0xF79E, 0xEF7E, 0xF77E, 0xEF5D, 0xF7DF, 0xF7FF, 0xEF9E, 0xF7BE, 0xF79E, 0xEF7E, 0xE77E, 0xEF7E,
  0xEF9E, 0xEF9E, 0xEF9E, 0xEF9E, 0xF7BE, 0xF7DE, 0xFFDE, 0xF7BE, 0xF7FF, 0xEFDF, 0xEFDF, 0xE7DF,
  0xDFBF, 0xE79F, 0xE7BF, 0xFFFF, 0xEFFF, 0xCEDE, 0x2125, 0xCE8B, 0xBE48, 0xADC7, 0xFF49, 0xDEA8,
  0x7CE6, 0xBE29, 0xFFCB, 0x94E0, 0xA5AF, 0xFFFF, 0xFFFF, 0xFFFF, 0xFFFF, 0xFFFF, 0xFFFF, 0xFFFF,
  0xFFFF, 0xFFFF, 0xFFFF, 0xFFFF, 0xFFFF, 0xFFFF, 0xFFFF, 0xFFFF, 0xFFFF, 0xFFFF, 0xFFFF, 0xFFFF,
  0xFFFF, 0xFFFF, 0xFFFF, 0xFFFF, 0xFFFF, 0xFFFF, 0xFFFF, 0xFFFF, 0xFFFF, 0xFFFF, 0xFFFF, 0xFFFF,
  0xFFFF, 0xFFFF, 0xFFFF, 0xFFFF, 0xFFFF, 0xFFFF, 0xFFFF, 0xFFFF, 0xFFFF, 0xFFFF, 0xFFFF, 0xFFFF,
  0xFFFF, 0xFFFF, 0xFFFF, 0xFFFF, 0xFFFF, 0xFFFF, 0xFFFF, 0xFFFF, 0xFFFF, 0xFFFF, 0xFFFF, 0xFFFF,
  0xFFFF, 0xFFFF, 0xFFFF, 0xFFFF, 0xFFFF, 0xCE79, 0x0000, 0x0002, 0xD6BB, 0x528B, 0x0045, 0x1908,
  0x1908, 0x0002, 0x73AF, 0xBDD7, 0x0002, 0x1908, 0x1907, 0x1928, 0x0003, 0x6B6F, 0xD699, 0x0000,
  0x10E8, 0x1907, 0x1907, 0x1907, 0x1908, 0x1928, 0x1908, 0x1908, 0x1908, 0x1908, 0x1907, 0x1927,
  0x1928, 0x1908, 0x1908, 0x1908, 0x18E7, 0x10C7, 0x18E8, 0x0001, 0x9493, 0xBDB7, 0x0001, 0x1128,
  0x1927, 0x1947, 0x1987, 0x19C8, 0x21E8, 0x2248, 0x2A69, 0x2AA9, 0x2AC9, 0x2AC9, 0x2AE9, 0x2AE9,
  0x2AC9, 0x2AC8, 0x2AA8, 0x2288, 0x2267, 0x1A26, 0x1A06, 0x1A06, 0x1A26, 0x1A26, 0x2267, 0x22A7,
  0x2AC8, 0x3308, 0x4369, 0x43CA, 0x4C0A, 0x544B, 0x548B, 0x548B, 0x54AB, 0x548A, 0x4C6A, 0x4489,
  0x4428, 0x4C68, 0x5488, 0x5467, 0x64A7, 0x7D27, 0x8D8B, 0x2125, 0x6B2F, 0x9474, 0x9C94, 0x94B4,
  0x9494, 0x9494, 0x94B4, 0x9494, 0x8C94, 0x8C74, 0x9494, 0x94B4, 0x94B5, 0x94B5, 0x94D5, 0x94D5,
  0x8474, 0x9495, 0x8C95, 0x7C54, 0x8CB5, 0x94D5, 0x94B5, 0x8CB5, 0x8C95, 0x94D6, 0x8494, 0x8494,
  0x8495, 0x7C54, 0x7C34, 0x7C34, 0x8454, 0x41EB, 0x4A86, 0xD74D, 0x7CA4, 0xBE08, 0xFF68, 0xDEC8,
  0x74A6, 0x9D86, 0xDEC5, 0xBDED, 0xFFDF, 0xFFFF, 0xFFFF, 0xFFFF, 0xFFFF, 0xFFFF, 0xFFFF, 0xFFFF,
  0xFFFF, 0xFFFF, 0xFFFF, 0xFFFF, 0xFFFF, 0xFFFF, 0xFFFF, 0xFFFF, 0xFFFF, 0xFFFF, 0xFFFF, 0xFFFF,
  0xFFFF, 0xFFFF, 0xFFFF, 0xFFFF, 0xFFFF, 0xFFFF, 0xFFFF, 0xFFFF, 0xFFFF, 0xFFFF, 0xFFFF, 0xFFFF,
  0xFFFF, 0xFFFF, 0xFFFF, 0xFFFF, 0xFFFF, 0xFFFF, 0xFFFF, 0xFFFF, 0xFFFF, 0xFFFF, 0xFFFF, 0xFFFF,
  0xFFFF, 0xFFFF, 0xFFFF, 0xFFFF, 0xFFFF, 0xFFFF, 0xFFFF, 0xFFFF, 0xFFFF, 0xFFFF, 0xFFFF, 0xFFFF,
  0xFFFF, 0xFFFF, 0xFFFF, 0xFFFF, 0xFFFF, 0xFFFF, 0xCE59, 0x0841, 0xAD75, 0x52AC, 0x0025, 0x1907,
  0x1908, 0x0002, 0x73AF, 0xBDD7, 0x0002, 0x18E8, 0x1907, 0x1908, 0x10C8, 0x10A4, 0xF7BE, 0x632D,
  0x0000, 0x08A6, 0x08A6, 0x08A6, 0x08A6, 0x0886, 0x0886, 0x08A6, 0x0886, 0x08A6, 0x08A6, 0x0886,
  0x08A6, 0x0886, 0x0886, 0x08A6, 0x0886, 0x0886, 0x10C7, 0x0001, 0x8C52, 0xB596, 0x0002, 0x08A8,
  0x0886, 0x0866, 0x0046, 0x0045, 0x0045, 0x0045, 0x00A5, 0x08C6, 0x0906, 0x1146, 0x1187, 0x19C7,
  0x1A27, 0x2247, 0x2268, 0x2288, 0x2288, 0x1A67, 0x1A47, 0x1A27, 0x1A27, 0x1A27, 0x1226, 0x1207,
  0x1206, 0x09E5, 0x01A5, 0x01A4, 0x01A4, 0x09E4, 0x1225, 0x1245, 0x1AA6, 0x22C6, 0x22E6, 0x2B27,
  0x2B47, 0x2BA8, 0x33C8, 0x2BE8, 0x2BC7, 0x2366, 0x3427, 0x4489, 0x01A2, 0x0962, 0x0141, 0x0941,
  0x0982, 0x11A2, 0x11A2, 0x2203, 0x2A23, 0x3243, 0x3264, 0x29E3, 0x3222, 0x3A22, 0x2181, 0x1940,
  0x4A84, 0x1960, 0x1961, 0x52A4, 0x2980, 0x2180, 0x3202, 0x31E1, 0x3201, 0x2180, 0x4A84, 0x4222,
  0x1920, 0x3A02, 0x4A84, 0x2160, 0x39E2, 0x42C3, 0x9DC7, 0xC646, 0x7CA3, 0x9D23, 0xFFA8, 0x8D03,
  0x74A4, 0x6400, 0xBE0D, 0xFFFF, 0xFFFF, 0xFFFF, 0xFFFF, 0xFFFF, 0xFFFF, 0xFFFF, 0xFFFF, 0xFFFF,
  0xFFFF, 0xFFFF, 0xFFFF, 0xFFFF, 0xFFFF, 0xFFFF, 0xFFFF, 0xFFFF, 0xFFFF, 0xFFFF, 0xFFFF, 0xFFFF,
  0xFFFF, 0xFFFF, 0xFFFF, 0xFFFF, 0xFFFF, 0xFFFF, 0xFFFF, 0xFFFF, 0xFFFF, 0xFFFF, 0xFFFF, 0xFFFF,
  0xFFFF, 0xFFFF, 0xFFFF, 0xFFFF, 0xFFFF, 0xFFFF, 0xFFFF, 0xFFFF, 0xFFFF, 0xFFFF, 0xFFFF, 0xFFFF,
  0xFFFF, 0xFFFF, 0xFFFF, 0xFFFF, 0xFFFF, 0xFFFF, 0xFFFF, 0xFFFF, 0xFFFF, 0xFFFF, 0xFFFF, 0xFFFF,
  0xFFFF, 0xFFFF, 0xFFFF, 0xFFFF, 0xFFFF, 0xFFFF, 0xFFFF, 0xC618, 0xBDD7, 0x632D, 0x0003, 0x1928,
  0x1908, 0x0002, 0x73AE, 0xBDD7, 0x0002, 0x1908, 0x1908, 0x1907, 0x2129, 0x0003, 0x4A49, 0xFFFF,
  0x8C30, 0x2126, 0x2128, 0x2148, 0x2148, 0x2168, 0x2148, 0x2128, 0x2107, 0x2107, 0x2127, 0x1907,
  0x1907, 0x1927, 0x2127, 0x2128, 0x2169, 0x2968, 0x2989, 0x10A3, 0x9CF3, 0xCE79, 0x10A3, 0x1908,
  0x1927, 0x1927, 0x2127, 0x1907, 0x1907, 0x18E7, 0x10E7, 0x10E6, 0x10C6, 0x10C6, 0x10C6, 0x1906,
  0x2146, 0x2147, 0x2167, 0x21A7, 0x2207, 0x2A48, 0x32A9, 0x32A9, 0x32A9, 0x32C9, 0x32E9, 0x32CA,
  0x32EA, 0x32E9, 0x32E9, 0x32E9, 0x32C9, 0x2AA8, 0x2288, 0x2247, 0x1A26, 0x2206, 0x2205, 0x21C6,
  0x29C6, 0x29E7, 0x3208, 0x3288, 0x3308, 0x3B89, 0x3BC8, 0x4C69, 0x656C, 0x656C, 0x6D6D, 0x6D6D,
  0x758D, 0x758D, 0x758C, 0x7DAC, 0x85AC, 0x962C, 0x960C, 0x858B, 0xBECD, 0xBE8B, 0xA60B, 0xAE2C,
  0xE770, 0x9E0C, 0xA62D, 0xFFF2, 0xC68B, 0xAE4B, 0xB68B, 0xDF4E, 0xD74E, 0xA5A9, 0xFFF3, 0xDF2F,
  0x9DAA, 0xEFB2, 0xF7F0, 0xAE0A, 0xFFF2, 0xAE6B, 0x8527, 0xCE8C, 0xADCC, 0xBE0D, 0xE72F, 0x84E9,
  0x956A, 0xA56D, 0xFFDF, 0xFFFF, 0xFFFF, 0xFFFF, 0xFFFF, 0xFFFF, 0xFFFF, 0xFFFF, 0xFFFF, 0xFFFF,
  0xFFFF, 0xFFFF, 0xFFFF, 0xFFFF, 0xFFFF, 0xFFFF, 0xFFFF, 0xFFFF, 0xFFFF, 0xFFFF, 0xFFFF, 0xFFFF,
  0xFFFF, 0xFFFF, 0xFFFF, 0xFFFF, 0xFFFF, 0xFFFF, 0xFFFF, 0xFFFF, 0xFFFF, 0xFFFF, 0xFFFF, 0xFFFF,
  0xFFFF, 0xFFFF, 0xFFFF, 0xFFFF, 0xFFFF, 0xFFFF, 0xFFFF, 0xFFFF, 0xFFFF, 0xFFFF, 0xFFFF, 0xFFFF,
  0xFFFF, 0xFFFF, 0xFFFF, 0xFFFF, 0xFFFF, 0xFFFF, 0xFFFF, 0xFFFF, 0xFFFF, 0xFFFF, 0xFFFF, 0xFFFF,
  0xFFFF, 0xFFFF, 0xFFFF, 0xFFFF, 0xFFFF, 0xFFFF, 0xFFFF, 0xFFFF, 0xFFFF, 0xA534, 0x0000, 0x10E8,
  0x1908, 0x0002, 0x73AF, 0xBDF7, 0x0003, 0x1908, 0x1907, 0x1907, 0x18E7, 0x1928, 0x0002, 0x4208,
  0xCE58, 0xE73C, 0xDEFB, 0xE6FC, 0xDEFB, 0xE6FB, 0xDEFB, 0xDEDB, 0xDEDB, 0xDEDB, 0xD6DB, 0xDEDB,
  0xD6DB, 0xD6DB, 0xD6BA, 0xDEDB, 0xDEDB, 0xDEFB, 0xDEFB, 0xD6BA, 0xE71C, 0xEF5D, 0xD6BA, 0xD6BA,
  0xD6BA, 0xD6BA, 0xD6BA, 0xD6DB, 0xD6DB, 0xDEDB, 0xDEDB, 0xDEFB, 0xDEFB, 0xDEFB, 0xDEFB, 0xDEFB,
  0xDEDB, 0xDEBB, 0xD69A, 0xD67A, 0xD67A, 0xD69A, 0xDEDB, 0xDEFB, 0xDEFB, 0xDEFB, 0xDEFB, 0xDEFB,
  0xDEFB, 0xDEFB, 0xDF1B, 0xDF1C, 0xE73C, 0xE73C, 0xDF3C, 0xE75C, 0xE75C, 0xE77D, 0xE79D, 0xE77D,
  0xE75D, 0xE75D, 0xE73D, 0xE71C, 0xDEFC, 0xDEFC, 0xE73C, 0xE73C, 0xE73C, 0xE75D, 0xE75D, 0xE73C,
  0xE73C, 0xE73C, 0xE73C, 0xE73C, 0xDF1C, 0xE73C, 0xDF1B, 0xEF7C, 0xEFBC, 0xE77B, 0xE77B, 0xEF7B,
  0xDF19, 0xE73B, 0xDF3A, 0xDF1A, 0xE75C, 0xE75C, 0xDF1A, 0xEF9C, 0xF7BC, 0xEF7B, 0xFFFE, 0xF79B,
  0xEF7B, 0xFFDD, 0xEF7A, 0xE739, 0xF7DB, 0xEF7A, 0xDEF9, 0xF79C, 0xFFDD, 0xF79C, 0xF79B, 0xDEF8,
  0xFFBE, 0xFFFF, 0xFFFF, 0xFFFF, 0xFFFF, 0xFFFF, 0xFFFF, 0xFFFF, 0xFFFF, 0xFFFF, 0xFFFF, 0xFFFF,
  0xFFFF, 0xFFFF, 0xFFFF, 0xFFFF, 0xFFFF, 0xFFFF, 0xFFFF, 0xFFFF, 0xFFFF, 0xFFFF, 0xFFFF, 0xFFFF,
  0xFFFF, 0xFFFF, 0xFFFF, 0xFFFF, 0xFFFF, 0xFFFF, 0xFFFF, 0xFFFF, 0xFFFF, 0xFFFF, 0xFFFF, 0xFFFF,
  0xFFFF, 0xFFFF, 0xFFFF, 0xFFFF, 0xFFFF, 0xFFFF, 0xFFFF, 0xFFFF, 0xFFFF, 0xFFFF, 0xFFFF, 0xFFFF,
  0xFFFF, 0xFFFF, 0xFFFF, 0xFFFF, 0xFFFF, 0xFFFF, 0xFFFF, 0xFFFF, 0xFFFF, 0xFFFF, 0xFFFF, 0xFFFF,
  0xFFFF, 0xFFFF, 0xFFFF, 0xFFFF, 0xFFFF, 0xFFFF, 0xFFFF, 0xFFFF, 0xFFFF, 0xFFFF, 0x528A, 0x0000,
  0x1909, 0x0003, 0x73AF, 0xBDF8, 0x0003, 0x1908, 0x1907, 0x1907, 0x1907, 0x1907, 0x1929, 0x0045,
  0x0023, 0x2968, 0x3189, 0x2988, 0x2968, 0x2948, 0x2967, 0x2967, 0x2967, 0x2967, 0x2967, 0x2967,
  0x2967, 0x2967, 0x2968, 0x2968, 0x2968, 0x2948, 0x2948, 0x2969, 0x2107, 0x18E6, 0x2988, 0x2968,
  0x2967, 0x2967, 0x2967, 0x2988, 0x3188, 0x3188, 0x3188, 0x3188, 0x31A8, 0x31A8, 0x3188, 0x2968,
  0x2968, 0x2968, 0x2968, 0x2968, 0x2968, 0x2948, 0x2147, 0x2147, 0x2127, 0x2127, 0x2127, 0x2127,
  0x2147, 0x2147, 0x2947, 0x2947, 0x2968, 0x2988, 0x29A8, 0x29C8, 0x2A08, 0x2A48, 0x3289, 0x3ACA,
  0x3B0A, 0x3B2A, 0x436B, 0x436B, 0x434B, 0x3AEA, 0x3AC9, 0x3268, 0x2A48, 0x2A47, 0x2A28, 0x2A48,
  0x2A68, 0x3268, 0x3289, 0x3AA9, 0x3AC9, 0x3AEA, 0x3AEA, 0x432A, 0x434A, 0x43AA, 0x4BEA, 0x540B,
  0x5C6B, 0x648B, 0x5C4A, 0x5409, 0x5429, 0x5409, 0x4C09, 0x5409, 0x5449, 0x5428, 0x958C, 0x84E9,
  0x8D2A, 0xB64E, 0x850A, 0x8D28, 0xEF4F, 0xBE0B, 0x5C24, 0x9549, 0xB5C9, 0x9D25, 0x8480, 0xA54C,
  0xFFBE, 0xFFFF, 0xFFFF, 0xFFFF, 0xFFFF, 0xFFFF, 0xFFFF, 0xFFFF, 0xFFFF, 0xFFFF, 0xFFFF, 0xFFFF,
  0xFFFF, 0xFFFF, 0xFFFF, 0xFFFF, 0xFFFF, 0xFFFF, 0xFFFF, 0xFFFF, 0xFFFF, 0xFFFF, 0xFFFF, 0xFFFF,
  0xFFFF, 0xFFFF, 0xFFFF, 0xFFFF, 0xFFFF, 0xFFFF, 0xFFFF, 0xFFFF, 0xFFFF, 0xFFFF, 0xFFFF, 0xFFFF,
  0xFFFF, 0xFFFF, 0xFFFF, 0xFFFF, 0xFFFF, 0xFFFF, 0xFFFF, 0xFFFF, 0xFFFF, 0xFFFF, 0xFFFF, 0xFFFF,
  0xFFFF, 0xFFFF, 0xFFFF, 0xFFFF, 0xFFFF, 0xFFFF, 0xFFFF, 0xFFFF, 0xFFFF, 0xFFFF, 0xFFFF, 0xFFFF,
  0xFFFF, 0xFFFF, 0xFFFF, 0xFFFF, 0xFFFF, 0xFFFF, 0xFFFF, 0xFFFF, 0xFFFF, 0xFFFF, 0xFFFF, 0x4A28,
  0x0001, 0x0004, 0x7BF0, 0xB5B7, 0x0002, 0x1908, 0x1907, 0x1907, 0x1907, 0x1907, 0x1907, 0x2128,
  0x1908, 0x08A6, 0x0886, 0x0885, 0x0885, 0x0865, 0x0865, 0x0865, 0x0865, 0x0865, 0x0865, 0x0065,
  0x0865, 0x0865, 0x0886, 0x0886, 0x0886, 0x0886, 0x0886, 0x0886, 0x0886, 0x0886, 0x0886, 0x0886,
  0x0065, 0x0885, 0x0865, 0x0865, 0x0865, 0x0065, 0x0065, 0x0865, 0x0865, 0x0865, 0x0865, 0x0865,
  0x0865, 0x0865, 0x0886, 0x0886, 0x0885, 0x0886, 0x0886, 0x0886, 0x0886, 0x0886, 0x0886, 0x0886,
  0x0886, 0x0886, 0x0886, 0x0886, 0x0886, 0x0886, 0x0886, 0x0085, 0x0885, 0x0085, 0x00A5, 0x08C5,
  0x0905, 0x0926, 0x1166, 0x11A6, 0x19E7, 0x1A27, 0x1A27, 0x1A46, 0x1A46, 0x1A26, 0x1226, 0x1225,
  0x1225, 0x1225, 0x1225, 0x1205, 0x1205, 0x11E5, 0x09E5, 0x09A4, 0x09A5, 0x09C5, 0x1205, 0x1A46,
  0x22A6, 0x2AE7, 0x3327, 0x3B47, 0x3B68, 0x43A8, 0x43E9, 0x4C29, 0x5449, 0x548A, 0x5448, 0x5469,
  0x5489, 0x4C47, 0x4427, 0x5CA8, 0x7D27, 0x6C86, 0x43C6, 0x6467, 0x8D47, 0x7461, 0xB5ED, 0xFFFF,
  0xFFFF, 0xFFFF, 0xFFFF, 0xFFFF, 0xFFFF, 0xFFFF, 0xFFFF, 0xFFFF, 0xFFFF, 0xFFFF, 0xFFFF, 0xFFFF,
  0xFFFF, 0xFFFF, 0xFFFF, 0xFFFF, 0xFFFF, 0xFFFF, 0xFFFF, 0xFFFF, 0xFFFF, 0xFFFF, 0xFFFF, 0xFFFF,
  0xFFFF, 0xFFFF, 0xFFFF, 0xFFFF, 0xFFFF, 0xFFFF, 0xFFFF, 0xFFFF, 0xFFFF, 0xFFFF, 0xFFFF, 0xFFFF,
  0xFFFF, 0xFFFF, 0xFFFF, 0xFFFF, 0xFFFF, 0xFFFF, 0xFFFF, 0xFFFF, 0xFFFF, 0xFFFF, 0xFFFF, 0xFFFF,
  0xFFFF, 0xFFFF, 0xFFFF, 0xFFFF, 0xFFFF, 0xFFFF, 0xFFFF, 0xFFFF, 0xFFFF, 0xFFFF, 0xFFFF, 0xFFFF,
  0xFFFF, 0xFFFF, 0xFFFF, 0xFFFF, 0xFFFF, 0xFFFF, 0xFFFF, 0xFFFF, 0xFFFF, 0xFFFF, 0xFFFF, 0xFFFF,
  0x6B2C, 0x0000, 0x3A0A, 0xE71B, 0x0002, 0x0886, 0x1928, 0x1928, 0x1928, 0x1928, 0x1928, 0x1928,
  0x1928, 0x2148, 0x1948, 0x1948, 0x1928, 0x1928, 0x1928, 0x1928, 0x1928, 0x1928, 0x1928, 0x1928,
  0x1928, 0x1928, 0x1928, 0x1928, 0x1928, 0x1928, 0x1928, 0x1928, 0x1928, 0x1928, 0x1928, 0x1928,
  0x1928, 0x1928, 0x1928, 0x1928, 0x1928, 0x1928, 0x1928, 0x1928, 0x1928, 0x1928, 0x1928, 0x1928,
  0x1928, 0x1928, 0x1928, 0x1928, 0x1928, 0x1928, 0x1928, 0x1928, 0x1928, 0x1928, 0x1928, 0x1928,
  0x2128, 0x2148, 0x2128, 0x2148, 0x2148, 0x2148, 0x2148, 0x2149, 0x2149, 0x2129, 0x1928, 0x1908,
  0x18E8, 0x18E8, 0x10C7, 0x10C7, 0x10E7, 0x1928, 0x1948, 0x1987, 0x21A7, 0x21E8, 0x2A28, 0x2A68,
  0x2AA9, 0x32EA, 0x330A, 0x330A, 0x330A, 0x32E9, 0x2AC9, 0x2AC9, 0x2AE9, 0x2AC9, 0x2AA9, 0x2AA8,
  0x2288, 0x2268, 0x2268, 0x1A47, 0x1A47, 0x2267, 0x2267, 0x2AC8, 0x3309, 0x4369, 0x4BEA, 0x548C,
  0x5CCC, 0x5CED, 0x5D0D, 0x550C, 0x3C8A, 0x446A, 0x4C6B, 0x2B67, 0x0201, 0x8CF0, 0xFFFF, 0xFFFF,
  0xFFFF, 0xFFFF, 0xFFFF, 0xFFFF, 0xFFFF, 0xFFFF, 0xFFFF, 0xFFFF, 0xFFFF, 0xFFFF, 0xFFFF, 0xFFFF,
  0xFFFF, 0xFFFF, 0xFFFF, 0xFFFF, 0xFFFF, 0xFFFF, 0xFFFF, 0xFFFF, 0xFFFF, 0xFFFF, 0xFFFF, 0xFFFF,
  0xFFFF, 0xFFFF, 0xFFFF, 0xFFFF, 0xFFFF, 0xFFFF, 0xFFFF, 0xFFFF, 0xFFFF, 0xFFFF, 0xFFFF, 0xFFFF,
  0xFFFF, 0xFFFF, 0xFFFF, 0xFFFF, 0xFFFF, 0xFFFF, 0xFFFF, 0xFFFF, 0xFFFF, 0xFFFF, 0xFFFF, 0xFFFF,
  0xFFFF, 0xFFFF, 0xFFFF, 0xFFFF, 0xFFFF, 0xFFFF, 0xFFFF, 0xFFFF, 0xFFFF, 0xFFFF, 0xFFFF, 0xFFFF,
  0xFFFF, 0xFFFF, 0xFFFF, 0xFFFF, 0xFFFF, 0xFFFF, 0xFFFF, 0xFFFF, 0xFFFF, 0xFFFF, 0xFFFF, 0xFFFF,
  0xFFFF, 0x8430, 0x0000, 0xB5B7, 0xBDD7, 0x0000, 0x0003, 0x0045, 0x0044, 0x0024, 0x0024, 0x0024,
  0x0024, 0x0024, 0x0024, 0x0024, 0x0023, 0x0023, 0x0004, 0x0024, 0x0024, 0x0024, 0x0024, 0x0024,
  0x0024, 0x0024, 0x0024, 0x0024, 0x0024, 0x0024, 0x0024, 0x0024, 0x0024, 0x0024, 0x0024, 0x0024,
  0x0024, 0x0024, 0x0004, 0x0024, 0x0024, 0x0024, 0x0024, 0x0024, 0x0024, 0x0024, 0x0024, 0x0024,
  0x0024, 0x0024, 0x0024, 0x0024, 0x0024, 0x0024, 0x0024, 0x0024, 0x0024, 0x0024, 0x0024, 0x0024,
  0x0024, 0x0024, 0x0024, 0x0024, 0x0024, 0x0024, 0x0044, 0x0044, 0x0024, 0x0024, 0x0044, 0x0044,
  0x0044, 0x0024, 0x0024, 0x0024, 0x0024, 0x0024, 0x0003, 0x0003, 0x0003, 0x0002, 0x0003, 0x0003,
  0x0002, 0x0043, 0x00A4, 0x00E4, 0x0925, 0x0965, 0x0985, 0x11C5, 0x11C5, 0x09C5, 0x09A4, 0x09A4,
  0x09A4, 0x09A4, 0x09A4, 0x0184, 0x0183, 0x0163, 0x0143, 0x0122, 0x0102, 0x00C1, 0x00A0, 0x00C1,
  0x0142, 0x01A3, 0x09E4, 0x1A65, 0x22C5, 0x2AC6, 0x2285, 0x2AE6, 0xBE57, 0xFFFF, 0xFFFF, 0xFFFF,
  0xFFFF, 0xFFFF, 0xFFFF, 0xFFFF, 0xFFFF, 0xFFFF, 0xFFFF, 0xFFFF, 0xFFFF, 0xFFFF, 0xFFFF, 0xFFFF,
  0xFFFF, 0xFFFF, 0xFFFF, 0xFFFF, 0xFFFF, 0xFFFF, 0xFFFF, 0xFFFF, 0xFFFF, 0xFFFF, 0xFFFF, 0xFFFF,
  0xFFFF, 0xFFFF, 0xFFFF, 0xFFFF, 0xFFFF, 0xFFFF, 0xFFFF, 0xFFFF, 0xFFFF, 0xFFFF, 0xFFFF, 0xFFFF,
  0xFFFF, 0xFFFF, 0xFFFF, 0xFFFF, 0xFFFF, 0xFFFF, 0xFFFF, 0xFFFF, 0xFFFF, 0xFFFF, 0xFFFF, 0xFFFF,
  0xFFFF, 0xFFFF, 0xFFFF, 0xFFFF, 0xFFFF, 0xFFFF, 0xFFFF, 0xFFFF, 0xFFFF, 0xFFFF, 0xFFFF, 0xFFFF,
  0xFFFF, 0xFFFF, 0xFFFF, 0xFFFF, 0xFFFF, 0xFFFF, 0xFFFF, 0xFFFF, 0xFFFF, 0xFFFF, 0xFFFF, 0xFFFF,
  0xFFFF, 0xFFFF, 0xB596, 0x10C4, 0xAD75, 0xC617, 0x6B4D, 0x52AB, 0x5B0D, 0x632D, 0x632D, 0x632E,
  0x632D, 0x632D, 0x632C, 0x630C, 0x630C, 0x630C, 0x630C, 0x630C, 0x630C, 0x632D, 0x632D, 0x632D,
  0x630C, 0x630D, 0x630D, 0x630D, 0x630D, 0x632D, 0x630D, 0x632D, 0x630D, 0x630D, 0x630D, 0x632D,
  0x632D, 0x632D, 0x632D, 0x632D, 0x632D, 0x632D, 0x632D, 0x632D, 0x632D, 0x632D, 0x632D, 0x632D,
  0x630D, 0x630D, 0x630D, 0x630C, 0x630C, 0x632D, 0x632D, 0x632D, 0x632D, 0x632D, 0x632D, 0x632D,
  0x632D, 0x632D, 0x632D, 0x632D, 0x632D, 0x632D, 0x630C, 0x630D, 0x630D, 0x630D, 0x630D, 0x630C,
  0x630D, 0x630D, 0x632D, 0x632D, 0x632D, 0x632D, 0x632D, 0x632D, 0x52AB, 0x4249, 0x630C, 0x630D,
  0x62EC, 0x5AEC, 0x5ACC, 0x5ACC, 0x5AEC, 0x630C, 0x632D, 0x632D, 0x632D, 0x6B6E, 0x6BEE, 0x6BEE,
  0x6BEE, 0x6BEE, 0x6BEF, 0x6C0F, 0x742F, 0x742F, 0x6C2F, 0x6C2F, 0x742F, 0x7450, 0x744F, 0x740F,
  0x6C0F, 0x6C0F, 0x63CE, 0x638D, 0x6B8E, 0x5B2C, 0x632C, 0xDEDB, 0xFFFF, 0xFFFF, 0xFFFF, 0xFFFF,
  0xFFFF, 0xFFFF, 0xFFFF, 0xFFFF, 0xFFFF, 0xFFFF, 0xFFFF, 0xFFFF, 0xFFFF, 0xFFFF, 0xFFFF, 0xFFFF,
  0xFFFF, 0xFFFF, 0xFFFF, 0xFFFF, 0xFFFF, 0xFFFF, 0xFFFF, 0xFFFF, 0xFFFF, 0xFFFF, 0xFFFF, 0xFFFF,
  0xFFFF, 0xFFFF, 0xFFFF, 0xFFFF, 0xFFFF, 0xFFFF, 0xFFFF, 0xFFFF, 0xFFFF, 0xFFFF, 0xFFFF, 0xFFFF,
  0xFFFF, 0xFFFF, 0xFFFF, 0xFFFF, 0xFFFF, 0xFFFF, 0xFFFF, 0xFFFF, 0xFFFF, 0xFFFF, 0xFFFF, 0xFFFF,
  0xFFFF, 0xFFFF, 0xFFFF, 0xFFFF, 0xFFFF, 0xFFFF, 0xFFFF, 0xFFFF, 0xFFFF, 0xFFFF, 0xFFFF, 0xFFFF,
  0xFFFF, 0xFFFF, 0xFFFF, 0xFFFF, 0xFFFF, 0xFFFF, 0xFFFF, 0xFFFF, 0xFFFF, 0xFFFF, 0xFFFF, 0xFFFF,
  0xFFFF, 0xFFFF, 0xFFFF, 0xD69A, 0x39C7, 0x6B6E, 0xC639, 0xD69A, 0xCE79, 0xCE79, 0xCE79, 0xCE59,
  0xC658, 0xC658, 0xC659, 0xCE59, 0xC639, 0xC659, 0xCE59, 0xCE59, 0xCE59, 0xCE59, 0xCE59, 0xCE59,
  0xCE59, 0xCE59, 0xCE59, 0xC638, 0xC638, 0xC658, 0xCE59, 0xCE38, 0xCE59, 0xCE59, 0xCE59, 0xCE59,
  0xCE59, 0xCE59, 0xCE59, 0xCE59, 0xCE59, 0xCE79, 0xCE59, 0xCE59, 0xCE59, 0xCE59, 0xCE59, 0xCE59,
  0xCE59, 0xCE59, 0xCE59, 0xCE79, 0xCE59, 0xCE59, 0xCE59, 0xCE59, 0xCE59, 0xCE79, 0xCE59, 0xCE79,
  0xCE59, 0xCE79, 0xCE79, 0xCE59, 0xCE79, 0xCE79, 0xCE79, 0xD679, 0xD679, 0xD699, 0xD699, 0xD699,
  0xD699, 0xD699, 0xD69A, 0xD69A, 0xD69A, 0xD69A, 0xD679, 0xCE38, 0xFFFF, 0xFFFF, 0xBDF7, 0xCE7A,
  0xCE59, 0xCE59, 0xCE58, 0xCE59, 0xCE59, 0xCE59, 0xCE39, 0xCE39, 0xCE39, 0xCE59, 0xCE59, 0xCE79,
  0xCE59, 0xCE38, 0xCE59, 0xCE59, 0xCE79, 0xCE79, 0xCE79, 0xCE79, 0xCE59, 0xCE79, 0xCE59, 0xCE59,
  0xCE79, 0xD679, 0xDEDB, 0xC618, 0xB5B7, 0xFFFF, 0xFFFF, 0xFFFF, 0xFFFF, 0xFFFF, 0xFFFF, 0xFFFF,
  0xFFFF, 0xFFFF, 0xFFFF, 0xFFFF, 0xFFFF, 0xFFFF, 0xFFFF, 0xFFFF, 0xFFFF, 0xFFFF, 0xFFFF, 0xFFFF,
  0xFFFF, 0xFFFF, 0xFFFF, 0xFFFF, 0xFFFF, 0xFFFF, 0xFFFF, 0xFFFF, 0xFFFF, 0xFFFF, 0xFFFF, 0xFFFF,
  0xFFFF, 0xFFFF, 0xFFFF, 0xFFFF, 0xFFFF, 0xFFFF, 0xFFFF, 0xFFFF, 0xFFFF, 0xFFFF, 0xFFFF, 0xFFFF,
  0xFFFF, 0xFFFF, 0xFFFF, 0xFFFF, 0xFFFF, 0xFFFF, 0xFFFF, 0xFFFF, 0xFFFF, 0xFFFF, 0xFFFF, 0xFFFF,
  0xFFFF, 0xFFFF, 0xFFFF, 0xFFFF, 0xFFFF, 0xFFFF, 0xFFFF, 0xFFFF, 0xFFFF, 0xFFFF, 0xFFFF, 0xFFFF,
  0xFFFF, 0xFFFF, 0xFFFF, 0xFFFF, 0xFFFF, 0xFFFF, 0xFFFF, 0xFFFF, 0xFFFF, 0xFFFF, 0xFFFF, 0xFFFF,
  0xFFFF, 0xFFFF, 0xFFFF, 0xFFFF, 0xFFFF, 0x6B6E, 0x0000, 0x0000, 0x08A5, 0x0884, 0x0864, 0x0863,
  0x0043, 0x0043, 0x0043, 0x0043, 0x0043, 0x0863, 0x0863, 0x0063, 0x0863, 0x0863, 0x0864, 0x0864,
  0x0863, 0x0843, 0x0863, 0x0863, 0x0863, 0x0843, 0x0843, 0x0843, 0x0843, 0x0843, 0x0843, 0x0863,
  0x0863, 0x0863, 0x0863, 0x0863, 0x0863, 0x0863, 0x0863, 0x0863, 0x0863, 0x0843, 0x0843, 0x0843,
  0x0843, 0x0843, 0x0863, 0x0863, 0x0063, 0x0863, 0x0843, 0x0843, 0x0843, 0x0843, 0x0843, 0x0863,
  0x0863, 0x0843, 0x0863, 0x0863, 0x0863, 0x0863, 0x0863, 0x0863, 0x0863, 0x0863, 0x0863, 0x0883,
  0x0864, 0x0864, 0x0864, 0x0864, 0x0883, 0x0883, 0x0863, 0x0863, 0x2965, 0xF79E, 0x6B6D, 0x0000,
  0x0863, 0x0043, 0x0843, 0x0863, 0x0863, 0x0863, 0x0863, 0x0864, 0x0863, 0x0863, 0x0863, 0x0843,
  0x0843, 0x0043, 0x0043, 0x0043, 0x0043, 0x0043, 0x0843, 0x0043, 0x0043, 0x0022, 0x0022, 0x0022,
  0x0043, 0x0023, 0x0000, 0x18C3, 0x9CF3, 0xFFFF, 0xFFFF, 0xFFFF, 0xFFFF, 0xFFFF, 0xFFFF, 0xFFFF,
  0xFFFF, 0xFFFF, 0xFFFF, 0xFFFF, 0xFFFF, 0xFFFF, 0xFFFF, 0xFFFF, 0xFFFF, 0xFFFF, 0xFFFF, 0xFFFF,
  0xFFFF, 0xFFFF, 0xFFFF, 0xFFFF, 0xFFFF, 0xFFFF, 0xFFFF, 0xFFFF, 0xFFFF, 0xFFFF, 0xFFFF, 0xFFFF,
  0xFFFF, 0xFFFF, 0xFFFF, 0xFFFF, 0xFFFF, 0xFFFF, 0xFFFF, 0xFFFF, 0xFFFF, 0xFFFF, 0xFFFF, 0xFFFF,
  0xFFFF, 0xFFFF, 0xFFFF, 0xFFFF, 0xFFFF, 0xFFFF, 0xFFFF, 0xFFFF, 0xFFFF, 0xFFFF, 0xFFFF, 0xFFFF,
  0xFFFF, 0xFFFF, 0xFFFF, 0xFFFF, 0xFFFF, 0xFFFF, 0xFFFF, 0xFFFF, 0xFFFF, 0xFFFF, 0xFFFF, 0xFFFF,
  0xFFFF, 0xFFFF, 0xFFFF, 0xFFFF, 0xFFFF, 0xFFFF, 0xFFFF, 0xFFFF, 0xFFFF, 0xFFFF, 0xFFFF, 0xFFFF,
  0xFFFF, 0xFFFF, 0xFFFF, 0xFFFF, 0xFFFF, 0xFFFF, 0xC638, 0x2966, 0x0001, 0x08C8, 0x1908, 0x10E7,
  0x10E7, 0x10C7, 0x10E7, 0x10C7, 0x10E7, 0x10E7, 0x10E7, 0x10E7, 0x10E7, 0x10E7, 0x10E7, 0x10C7,
  0x10E7, 0x10E7, 0x10C7, 0x10E7, 0x10E7, 0x10E7, 0x10C7, 0x10E7, 0x10C7, 0x10E7, 0x10E7, 0x10E7,
  0x10C7, 0x10C7, 0x10E7, 0x10E7, 0x10E7, 0x10E7, 0x10E7, 0x10E7, 0x10C7, 0x10C7, 0x10C7, 0x10C7,
  0x10C7, 0x10C7, 0x10C7, 0x10C7, 0x10C7, 0x10C7, 0x10E7, 0x10C7, 0x10C7, 0x10C7, 0x10C7, 0x10E7,
  0x10E7, 0x10C7, 0x10C7, 0x10E7, 0x10E7, 0x10C7, 0x10C7, 0x10C7, 0x10E7, 0x10C7, 0x10C7, 0x10E7,
  0x10C7, 0x10C7, 0x10C7, 0x10C7, 0x10E7, 0x10E7, 0x10E7, 0x1908, 0x0001, 0x528B, 0xD6BA, 0x0023,
  0x08A7, 0x10C7, 0x10E7, 0x10E7, 0x10E7, 0x10E7, 0x10E7, 0x10E8, 0x10E8, 0x1908, 0x10E8, 0x10E8,
  0x10E8, 0x1108, 0x10E7, 0x10E8, 0x10E7, 0x18E8, 0x10E7, 0x1107, 0x18E8, 0x10E7, 0x10E7, 0x1929,
  0x0045, 0x0000, 0x4A69, 0xE73C, 0xFFFF, 0xFFFF, 0xFFFF, 0xFFFF, 0xFFFF, 0xFFFF, 0xFFFF, 0xFFFF,
  0xFFFF, 0xFFFF, 0xFFFF, 0xFFFF, 0xFFFF, 0xFFFF, 0xFFFF, 0xFFFF, 0xFFFF, 0xFFFF, 0xFFFF, 0xFFFF,
  0xFFFF, 0xFFFF, 0xFFFF, 0xFFFF, 0xFFFF, 0xFFFF, 0xFFFF, 0xFFFF, 0xFFFF, 0xFFFF, 0xFFFF, 0xFFFF,
  0xFFFF, 0xFFFF, 0xFFFF, 0xFFFF, 0xFFFF, 0xFFFF, 0xFFFF, 0xFFFF, 0xFFFF, 0xFFFF, 0xFFFF, 0xFFFF,
  0xFFFF, 0xFFFF, 0xFFFF, 0xFFFF, 0xFFFF, 0xFFFF, 0xFFFF, 0xFFFF, 0xFFFF, 0xFFFF, 0xFFFF, 0xFFFF,
  0xFFFF, 0xFFFF, 0xFFFF, 0xFFFF, 0xFFFF, 0xFFFF, 0xFFFF, 0xFFFF, 0xFFFF, 0xFFFF, 0xFFFF, 0xFFFF,
  0xFFFF, 0xFFFF, 0xFFFF, 0xFFFF, 0xFFFF, 0xFFFF, 0xFFFF, 0xFFFF, 0xFFFF, 0xFFFF, 0xFFFF, 0xFFFF,
  0xFFFF, 0xFFFF, 0xFFFF, 0xFFFF, 0xFFFF, 0xFFFF, 0xFFFF, 0xFFFF, 0x73AE, 0x0001, 0x0004, 0x1908,
  0x1907, 0x18E7, 0x1907, 0x1907, 0x1907, 0x1908, 0x1907, 0x1907, 0x1907, 0x1907, 0x18E7, 0x18E7,
  0x1907, 0x1907, 0x1907, 0x1907, 0x1907, 0x1907, 0x1907, 0x1907, 0x1907, 0x1907, 0x1907, 0x1907,
  0x1907, 0x1907, 0x1907, 0x1907, 0x1907, 0x1907, 0x1907, 0x1907, 0x18E7, 0x18E7, 0x18E7, 0x1908,
  0x1908, 0x1908, 0x1908, 0x1908, 0x1908, 0x1908, 0x1908, 0x1908, 0x1907, 0x1908, 0x1928, 0x1908,
  0x1928, 0x1928, 0x1928, 0x1928, 0x1928, 0x1928, 0x1928, 0x1928, 0x1908, 0x1928, 0x1928, 0x1928,
  0x1928, 0x1928, 0x1928, 0x1928, 0x1928, 0x1928, 0x2128, 0x2169, 0x0046, 0x2125, 0xE6FB, 0x10C5,
  0x10A6, 0x18E7, 0x1907, 0x18E7, 0x1907, 0x1907, 0x1907, 0x1907, 0x1907, 0x1908, 0x1908, 0x1907,
  0x1907, 0x1908, 0x1908, 0x1908, 0x1907, 0x1907, 0x1907, 0x1907, 0x1907, 0x1928, 0x1929, 0x0002,
  0x0862, 0x94B2, 0xFFFF, 0xFFFF, 0xFFFF, 0xFFFF, 0xFFFF, 0xFFFF, 0xFFFF, 0xFFFF, 0xFFFF, 0xFFFF,
  0xFFFF, 0xFFFF, 0xFFFF, 0xFFFF, 0xFFFF, 0xFFFF, 0xFFFF, 0xFFFF, 0xFFFF, 0xFFFF, 0xFFFF, 0xFFFF,
  0xFFFF, 0xFFFF, 0xFFFF, 0xFFFF, 0xFFFF, 0xFFFF, 0xFFFF, 0xFFFF, 0xFFFF, 0xFFFF, 0xFFFF, 0xFFFF,
  0xFFFF, 0xFFFF, 0xFFFF, 0xFFFF, 0xFFFF, 0xFFFF, 0xFFFF, 0xFFFF, 0xFFFF, 0xFFFF, 0xFFFF, 0xFFFF,
  0xFFFF, 0xFFFF, 0xFFFF, 0xFFFF, 0xFFFF, 0xFFFF, 0xFFFF, 0xFFFF, 0xFFFF, 0xFFFF, 0xFFFF, 0xFFFF,
  0xFFFF, 0xFFFF, 0xFFFF, 0xFFFF, 0xFFFF, 0xFFFF, 0xFFFF, 0xFFFF, 0xFFFF, 0xFFFF, 0xFFFF, 0xFFFF,
  0xFFFF, 0xFFFF, 0xFFFF, 0xFFFF, 0xFFFF, 0xFFFF, 0xFFFF, 0xFFFF, 0xFFFF, 0xFFFF, 0xFFFF, 0xFFFF,
  0xFFFF, 0xFFFF, 0xFFFF, 0xFFFF, 0xFFFF, 0xFFFF, 0xFFFF, 0xFFFF, 0xFFFF, 0xC617, 0x31A6, 0x0000,
  0x0886, 0x2128, 0x18E7, 0x18E7, 0x1907, 0x1908, 0x1908, 0x1907, 0x1907, 0x1907, 0x1907, 0x1907,
  0x1907, 0x1907, 0x1907, 0x1907, 0x1907, 0x1907, 0x1907, 0x1907, 0x1907, 0x1907, 0x1907, 0x1907,
  0x1907, 0x1907, 0x1907, 0x1907, 0x1908, 0x1907, 0x1907, 0x1907, 0x1907, 0x1908, 0x0045, 0x0001,
  0x0001, 0x0001, 0x0001, 0x0001, 0x0001, 0x0001, 0x0001, 0x0001, 0x0001, 0x0001, 0x0001, 0x0002,
  0x0002, 0x0002, 0x0001, 0x0001, 0x0001, 0x0001, 0x0001, 0x0001, 0x0001, 0x0001, 0x0002, 0x0002,
  0x0002, 0x0001, 0x0001, 0x0002, 0x0001, 0x0002, 0x0002, 0x0002, 0x0000, 0xCE58, 0xB596, 0x0001,
  0x1908, 0x1907, 0x1907, 0x1907, 0x1907, 0x1907, 0x1907, 0x1907, 0x1907, 0x1908, 0x1908, 0x1907,
  0x1908, 0x1908, 0x1908, 0x1907, 0x1907, 0x1907, 0x1907, 0x1907, 0x2129, 0x0866, 0x0001, 0x4A48,
  0xDEFB, 0xFFFF, 0xFFFF, 0xFFFF, 0xFFFF, 0xFFFF, 0xFFFF, 0xFFFF, 0xFFFF, 0xFFFF, 0xFFFF, 0xFFFF,
  0xFFFF, 0xFFFF, 0xFFFF, 0xFFFF, 0xFFFF, 0xFFFF, 0xFFFF, 0xFFFF, 0xFFFF, 0xFFFF, 0xFFFF, 0xFFFF,
  0xFFFF, 0xFFFF, 0xFFFF, 0xFFFF, 0xFFFF, 0xFFFF, 0xFFFF, 0xFFFF, 0xFFFF, 0xFFFF, 0xFFFF, 0xFFFF,
  0xFFFF, 0xFFFF, 0xFFFF, 0xFFFF, 0xFFFF, 0xFFFF, 0xFFFF, 0xFFFF, 0xFFFF, 0xFFFF, 0xFFFF, 0xFFFF,
  0xFFFF, 0xFFFF, 0xFFFF, 0xFFFF, 0xFFFF, 0xFFFF, 0xFFFF, 0xFFFF, 0xFFFF, 0xFFFF, 0xFFFF, 0xFFFF,
  0xFFFF, 0xFFFF, 0xFFFF, 0xFFFF, 0xFFFF, 0xFFFF, 0xFFFF, 0xFFFF, 0xFFFF, 0xFFFF, 0xFFFF, 0xFFFF,
  0xFFFF, 0xFFFF, 0xFFFF, 0xFFFF, 0xFFFF, 0xFFFF, 0xFFFF, 0xFFFF, 0xFFFF, 0xFFFF, 0xFFFF, 0xFFFF,
  0xFFFF, 0xFFFF, 0xFFFF, 0xFFFF, 0xFFFF, 0xFFFF, 0xFFFF, 0xFFFF, 0xFFFF, 0xFFFF, 0xFFFF, 0x840F,
  0x0862, 0x0001, 0x10C8, 0x1928, 0x1907, 0x1907, 0x1907, 0x1908, 0x1908, 0x1907, 0x1907, 0x1907,
  0x1907, 0x1907, 0x1907, 0x1907, 0x1907, 0x18E7, 0x1907, 0x1907, 0x1907, 0x1907, 0x1907, 0x1907,
  0x1907, 0x1907, 0x18E7, 0x1907, 0x1907, 0x1907, 0x1907, 0x1907, 0x1908, 0x0001, 0x31A7, 0xA514,
  0xAD76, 0xA535, 0xA535, 0xA535, 0xA535, 0xA535, 0xA535, 0xA535, 0xA535, 0xA535, 0xA535, 0xA535,
  0xA535, 0xA535, 0xA535, 0xA535, 0xA535, 0xA535, 0xA515, 0xA515, 0xA535, 0xA535, 0xA535, 0xAD56,
  0xAD56, 0xAD55, 0xAD56, 0xAD56, 0xAD55, 0xAD55, 0xA535, 0x9CF4, 0xDEDA, 0xD6B9, 0x10A4, 0x10A6,
  0x1908, 0x1907, 0x18E7, 0x1907, 0x1907, 0x1907, 0x1907, 0x1907, 0x1907, 0x1907, 0x1907, 0x1907,
  0x1907, 0x1908, 0x1908, 0x1908, 0x1907, 0x1907, 0x2148, 0x10A6, 0x0000, 0x2104, 0xAD54, 0xFFFF,
  0xFFFF, 0xFFFF, 0xFFFF, 0xFFFF, 0xFFFF, 0xFFFF, 0xFFFF, 0xFFFF, 0xFFFF, 0xFFFF, 0xFFFF, 0xFFFF,
  0xFFFF, 0xFFFF, 0xFFFF, 0xFFFF, 0xFFFF, 0xFFFF, 0xFFFF, 0xFFFF, 0xFFFF, 0xFFFF, 0xFFFF, 0xFFFF,
  0xFFFF, 0xFFFF, 0xFFFF, 0xFFFF, 0xFFFF, 0xFFFF, 0xFFFF, 0xFFFF, 0xFFFF, 0xFFFF, 0xFFFF, 0xFFFF,
  0xFFFF, 0xFFFF, 0xFFFF, 0xFFFF, 0xFFFF, 0xFFFF, 0xFFFF, 0xFFFF, 0xFFFF, 0xFFFF, 0xFFFF, 0xFFFF,
  0xFFFF, 0xFFFF, 0xFFFF, 0xFFFF, 0xFFFF, 0xFFFF, 0xFFFF, 0xFFFF, 0xFFFF, 0xFFFF, 0xFFFF, 0xFFFF,
  0xFFFF, 0xFFFF, 0xFFFF, 0xFFFF, 0xFFFF, 0xFFFF, 0xFFFF, 0xFFFF, 0xFFFF, 0xFFFF, 0xFFFF, 0xFFFF,
  0xFFFF, 0xFFFF, 0xFFFF, 0xFFFF, 0xFFFF, 0xFFFF, 0xFFFF, 0xFFFF, 0xFFFF, 0xFFFF, 0xFFFF, 0xFFFF,
  0xFFFF, 0xFFFF, 0xFFFF, 0xFFFF, 0xFFFF, 0xFFFF, 0xFFFF, 0xFFFF, 0xFFFF, 0xFFFF, 0xFFFF, 0xFFFF,
  0xDEFB, 0x52AA, 0x0001, 0x0004, 0x1909, 0x1928, 0x1907, 0x1907, 0x1908, 0x1907, 0x1907, 0x1907,
  0x1907, 0x1907, 0x1907, 0x1907, 0x1907, 0x1907, 0x1907, 0x1907, 0x1907, 0x1907, 0x1907, 0x1907,
  0x1907, 0x1907, 0x1907, 0x1907, 0x1907, 0x1907, 0x1907, 0x1928, 0x0002, 0x6B4D, 0xFFFE, 0xB595,
  0xA535, 0xAD76, 0xAD76, 0xAD75, 0xAD75, 0xAD75, 0xAD76, 0xAD76, 0xAD76, 0xAD75, 0xAD75, 0xAD76,
  0xAD76, 0xAD75, 0xAD76, 0xAD76, 0xAD76, 0xAD75, 0xAD75, 0xAD76, 0xAD75, 0xAD96, 0xAD96, 0xAD96,
  0xAD96, 0xB596, 0xB596, 0xAD96, 0xAD76, 0xAD96, 0xB596, 0xB5B6, 0x7BF0, 0x0863, 0x0886, 0x2149,
  0x1907, 0x1907, 0x1907, 0x1907, 0x1907, 0x1907, 0x1907, 0x1907, 0x1907, 0x1907, 0x1907, 0x1908,
  0x1908, 0x1908, 0x1907, 0x1907, 0x2149, 0x10E8, 0x0002, 0x0022, 0x6B6D, 0xF79D, 0xFFFF, 0xFFFF,
  0xFFFF, 0xFFFF, 0xFFFF, 0xFFFF, 0xFFFF, 0xFFFF, 0xFFFF, 0xFFFF, 0xFFFF, 0xFFFF, 0xFFFF, 0xFFFF,
  0xFFFF, 0xFFFF, 0xFFFF, 0xFFFF, 0xFFFF, 0xFFFF, 0xFFFF, 0xFFFF, 0xFFFF, 0xFFFF, 0xFFFF, 0xFFFF,
  0xFFFF, 0xFFFF, 0xFFFF, 0xFFFF, 0xFFFF, 0xFFFF, 0xFFFF, 0xFFFF, 0xFFFF, 0xFFFF, 0xFFFF, 0xFFFF,
  0xFFFF, 0xFFFF, 0xFFFF, 0xFFFF, 0xFFFF, 0xFFFF, 0xFFFF, 0xFFFF, 0xFFFF, 0xFFFF, 0xFFFF, 0xFFFF,
  0xFFFF, 0xFFFF, 0xFFFF, 0xFFFF, 0xFFFF, 0xFFFF, 0xFFFF, 0xFFFF, 0xFFFF, 0xFFFF, 0xFFFF, 0xFFFF,
  0xFFFF, 0xFFFF, 0xFFFF, 0xFFFF, 0xFFFF, 0xFFFF, 0xFFFF, 0xFFFF, 0xFFFF, 0xFFFF, 0xFFFF, 0xFFFF,
  0xFFFF, 0xFFFF, 0xFFFF, 0xFFFF, 0xFFFF, 0xFFFF, 0xFFFF, 0xFFFF, 0xFFFF, 0xFFFF, 0xFFFF, 0xFFFF,
  0xFFFF, 0xFFFF, 0xFFFF, 0xFFFF, 0xFFFF, 0xFFFF, 0xFFFF, 0xFFFF, 0xFFFF, 0xFFFF, 0xFFFF, 0xFFFF,
  0xFFFF, 0xFFFF, 0xBDF7, 0x4208, 0x0001, 0x0045, 0x1929, 0x1928, 0x1907, 0x1908, 0x1907, 0x1907,
  0x1907, 0x1907, 0x1907, 0x1907, 0x1907, 0x1907, 0x1907, 0x1907, 0x1907, 0x1907, 0x1907, 0x1907,
  0x1907, 0x1907, 0x1907, 0x1907, 0x1907, 0x1907, 0x1907, 0x0865, 0x31A7, 0xFFDE, 0x4229, 0x0000,
  0x0001, 0x0001, 0x0001, 0x0001, 0x0001, 0x0001, 0x0001, 0x0001, 0x0002, 0x0001, 0x0001, 0x0001,
  0x0001, 0x0002, 0x0002, 0x0002, 0x0001, 0x0001, 0x0001, 0x0001, 0x0001, 0x0001, 0x0001, 0x0001,
  0x0001, 0x0001, 0x0001, 0x0001, 0x0001, 0x0002, 0x0002, 0x0001, 0x0003, 0x10E8, 0x2148, 0x1907,
  0x1908, 0x1907, 0x1907, 0x1907, 0x1907, 0x1907, 0x1907, 0x1907, 0x1907, 0x1907, 0x1907, 0x1908,
  0x1908, 0x1907, 0x1928, 0x1908, 0x0003, 0x0002, 0x52AA, 0xD6BA, 0xFFFF, 0xFFFF, 0xFFFF, 0xFFFF,
  0xFFFF, 0xFFFF, 0xFFFF, 0xFFFF, 0xFFFF, 0xFFFF, 0xFFFF, 0xFFFF, 0xFFFF, 0xFFFF, 0xFFFF, 0xFFFF,
  0xFFFF, 0xFFFF, 0xFFFF, 0xFFFF, 0xFFFF, 0xFFFF, 0xFFFF, 0xFFFF, 0xFFFF, 0xFFFF, 0xFFFF, 0xFFFF,
  0xFFFF, 0xFFFF, 0xFFFF, 0xFFFF, 0xFFFF, 0xFFFF, 0xFFFF, 0xFFFF, 0xFFFF, 0xFFFF, 0xFFFF, 0xFFFF,
  0xFFFF, 0xFFFF, 0xFFFF, 0xFFFF, 0xFFFF, 0xFFFF, 0xFFFF, 0xFFFF, 0xFFFF, 0xFFFF, 0xFFFF, 0xFFFF,
  0xFFFF, 0xFFFF, 0xFFFF, 0xFFFF, 0xFFFF, 0xFFFF, 0xFFFF, 0xFFFF, 0xFFFF, 0xFFFF, 0xFFFF, 0xFFFF,
  0xFFFF, 0xFFFF, 0xFFFF, 0xFFFF, 0xFFFF, 0xFFFF, 0xFFFF, 0xFFFF, 0xFFFF, 0xFFFF, 0xFFFF, 0xFFFF,
  0xFFFF, 0xFFFF, 0xFFFF, 0xFFFF, 0xFFFF, 0xFFFF, 0xFFFF, 0xFFFF, 0xFFFF, 0xFFFF, 0xFFFF, 0xFFFF,
  0xFFFF, 0xFFFF, 0xFFFF, 0xFFFF, 0xFFFF, 0xFFFF, 0xFFFF, 0xFFFF, 0xFFFF, 0xFFFF, 0xFFFF, 0xFFFF,
  0xFFFF, 0xFFFF, 0xFFFF, 0xFFFF, 0xAD34, 0x31A7, 0x0001, 0x0024, 0x1909, 0x2128, 0x1908, 0x1907,
  0x1907, 0x1907, 0x1907, 0x1907, 0x1907, 0x1907, 0x1907, 0x1907, 0x1907, 0x1907, 0x1907, 0x1907,
  0x1907, 0x1907, 0x1907, 0x1907, 0x1907, 0x1907, 0x1928, 0x0001, 0xAD56, 0xAD75, 0x0000, 0x214A,
  0x1928, 0x1928, 0x1928, 0x1928, 0x1928, 0x1928, 0x1928, 0x1928, 0x2128, 0x1928, 0x2128, 0x2149,
  0x1929, 0x2129, 0x2128, 0x2129, 0x2129, 0x2128, 0x1928, 0x2129, 0x2128, 0x1928, 0x1928, 0x1928,
  0x1928, 0x1928, 0x1928, 0x1928, 0x1928, 0x1928, 0x1928, 0x1928, 0x1928, 0x1908, 0x1908, 0x1908,
  0x1908, 0x1908, 0x1907, 0x1907, 0x1907, 0x1907, 0x18E7, 0x1907, 0x1907, 0x1907, 0x1907, 0x1907,
  0x1928, 0x1908, 0x0004, 0x0002, 0x4A69, 0xC5F7, 0xFFFF, 0xFFFF, 0xFFFF, 0xFFFF, 0xFFFF, 0xFFFF,
  0xFFFF, 0xFFFF, 0xFFFF, 0xFFFF, 0xFFFF, 0xFFFF, 0xFFFF, 0xFFFF, 0xFFFF, 0xFFFF, 0xFFFF, 0xFFFF,
  0xFFFF, 0xFFFF, 0xFFFF, 0xFFFF, 0xFFFF, 0xFFFF, 0xFFFF, 0xFFFF, 0xFFFF, 0xFFFF, 0xFFFF, 0xFFFF,
  0xFFFF, 0xFFFF, 0xFFFF, 0xFFFF, 0xFFFF, 0xFFFF, 0xFFFF, 0xFFFF, 0xFFFF, 0xFFFF, 0xFFFF, 0xFFFF,
  0xFFFF, 0xFFFF, 0xFFFF, 0xFFFF, 0xFFFF, 0xFFFF, 0xFFFF, 0xFFFF, 0xFFFF, 0xFFFF, 0xFFFF, 0xFFFF,
  0xFFFF, 0xFFFF, 0xFFFF, 0xFFFF, 0xFFFF, 0xFFFF, 0xFFFF, 0xFFFF, 0xFFFF, 0xFFFF, 0xFFFF, 0xFFFF,
  0xFFFF, 0xFFFF, 0xFFFF, 0xFFFF, 0xFFFF, 0xFFFF, 0xFFFF, 0xFFFF, 0xFFFF, 0xFFFF, 0xFFFF, 0xFFFF,
  0xFFFF, 0xFFFF, 0xFFFF, 0xFFFF, 0xFFFF, 0xFFFF, 0xFFFF, 0xFFFF, 0xFFFF, 0xFFFF, 0xFFFF, 0xFFFF,
  0xFFFF, 0xFFFF, 0xFFFF, 0xFFFF, 0xFFFF, 0xFFFF, 0xFFFF, 0xFFFF, 0xFFFF, 0xFFFF, 0xFFFF, 0xFFFF,
  0xFFFF, 0xFFFF, 0xFFFF, 0xFFFF, 0xFFFF, 0xFFFF, 0xA533, 0x39E8, 0x0002, 0x0024, 0x18E8, 0x2129,
  0x1907, 0x18E7, 0x1907, 0x1907, 0x1907, 0x1907, 0x1907, 0x1907, 0x1907, 0x1907, 0x1907, 0x1907,
  0x1907, 0x1907, 0x1907, 0x1907, 0x1907, 0x18E7, 0x1928, 0x0001, 0xA535, 0xB596, 0x0000, 0x1929,
  0x1928, 0x1908, 0x1908, 0x1928, 0x1908, 0x1908, 0x1908, 0x1908, 0x1908, 0x1908, 0x1908, 0x1908,
  0x1908, 0x1908, 0x1908, 0x1908, 0x1908, 0x1928, 0x2128, 0x1907, 0x1907, 0x1907, 0x1907, 0x1907,
  0x1907, 0x1907, 0x1907, 0x1907, 0x1907, 0x1907, 0x1907, 0x1907, 0x1907, 0x1908, 0x1908, 0x1908,
  0x1908, 0x1908, 0x1907, 0x1908, 0x1907, 0x1907, 0x1907, 0x1907, 0x1907, 0x1907, 0x2128, 0x10C7,
  0x0003, 0x0022, 0x4A49, 0xB5B5, 0xFFFF, 0xFFFF, 0xFFFF, 0xFFFF, 0xFFFF, 0xFFFF, 0xFFFF, 0xFFFF,
  0xFFFF, 0xFFFF, 0xFFFF, 0xFFFF, 0xFFFF, 0xFFFF, 0xFFFF, 0xFFFF, 0xFFFF, 0xFFFF, 0xFFFF, 0xFFFF,
  0xFFFF, 0xFFFF, 0xFFFF, 0xFFFF, 0xFFFF, 0xFFFF, 0xFFFF, 0xFFFF, 0xFFFF, 0xFFFF, 0xFFFF, 0xFFFF,
  0xFFFF, 0xFFFF, 0xFFFF, 0xFFFF, 0xFFFF, 0xFFFF, 0xFFFF, 0xFFFF, 0xFFFF, 0xFFFF, 0xFFFF, 0xFFFF,
  0xFFFF, 0xFFFF, 0xFFFF, 0xFFFF, 0xFFFF, 0xFFFF, 0xFFFF, 0xFFFF, 0xFFFF, 0xFFFF, 0xFFFF, 0xFFFF,
  0xFFFF, 0xFFFF, 0xFFFF, 0xFFFF, 0xFFFF, 0xFFFF, 0xFFFF, 0xFFFF, 0xFFFF, 0xFFFF, 0xFFFF, 0xFFFF,
  0xFFFF, 0xFFFF, 0xFFFF, 0xFFFF, 0xFFFF, 0xFFFF, 0xFFFF, 0xFFFF, 0xFFFF, 0xFFFF, 0xFFFF, 0xFFFF,
  0xFFFF, 0xFFFF, 0xFFFF, 0xFFFF, 0xFFFF, 0xFFFF, 0xFFFF, 0xFFFF, 0xFFFF, 0xFFFF, 0xFFFF, 0xFFFF,
  0xFFFF, 0xFFFF, 0xFFFF, 0xFFFF, 0xFFFF, 0xFFFF, 0xFFFF, 0xFFFF, 0xFFFF, 0xFFFF, 0xFFFF, 0xFFFF,
  0xFFFF, 0xFFFF, 0xFFFF, 0xFFFF, 0xFFFF, 0xFFFF, 0xFFFF, 0xFFFF, 0xAD54, 0x4229, 0x0022, 0x0002,
  0x08A7, 0x1928, 0x1908, 0x18E7, 0x18E7, 0x1907, 0x1907, 0x1907, 0x1907, 0x1907, 0x1907, 0x1907,
  0x1907, 0x1907, 0x18E7, 0x1907, 0x1907, 0x1907, 0x1907, 0x0886, 0x2946, 0xF7BD, 0x52AB, 0x0001,
  0x0002, 0x0003, 0x0003, 0x0003, 0x0003, 0x0003, 0x0003, 0x0003, 0x0003, 0x0003, 0x0003, 0x0003,
  0x0003, 0x0003, 0x0003, 0x0003, 0x0023, 0x0002, 0x0003, 0x1908, 0x1928, 0x18E7, 0x1907, 0x1907,
  0x1908, 0x1907, 0x1908, 0x1907, 0x1907, 0x1907, 0x1907, 0x1907, 0x1907, 0x1908, 0x1908, 0x1908,
  0x1908, 0x1908, 0x1908, 0x1908, 0x1907, 0x1907, 0x1907, 0x1908, 0x1908, 0x0886, 0x0001, 0x0022,
  0x52AA, 0xBDF7, 0xFFFF, 0xFFFF, 0xFFFF, 0xFFFF, 0xFFFF, 0xFFFF, 0xFFFF, 0xFFFF, 0xFFFF, 0xFFFF,
  0xFFFF, 0xFFFF, 0xFFFF, 0xFFFF, 0xFFFF, 0xFFFF, 0xFFFF, 0xFFFF, 0xFFFF, 0xFFFF, 0xFFFF, 0xFFFF,
  0xFFFF, 0xFFFF, 0xFFFF, 0xFFFF, 0xFFFF, 0xFFFF, 0xFFFF, 0xFFFF, 0xFFFF, 0xFFFF, 0xFFFF, 0xFFFF,
  0xFFFF, 0xFFFF, 0xFFFF, 0xFFFF, 0xFFFF, 0xFFFF, 0xFFFF, 0xFFFF, 0xFFFF, 0xFFFF, 0xFFFF, 0xFFFF,
  0xFFFF, 0xFFFF, 0xFFFF, 0xFFFF, 0xFFFF, 0xFFFF, 0xFFFF, 0xFFFF, 0xFFFF, 0xFFFF, 0xFFFF, 0xFFFF,
  0xFFFF, 0xFFFF, 0xFFFF, 0xFFFF, 0xFFFF, 0xFFFF, 0xFFFF, 0xFFFF, 0xFFFF, 0xFFFF, 0xFFFF, 0xFFFF,
  0xFFFF, 0xFFFF, 0xFFFF, 0xFFFF, 0xFFFF, 0xFFFF, 0xFFFF, 0xFFFF, 0xFFFF, 0xFFFF, 0xFFFF, 0xFFFF,
  0xFFFF, 0xFFFF, 0xFFFF, 0xFFFF, 0xFFFF, 0xFFFF, 0xFFFF, 0xFFFF, 0xFFFF, 0xFFFF, 0xFFFF, 0xFFFF,
  0xFFFF, 0xFFFF, 0xFFFF, 0xFFFF, 0xFFFF, 0xFFFF, 0xFFFF, 0xFFFF, 0xFFFF, 0xFFFF, 0xFFFF, 0xFFFF,
  0xFFFF, 0xFFFF, 0xFFFF, 0xFFFF, 0xFFFF, 0xFFFF, 0xFFFF, 0xFFFF, 0xFFFF, 0xFFFF, 0xC617, 0x630C,
  0x0863, 0x0000, 0x0024, 0x18E8, 0x2128, 0x1908, 0x1907, 0x1907, 0x1907, 0x1907, 0x1907, 0x1907,
  0x1907, 0x18E7, 0x1907, 0x1907, 0x1907, 0x1907, 0x1907, 0x2149, 0x0003, 0x4A6A, 0xEF5C, 0xB5D6,
  0xAD97, 0xB5B7, 0xB5B7, 0xB5B7, 0xB5B7, 0xB5B7, 0xB5B7, 0xB5D7, 0xBDD7, 0xBDD8, 0xBDD8, 0xBDD8,
  0xBDD8, 0xBDD7, 0xBDD8, 0xBDF8, 0xBDF8, 0xBDD8, 0x73CF, 0x0000, 0x0886, 0x2128, 0x1907, 0x1908,
  0x1908, 0x1907, 0x1908, 0x1908, 0x1907, 0x1907, 0x1907, 0x1907, 0x1907, 0x1907, 0x1908, 0x1908,
  0x1908, 0x1908, 0x1908, 0x1908, 0x1908, 0x2149, 0x18E8, 0x0004, 0x0000, 0x10A4, 0x632D, 0xCE79,
  0xFFFF, 0xFFFF, 0xFFFF, 0xFFFF, 0xFFFF, 0xFFFF, 0xFFFF, 0xFFFF, 0xFFFF, 0xFFFF, 0xFFFF, 0xFFFF,
  0xFFFF, 0xFFFF, 0xFFFF, 0xFFFF, 0xFFFF, 0xFFFF, 0xFFFF, 0xFFFF, 0xFFFF, 0xFFFF, 0xFFFF, 0xFFFF,
  0xFFFF, 0xFFFF, 0xFFFF, 0xFFFF, 0xFFFF, 0xFFFF, 0xFFFF, 0xFFFF, 0xFFFF, 0xFFFF, 0xFFFF, 0xFFFF,
  0xFFFF, 0xFFFF, 0xFFFF, 0xFFFF, 0xFFFF, 0xFFFF, 0xFFFF, 0xFFFF, 0xFFFF, 0xFFFF, 0xFFFF, 0xFFFF,
  0xFFFF, 0xFFFF, 0xFFFF, 0xFFFF, 0xFFFF, 0xFFFF, 0xFFFF, 0xFFFF, 0xFFFF, 0xFFFF, 0xFFFF, 0xFFFF,
  0xFFFF, 0xFFFF, 0xFFFF, 0xFFFF, 0xFFFF, 0xFFFF, 0xFFFF, 0xFFFF, 0xFFFF, 0xFFFF, 0xFFFF, 0xFFFF,
  0xFFFF, 0xFFFF, 0xFFFF, 0xFFFF, 0xFFFF, 0xFFFF, 0xFFFF, 0xFFFF, 0xFFFF, 0xFFFF, 0xFFFF, 0xFFFF,
  0xFFFF, 0xFFFF, 0xFFFF, 0xFFFF, 0xFFFF, 0xFFFF, 0xFFFF, 0xFFFF, 0xFFFF, 0xFFFF, 0xFFFF, 0xFFFF,
  0xFFFF, 0xFFFF, 0xFFFF, 0xFFFF, 0xFFFF, 0xFFFF, 0xFFFF, 0xFFFF, 0xFFFF, 0xFFFF, 0xFFFF, 0xFFFF,
  0xFFFF, 0xFFFF, 0xFFFF, 0xFFFF, 0xFFFF, 0xFFFF, 0xFFFF, 0xFFFF, 0xFFFF, 0xFFFF, 0xFFFF, 0xFFFF,
  0xE6FB, 0x8430, 0x31A7, 0x0043, 0x0002, 0x0865, 0x1908, 0x2128, 0x1908, 0x1907, 0x1907, 0x1907,
  0x1908, 0x1907, 0x1907, 0x1907, 0x1907, 0x1907, 0x1907, 0x1907, 0x2129, 0x0002, 0x2105, 0x8411,
  0x8432, 0x7BF0, 0x7BD0, 0x7BD1, 0x7BD0, 0x7BD0, 0x73D0, 0x73D0, 0x73D0, 0x73B0, 0x73B0, 0x73B0,
  0x73B0, 0x73D0, 0x73D0, 0x73B0, 0x738F, 0x8430, 0xDEFB, 0xBDF7, 0x0042, 0x18E8, 0x1907, 0x1908,
  0x1908, 0x1907, 0x1908, 0x1907, 0x1907, 0x1907, 0x1907, 0x1907, 0x1907, 0x1907, 0x1907, 0x1908,
  0x1908, 0x1928, 0x2149, 0x1908, 0x0065, 0x0002, 0x0863, 0x4208, 0x9491, 0xEF5C, 0xFFFF, 0xFFFF,
  0xFFFF, 0xFFFF, 0xFFFF, 0xFFFF, 0xFFFF, 0xFFFF, 0xFFFF, 0xFFFF, 0xFFFF, 0xFFFF, 0xFFFF, 0xFFFF,
  0xFFFF, 0xFFFF, 0xFFFF, 0xFFFF, 0xFFFF, 0xFFFF, 0xFFFF, 0xFFFF, 0xFFFF, 0xFFFF, 0xFFFF, 0xFFFF,
  0xFFFF, 0xFFFF, 0xFFFF, 0xFFFF, 0xFFFF, 0xFFFF, 0xFFFF, 0xFFFF, 0xFFFF, 0xFFFF, 0xFFFF, 0xFFFF,
  0xFFFF, 0xFFFF, 0xFFFF, 0xFFFF, 0xFFFF, 0xFFFF, 0xFFFF, 0xFFFF, 0xFFFF, 0xFFFF, 0xFFFF, 0xFFFF,
  0xFFFF, 0xFFFF, 0xFFFF, 0xFFFF, 0xFFFF, 0xFFFF, 0xFFFF, 0xFFFF, 0xFFFF, 0xFFFF, 0xFFFF, 0xFFFF,
  0xFFFF, 0xFFFF, 0xFFFF, 0xFFFF, 0xFFFF, 0xFFFF, 0xFFFF, 0xFFFF, 0xFFFF, 0xFFFF, 0xFFFF, 0xFFFF,
  0xFFFF, 0xFFFF, 0xFFFF, 0xFFFF, 0xFFFF, 0xFFFF, 0xFFFF, 0xFFFF, 0xFFFF, 0xFFFF, 0xFFFF, 0xFFFF,
  0xFFFF, 0xFFFF, 0xFFFF, 0xFFFF, 0xFFFF, 0xFFFF, 0xFFFF, 0xFFFF, 0xFFFF, 0xFFFF, 0xFFFF, 0xFFFF,
  0xFFFF, 0xFFFF, 0xFFFF, 0xFFFF, 0xFFFF, 0xFFFF, 0xFFFF, 0xFFFF, 0xFFFF, 0xFFFF, 0xFFFF, 0xFFFF,
  0xFFFF, 0xFFFF, 0xFFFF, 0xFFFF, 0xFFFF, 0xFFFF, 0xFFFF, 0xFFFF, 0xFFFF, 0xFFFF, 0xFFFF, 0xFFFF,
  0xFFFF, 0xFFFF, 0xFFFF, 0xBDF7, 0x632D, 0x2125, 0x0002, 0x0002, 0x0866, 0x18E8, 0x2129, 0x1928,
  0x1907, 0x1907, 0x1907, 0x1907, 0x1907, 0x1907, 0x1907, 0x1907, 0x1907, 0x1928, 0x08A6, 0x0002,
  0x0003, 0x0003, 0x0003, 0x0003, 0x0003, 0x0003, 0x0003, 0x0003, 0x0003, 0x0003, 0x0003, 0x0003,
  0x0003, 0x0003, 0x0003, 0x0003, 0x0003, 0x0002, 0x0000, 0xE73C, 0x94B2, 0x0002, 0x2149, 0x1908,
  0x1908, 0x1907, 0x1907, 0x1907, 0x1907, 0x1907, 0x1907, 0x1907, 0x1907, 0x1907, 0x1908, 0x2128,
  0x18E8, 0x0885, 0x0002, 0x0002, 0x2946, 0x738E, 0xC638, 0xFFFF, 0xFFFF, 0xFFFF, 0xFFFF, 0xFFFF,
  0xFFFF, 0xFFFF, 0xFFFF, 0xFFFF, 0xFFFF, 0xFFFF, 0xFFFF, 0xFFFF, 0xFFFF, 0xFFFF, 0xFFFF, 0xFFFF,
  0xFFFF, 0xFFFF, 0xFFFF, 0xFFFF, 0xFFFF, 0xFFFF, 0xFFFF, 0xFFFF, 0xFFFF, 0xFFFF, 0xFFFF, 0xFFFF,
  0xFFFF, 0xFFFF, 0xFFFF, 0xFFFF, 0xFFFF, 0xFFFF, 0xFFFF, 0xFFFF, 0xFFFF, 0xFFFF, 0xFFFF, 0xFFFF,
  0xFFFF, 0xFFFF, 0xFFFF, 0xFFFF, 0xFFFF, 0xFFFF, 0xFFFF, 0xFFFF, 0xFFFF, 0xFFFF, 0xFFFF, 0xFFFF,
  0xFFFF, 0xFFFF, 0xFFFF, 0xFFFF, 0xFFFF, 0xFFFF, 0xFFFF, 0xFFFF, 0xFFFF, 0xFFFF, 0xFFFF, 0xFFFF,
  0xFFFF, 0xFFFF, 0xFFFF, 0xFFFF, 0xFFFF, 0xFFFF, 0xFFFF, 0xFFFF, 0xFFFF, 0xFFFF, 0xFFFF, 0xFFFF,
  0xFFFF, 0xFFFF, 0xFFFF, 0xFFFF, 0xFFFF, 0xFFFF, 0xFFFF, 0xFFFF, 0xFFFF, 0xFFFF, 0xFFFF, 0xFFFF,
  0xFFFF, 0xFFFF, 0xFFFF, 0xFFFF, 0xFFFF, 0xFFFF, 0xFFFF, 0xFFFF, 0xFFFF, 0xFFFF, 0xFFFF, 0xFFFF,
  0xFFFF, 0xFFFF, 0xFFFF, 0xFFFF, 0xFFFF, 0xFFFF, 0xFFFF, 0xFFFF, 0xFFFF, 0xFFFF, 0xFFFF, 0xFFFF,
  0xFFFF, 0xFFFF, 0xFFFF, 0xFFFF, 0xFFFF, 0xFFFF, 0xFFFF, 0xFFFF, 0xFFFF, 0xFFFF, 0xFFFF, 0xFFFF,
  0xFFFF, 0xFFFF, 0xFFFF, 0xFFFF, 0xFFFF, 0xFFDE, 0xB575, 0x6B4D, 0x2946, 0x0023, 0x0001, 0x0004,
  0x08A6, 0x1908, 0x2128, 0x1908, 0x1928, 0x1907, 0x1907, 0x1907, 0x1907, 0x1907, 0x1907, 0x1928,
  0x2148, 0x2148, 0x2128, 0x2128, 0x1928, 0x2128, 0x1928, 0x1928, 0x1928, 0x2128, 0x1928, 0x2128,
  0x2128, 0x2128, 0x1928, 0x1928, 0x1928, 0x2149, 0x0003, 0x31C8, 0xDEFB, 0x10A6, 0x10E8, 0x1908,
  0x1908, 0x1907, 0x1907, 0x1907, 0x1907, 0x1908, 0x1928, 0x1928, 0x1908, 0x08A6, 0x0003, 0x0000,
  0x0043, 0x2967, 0x6B6D, 0xB5B6, 0xFFFF, 0xFFFF, 0xFFFF, 0xFFFF, 0xFFFF, 0xFFFF, 0xFFFF, 0xFFFF,
  0xFFFF, 0xFFFF, 0xFFFF, 0xFFFF, 0xFFFF, 0xFFFF, 0xFFFF, 0xFFFF, 0xFFFF, 0xFFFF, 0xFFFF, 0xFFFF,
  0xFFFF, 0xFFFF, 0xFFFF, 0xFFFF, 0xFFFF, 0xFFFF, 0xFFFF, 0xFFFF, 0xFFFF, 0xFFFF, 0xFFFF, 0xFFFF,
  0xFFFF, 0xFFFF, 0xFFFF, 0xFFFF, 0xFFFF, 0xFFFF, 0xFFFF, 0xFFFF, 0xFFFF, 0xFFFF, 0xFFFF, 0xFFFF,
  0xFFFF, 0xFFFF, 0xFFFF, 0xFFFF, 0xFFFF, 0xFFFF, 0xFFFF, 0xFFFF, 0xFFFF, 0xFFFF, 0xFFFF, 0xFFFF,
  0xFFFF, 0xFFFF, 0xFFFF, 0xFFFF, 0xFFFF, 0xFFFF, 0xFFFF, 0xFFFF, 0xFFFF, 0xFFFF, 0xFFFF, 0xFFFF,
  0xFFFF, 0xFFFF, 0xFFFF, 0xFFFF, 0xFFFF, 0xFFFF, 0xFFFF, 0xFFFF, 0xFFFF, 0xFFFF, 0xFFFF, 0xFFFF,
  0xFFFF, 0xFFFF, 0xFFFF, 0xFFFF, 0xFFFF, 0xFFFF, 0xFFFF, 0xFFFF, 0xFFFF, 0xFFFF, 0xFFFF, 0xFFFF,
  0xFFFF, 0xFFFF, 0xFFFF, 0xFFFF, 0xFFFF, 0xFFFF, 0xFFFF, 0xFFFF, 0xFFFF, 0xFFFF, 0xFFFF, 0xFFFF,
  0xFFFF, 0xFFFF, 0xFFFF, 0xFFFF, 0xFFFF, 0xFFFF, 0xFFFF, 0xFFFF, 0xFFFF, 0xFFFF, 0xFFFF, 0xFFFF,
  0xFFFF, 0xFFFF, 0xFFFF, 0xFFFF, 0xFFFF, 0xFFFF, 0xFFFF, 0xFFFF, 0xFFFF, 0xFFFF, 0xFFFF, 0xFFFF,
  0xFFFF, 0xFFFF, 0xFFFF, 0xFFFF, 0xFFFF, 0xFFFF, 0xFFFF, 0xFFFF, 0xFFFF, 0xBDF7, 0x7BEF, 0x4208,
  0x10A4, 0x0002, 0x0002, 0x0024, 0x0865, 0x10C7, 0x1908, 0x1928, 0x1928, 0x1928, 0x1928, 0x1908,
  0x1907, 0x1927, 0x1907, 0x1907, 0x1907, 0x1907, 0x1907, 0x1908, 0x1907, 0x1907, 0x1928, 0x1907,
  0x1907, 0x1907, 0x1907, 0x1907, 0x1907, 0x1907, 0x0066, 0x2127, 0xDEFB, 0x1907, 0x10A7, 0x1928,
  0x1928, 0x1928, 0x1928, 0x1928, 0x10E7, 0x0886, 0x0024, 0x0001, 0x0002, 0x10A4, 0x4229, 0x7BF0,
  0xC617, 0xFFFF, 0xFFFF, 0xFFFF, 0xFFFF, 0xFFFF, 0xFFFF, 0xFFFF, 0xFFFF, 0xFFFF, 0xFFFF, 0xFFFF,
  0xFFFF, 0xFFFF, 0xFFFF, 0xFFFF, 0xFFFF, 0xFFFF, 0xFFFF, 0xFFFF, 0xFFFF, 0xFFFF, 0xFFFF, 0xFFFF,
  0xFFFF, 0xFFFF, 0xFFFF, 0xFFFF, 0xFFFF, 0xFFFF, 0xFFFF, 0xFFFF, 0xFFFF, 0xFFFF, 0xFFFF, 0xFFFF,
  0xFFFF, 0xFFFF, 0xFFFF, 0xFFFF, 0xFFFF, 0xFFFF, 0xFFFF, 0xFFFF, 0xFFFF, 0xFFFF, 0xFFFF, 0xFFFF,
  0xFFFF, 0xFFFF, 0xFFFF, 0xFFFF, 0xFFFF, 0xFFFF, 0xFFFF, 0xFFFF, 0xFFFF, 0xFFFF, 0xFFFF, 0xFFFF,
  0xFFFF, 0xFFFF, 0xFFFF, 0xFFFF, 0xFFFF, 0xFFFF, 0xFFFF, 0xFFFF, 0xFFFF, 0xFFFF, 0xFFFF, 0xFFFF,
  0xFFFF, 0xFFFF, 0xFFFF, 0xFFFF, 0xFFFF, 0xFFFF, 0xFFFF, 0xFFFF, 0xFFFF, 0xFFFF, 0xFFFF, 0xFFFF,
  0xFFFF, 0xFFFF, 0xFFFF, 0xFFFF, 0xFFFF, 0xFFFF, 0xFFFF, 0xFFFF, 0xFFFF, 0xFFFF, 0xFFFF, 0xFFFF,
  0xFFFF, 0xFFFF, 0xFFFF, 0xFFFF, 0xFFFF, 0xFFFF, 0xFFFF, 0xFFFF, 0xFFFF, 0xFFFF, 0xFFFF, 0xFFFF,
  0xFFFF, 0xFFFF, 0xFFFF, 0xFFFF, 0xFFFF, 0xFFFF, 0xFFFF, 0xFFFF, 0xFFFF, 0xFFFF, 0xFFFF, 0xFFFF,
  0xFFFF, 0xFFFF, 0xFFFF, 0xFFFF, 0xFFFF, 0xFFFF, 0xFFFF, 0xFFFF, 0xFFFF, 0xFFFF, 0xFFFF, 0xFFFF,
  0xFFFF, 0xFFFF, 0xFFFF, 0xFFFF, 0xFFFF, 0xFFFF, 0xFFFF, 0xFFFF, 0xFFFF, 0xFFFF, 0xFFFF, 0xFFFF,
  0xE73C, 0xAD75, 0x738F, 0x4229, 0x1905, 0x0043, 0x0001, 0x0001, 0x0003, 0x0045, 0x0886, 0x10C7,
  0x10E7, 0x1908, 0x1928, 0x1948, 0x2128, 0x2128, 0x2128, 0x2128, 0x2128, 0x1928, 0x2128, 0x1928,
  0x1928, 0x1928, 0x2128, 0x2128, 0x2128, 0x1108, 0x0000, 0x9492, 0xCE59, 0x0002, 0x1909, 0x08A6,
  0x0065, 0x0003, 0x0002, 0x0001, 0x0022, 0x18C5, 0x4209, 0x73AF, 0xB575, 0xE73C, 0xFFFF, 0xFFFF,
  0xFFFF, 0xFFFF, 0xFFFF, 0xFFFF, 0xFFFF, 0xFFFF, 0xFFFF, 0xFFFF, 0xFFFF, 0xFFFF, 0xFFFF, 0xFFFF,
  0xFFFF, 0xFFFF, 0xFFFF, 0xFFFF, 0xFFFF, 0xFFFF, 0xFFFF, 0xFFFF, 0xFFFF, 0xFFFF, 0xFFFF, 0xFFFF,
  0xFFFF, 0xFFFF, 0xFFFF, 0xFFFF, 0xFFFF, 0xFFFF, 0xFFFF, 0xFFFF, 0xFFFF, 0xFFFF, 0xFFFF, 0xFFFF,
  0xFFFF, 0xFFFF, 0xFFFF, 0xFFFF, 0xFFFF, 0xFFFF, 0xFFFF, 0xFFFF, 0xFFFF, 0xFFFF, 0xFFFF, 0xFFFF,
  0xFFFF, 0xFFFF, 0xFFFF, 0xFFFF, 0xFFFF, 0xFFFF, 0xFFFF, 0xFFFF, 0xFFFF, 0xFFFF, 0xFFFF, 0xFFFF,
  0xFFFF, 0xFFFF, 0xFFFF, 0xFFFF, 0xFFFF, 0xFFFF, 0xFFFF, 0xFFFF, 0xFFFF, 0xFFFF, 0xFFFF, 0xFFFF,
  0xFFFF, 0xFFFF, 0xFFFF, 0xFFFF, 0xFFFF, 0xFFFF, 0xFFFF, 0xFFFF, 0xFFFF, 0xFFFF, 0xFFFF, 0xFFFF,
  0xFFFF, 0xFFFF, 0xFFFF, 0xFFFF, 0xFFFF, 0xFFFF, 0xFFFF, 0xFFFF, 0xFFFF, 0xFFFF, 0xFFFF, 0xFFFF,
  0xFFFF, 0xFFFF, 0xFFFF, 0xFFFF, 0xFFFF, 0xFFFF, 0xFFFF, 0xFFFF, 0xFFFF, 0xFFFF, 0xFFFF, 0xFFFF,
  0xFFFF, 0xFFFF, 0xFFFF, 0xFFFF, 0xFFFF, 0xFFFF, 0xFFFF, 0xFFFF, 0xFFFF, 0xFFFF, 0xFFFF, 0xFFFF,
  0xFFFF, 0xFFFF, 0xFFFF, 0xFFFF, 0xFFFF, 0xFFFF, 0xFFFF, 0xFFFF, 0xFFFF, 0xFFFF, 0xFFFF, 0xFFFF,
  0xFFFF, 0xFFFF, 0xFFFF, 0xFFFF, 0xFFFF, 0xFFFF, 0xFFFF, 0xFFFF, 0xFFFF, 0xFFFF, 0xFFFF, 0xFFFF,
  0xFFFF, 0xFFFF, 0xFFFF, 0xFFFF, 0xF7BE, 0xCE79, 0xA534, 0x7C10, 0x630C, 0x4229, 0x1906, 0x0884,
  0x0023, 0x0002, 0x0001, 0x0001, 0x0002, 0x0003, 0x0003, 0x0003, 0x0004, 0x0004, 0x0024, 0x0003,
  0x0004, 0x0004, 0x0003, 0x0002, 0x0001, 0x0002, 0x52AB, 0xDEDB, 0x10A3, 0x0000, 0x0885, 0x10C6,
  0x31C8, 0x5ACB, 0x738F, 0x9CD2, 0xC618, 0xF79D, 0xFFFF, 0xFFFF, 0xFFFF, 0xFFFF, 0xFFFF, 0xFFFF,
  0xFFFF, 0xFFFF, 0xFFFF, 0xFFFF, 0xFFFF, 0xFFFF, 0xFFFF, 0xFFFF, 0xFFFF, 0xFFFF, 0xFFFF, 0xFFFF,
  0xFFFF, 0xFFFF, 0xFFFF, 0xFFFF, 0xFFFF, 0xFFFF, 0xFFFF, 0xFFFF, 0xFFFF, 0xFFFF, 0xFFFF, 0xFFFF,
  0xFFFF, 0xFFFF, 0xFFFF, 0xFFFF, 0xFFFF, 0xFFFF, 0xFFFF, 0xFFFF, 0xFFFF, 0xFFFF, 0xFFFF, 0xFFFF,
  0xFFFF, 0xFFFF, 0xFFFF, 0xFFFF, 0xFFFF, 0xFFFF, 0xFFFF, 0xFFFF, 0xFFFF, 0xFFFF, 0xFFFF, 0xFFFF,
  0xFFFF, 0xFFFF, 0xFFFF, 0xFFFF, 0xFFFF, 0xFFFF, 0xFFFF, 0xFFFF, 0xFFFF, 0xFFFF, 0xFFFF, 0xFFFF,
  0xFFFF, 0xFFFF, 0xFFFF, 0xFFFF, 0xFFFF, 0xFFFF, 0xFFFF, 0xFFFF, 0xFFFF, 0xFFFF, 0xFFFF, 0xFFFF,
  0xFFFF, 0xFFFF, 0xFFFF, 0xFFFF, 0xFFFF, 0xFFFF, 0xFFFF, 0xFFFF, 0xFFFF, 0xFFFF, 0xFFFF, 0xFFFF,
  0xFFFF, 0xFFFF, 0xFFFF, 0xFFFF, 0xFFFF, 0xFFFF, 0xFFFF, 0xFFFF, 0xFFFF, 0xFFFF, 0xFFFF, 0xFFFF,
  0xFFFF, 0xFFFF, 0xFFFF, 0xFFFF, 0xFFFF, 0xFFFF, 0xFFFF, 0xFFFF, 0xFFFF, 0xFFFF, 0xFFFF, 0xFFFF,
  0xFFFF, 0xFFFF, 0xFFFF, 0xFFFF, 0xFFFF, 0xFFFF, 0xFFFF, 0xFFFF, 0xFFFF, 0xFFFF, 0xFFFF, 0xFFFF,
  0xFFFF, 0xFFFF, 0xFFFF, 0xFFFF, 0xFFFF, 0xFFFF, 0xFFFF, 0xFFFF, 0xFFFF, 0xFFFF, 0xFFFF, 0xFFFF,
  0xFFFF, 0xFFFF, 0xFFFF, 0xFFFF, 0xFFFF, 0xFFFF, 0xFFFF, 0xFFFF, 0xFFFF, 0xFFFF, 0xFFFF, 0xFFFF,
  0xFFFF, 0xFFFF, 0xFFFF, 0xFFFF, 0xFFFF, 0xFFFF, 0xFFFF, 0xFFFF, 0xFFFF, 0xFFFF, 0xF7BE, 0xDEBB,
  0xC617, 0xAD75, 0x9CD4, 0x8C52, 0x7BD0, 0x632D, 0x5AEC, 0x52AC, 0x424B, 0x422A, 0x420A, 0x420A,
  0x422A, 0x424A, 0x528B, 0x5ACC, 0x738E, 0xBDD6, 0xFFFF, 0xB5B7, 0x73AF, 0xB5D6, 0xCE59, 0xEF5D,
  0xFFFF, 0xFFFF, 0xFFFF, 0xFFFF, 0xFFFF, 0xFFFF, 0xFFFF, 0xFFFF, 0xFFFF, 0xFFFF, 0xFFFF, 0xFFFF,
  0xFFFF, 0xFFFF, 0xFFFF, 0xFFFF, 0xFFFF, 0xFFFF, 0xFFFF, 0xFFFF, 0xFFFF, 0xFFFF, 0xFFFF, 0xFFFF,
  0xFFFF, 0xFFFF, 0xFFFF, 0xFFFF, 0xFFFF, 0xFFFF, 0xFFFF, 0xFFFF, 0xFFFF, 0xFFFF, 0xFFFF, 0xFFFF,
  0xFFFF, 0xFFFF, 0xFFFF, 0xFFFF, 0xFFFF, 0xFFFF, 0xFFFF, 0xFFFF, 0xFFFF, 0xFFFF, 0xFFFF, 0xFFFF,
  0xFFFF, 0xFFFF, 0xFFFF, 0xFFFF, 0xFFFF, 0xFFFF, 0xFFFF, 0xFFFF, 0xFFFF, 0xFFFF, 0xFFFF, 0xFFFF,
  0xFFFF, 0xFFFF, 0xFFFF, 0xFFFF, 0xFFFF, 0xFFFF, 0xFFFF, 0xFFFF, 0xFFFF, 0xFFFF, 0xFFFF, 0xFFFF,
  0xFFFF, 0xFFFF, 0xFFFF, 0xFFFF, 0xFFFF, 0xFFFF, 0xFFFF, 0xFFFF, 0xFFFF, 0xFFFF, 0xFFFF, 0xFFFF,
  0xFFFF, 0xFFFF, 0xFFFF, 0xFFFF, 0xFFFF, 0xFFFF, 0xFFFF, 0xFFFF, 0xFFFF, 0xFFFF, 0xFFFF, 0xFFFF,
  0xFFFF, 0xFFFF, 0xFFFF, 0xFFFF, 0xFFFF, 0xFFFF, 0xFFFF, 0xFFFF, 0xFFFF, 0xFFFF, 0xFFFF, 0xFFFF,
  0xFFFF, 0xFFFF, 0xFFFF, 0xFFFF, 0xFFFF, 0xFFFF, 0xFFFF, 0xFFFF, 0xFFFF, 0xFFFF, 0xFFFF, 0xFFFF,
  0xFFFF, 0xFFFF, 0xFFFF, 0xFFFF, 0xFFFF, 0xFFFF, 0xFFFF, 0xFFFF, 0xFFFF, 0xFFFF, 0xFFFF, 0xFFFF,
  0xFFFF, 0xFFFF, 0xFFFF, 0xFFFF, 0xFFFF, 0xFFFF, 0xFFFF, 0xFFFF, 0xFFFF, 0xFFFF, 0xFFFF, 0xFFFF,
  0xFFFF, 0xFFFF, 0xFFFF, 0xFFFF, 0xFFFF, 0xFFFF, 0xFFFF, 0xFFFF, 0xFFFF, 0xFFFF, 0xFFFF, 0xFFFF,
  0xFFFF, 0xFFFF, 0xFFFF, 0xFFFF, 0xFFFF, 0xFFFF, 0xFFFF, 0xFFFF, 0xFFFF, 0xFFFF, 0xFFFF, 0xFFFF,
  0xFFFF, 0xFFFF, 0xFFFF, 0xFFFF, 0xFFFF, 0xFFFF, 0xFFFF, 0xFFFF, 0xFFFF, 0xFFFF, 0xFFFF, 0xFFFF,
  0xFFFF, 0xFFFF, 0xFFFF, 0xFFFF, 0xFFFF, 0xFFFF, 0xFFFF, 0xFFFF, 0xFFFF, 0xFFFF, 0xFFFF, 0xFFFF,
  0xFFFF, 0xFFFF, 0xFFFF, 0xFFFF, 0xFFFF, 0xFFFF, 0xFFFF, 0xFFFF, 0xFFFF, 0xFFFF, 0xFFFF, 0xFFFF,
  0xFFFF, 0xFFFF, 0xFFFF, 0xFFFF, 0xFFFF, 0xFFFF, 0xFFFF, 0xFFFF, 0xFFFF, 0xFFFF, 0xFFFF, 0xFFFF,
  0xFFFF, 0xFFFF, 0xFFFF, 0xFFFF, 0xFFFF, 0xFFFF, 0xFFFF, 0xFFFF, 0xFFFF, 0xFFFF, 0xFFFF, 0xFFFF,
  0xFFFF, 0xFFFF, 0xFFFF, 0xFFFF, 0xFFFF, 0xFFFF, 0xFFFF, 0xFFFF, 0xFFFF, 0xFFFF, 0xFFFF, 0xFFFF,
  0xFFFF, 0xFFFF, 0xFFFF, 0xFFFF, 0xFFFF, 0xFFFF, 0xFFFF, 0xFFFF, 0xFFFF, 0xFFFF, 0xFFFF, 0xFFFF,
  0xFFFF, 0xFFFF, 0xFFFF, 0xFFFF, 0xFFFF, 0xFFFF, 0xFFFF, 0xFFFF, 0xFFFF, 0xFFFF, 0xFFFF, 0xFFFF,
  0xFFFF, 0xFFFF, 0xFFFF, 0xFFFF, 0xFFFF, 0xFFFF, 0xFFFF, 0xFFFF, 0xFFFF, 0xFFFF, 0xFFFF, 0xFFFF,
  0xFFFF, 0xFFFF, 0xFFFF, 0xFFFF, 0xFFFF, 0xFFFF, 0xFFFF, 0xFFFF, 0xFFFF, 0xFFFF, 0xFFFF, 0xFFFF,
  0xFFFF, 0xFFFF, 0xFFFF, 0xFFFF, 0xFFFF, 0xFFFF, 0xFFFF, 0xFFFF, 0xFFFF, 0xFFFF, 0xFFFF, 0xFFFF,
  0xFFFF, 0xFFFF, 0xFFFF, 0xFFFF, 0xFFFF, 0xFFFF, 0xFFFF, 0xFFFF, 0xFFFF, 0xFFFF, 0xFFFF, 0xFFFF,
  0xFFFF, 0xFFFF, 0xFFFF, 0xFFFF, 0xFFFF, 0xFFFF, 0xFFFF, 0xFFFF, 0xFFFF, 0xFFFF, 0xFFFF, 0xFFFF,
  0xFFFF, 0xFFFF, 0xFFFF, 0xFFFF, 0xFFFF, 0xFFFF, 0xFFFF, 0xFFFF, 0xFFFF, 0xFFFF, 0xFFFF, 0xFFFF,
  0xFFFF, 0xFFFF, 0xFFFF, 0xFFFF, 0xFFFF, 0xFFFF, 0xFFFF, 0xFFFF, 0xFFFF, 0xFFFF, 0xFFFF, 0xFFFF,
  0xFFFF, 0xFFFF, 0xFFFF, 0xFFFF, 0xFFFF, 0xFFFF, 0xFFFF, 0xFFFF, 0xFFFF, 0xFFFF, 0xFFFF, 0xFFFF,
  0xFFFF, 0xFFFF, 0xFFFF, 0xFFFF, 0xFFFF, 0xFFFF, 0xFFFF, 0xFFFF, 0xFFFF, 0xFFFF, 0xFFFF, 0xFFFF,
  0xFFFF, 0xFFFF, 0xFFFF, 0xFFFF, 0xFFFF, 0xFFFF, 0xFFFF, 0xFFFF, 0xFFFF, 0xFFFF, 0xFFFF, 0xFFFF,
  0xFFFF, 0xFFFF, 0xFFFF, 0xFFFF, 0xFFFF, 0xFFFF, 0xFFFF, 0xFFFF, 0xFFFF, 0xFFFF, 0xFFFF, 0xFFFF,
  0xFFFF, 0xFFFF, 0xFFFF, 0xFFFF, 0xFFFF, 0xFFFF, 0xFFFF, 0xFFFF, 0xFFFF, 0xFFFF, 0xFFFF, 0xFFFF,
  0xFFFF, 0xFFFF, 0xFFFF, 0xFFFF, 0xFFFF, 0xFFFF, 0xFFFF, 0xFFFF, 0xFFFF, 0xFFFF, 0xFFFF, 0xFFFF,
  0xFFFF, 0xFFFF, 0xFFFF, 0xFFFF, 0xFFFF, 0xFFFF, 0xFFFF, 0xFFFF, 0xFFFF, 0xFFFF, 0xFFFF, 0xFFFF,
  0xFFFF, 0xFFFF, 0xFFFF, 0xFFFF, 0xFFFF, 0xFFFF, 0xFFFF, 0xFFFF, 0xFFFF, 0xFFFF, 0xFFFF, 0xFFFF,
  0xFFFF, 0xFFFF, 0xFFFF, 0xFFFF, 0xFFFF, 0xFFFF, 0xFFFF, 0xFFFF, 0xFFFF, 0xFFFF, 0xFFFF, 0xFFFF,
  0xFFFF, 0xFFFF, 0xFFFF, 0xFFFF, 0xFFFF, 0xFFFF, 0xFFFF, 0xFFFF, 0xFFFF, 0xFFFF, 0xFFFF, 0xFFFF,
  0xFFFF, 0xFFFF, 0xFFFF, 0xFFFF, 0xFFFF, 0xFFFF, 0xFFFF, 0xFFFF, 0xFFFF, 0xFFFF, 0xFFFF, 0xFFFF,
  0xFFFF, 0xFFFF, 0xFFFF, 0xFFFF, 0xFFFF, 0xFFFF, 0xFFFF, 0xFFFF, 0xFFFF, 0xFFFF, 0xFFFF, 0xFFFF,
  0xFFFF, 0xFFFF, 0xFFFF, 0xFFFF, 0xFFFF, 0xFFFF, 0xFFFF, 0xFFFF, 0xFFFF, 0xFFFF, 0xFFFF, 0xFFFF,
  0xFFFF, 0xFFFF, 0xFFFF, 0xFFFF, 0xFFFF, 0xFFFF, 0xFFFF, 0xFFFF, 0xFFFF, 0xFFFF, 0xFFFF, 0xFFFF,
  0xFFFF, 0xFFFF, 0xFFFF, 0xFFFF, 0xFFFF, 0xFFFF, 0xFFFF, 0xFFFF, 0xFFFF, 0xFFFF, 0xFFFF, 0xFFFF,
  0xFFFF, 0xFFFF, 0xFFFF, 0xFFFF, 0xFFFF, 0xFFFF, 0xFFFF, 0xFFFF, 0xFFFF, 0xFFFF, 0xFFFF, 0xFFFF,
  0xFFFF, 0xFFFF, 0xFFFF, 0xFFFF, 0xFFFF, 0xFFFF, 0xFFFF, 0xFFFF, 0xFFFF, 0xFFFF, 0xFFFF, 0xFFFF,
  0xFFFF, 0xFFFF, 0xFFFF, 0xFFFF, 0xFFFF, 0xFFFF, 0xFFFF, 0xFFFF, 0xFFFF, 0xFFFF, 0xFFFF, 0xFFFF,
  0xFFFF, 0xFFFF, 0xFFFF, 0xFFFF, 0xFFFF, 0xFFFF, 0xFFFF, 0xFFFF, 0xFFFF, 0xFFFF, 0xFFFF, 0xFFFF,
  0xFFFF, 0xFFFF, 0xFFFF, 0xFFFF, 0xFFFF, 0xFFFF, 0xFFFF, 0xFFFF, 0xFFFF, 0xFFFF, 0xFFFF, 0xFFFF,
  0xFFFF, 0xFFFF, 0xFFFF, 0xFFFF, 0xFFFF, 0xFFFF, 0xFFFF, 0xFFFF, 0xFFFF, 0xFFFF, 0xFFFF, 0xFFFF,
  0xFFFF, 0xFFFF, 0xFFFF, 0xFFFF, 0xFFFF, 0xFFFF, 0xFFFF, 0xFFFF, 0xFFFF, 0xFFFF, 0xFFFF, 0xFFFF,
  0xFFFF, 0xFFFF, 0xFFFF, 0xFFFF, 0xFFFF, 0xFFFF, 0xFFFF, 0xFFFF, 0xFFFF, 0xFFFF, 0xFFFF, 0xFFFF,
  0xFFFF, 0xFFFF, 0xFFFF, 0xFFFF, 0xFFFF, 0xFFFF, 0xFFFF, 0xFFFF, 0xFFFF, 0xFFFF, 0xFFFF, 0xFFFF,
  0xFFFF, 0xFFFF, 0xFFFF, 0xFFFF, 0xFFFF, 0xFFFF, 0xFFFF, 0xFFFF, 0xFFFF, 0xFFFF, 0xFFFF, 0xFFFF,
  0xFFFF, 0xFFFF, 0xFFFF, 0xFFFF, 0xFFFF, 0xFFFF, 0xFFFF, 0xFFFF, 0xFFFF, 0xFFFF, 0xFFFF, 0xFFFF,
  0xFFFF, 0xFFFF, 0xFFFF, 0xFFFF, 0xFFFF, 0xFFFF, 0xFFFF, 0xFFFF, 0xFFFF, 0xFFFF, 0xFFFF, 0xFFFF,
  0xFFFF, 0xFFFF, 0xFFFF, 0xFFFF, 0xFFFF, 0xFFFF, 0xFFFF, 0xFFFF, 0xFFFF, 0xFFFF, 0xFFFF, 0xFFFF,
  0xFFFF, 0xFFFF, 0xFFFF, 0xFFFF, 0xFFFF, 0xFFFF, 0xFFFF, 0xFFFF, 0xFFFF, 0xFFFF, 0xFFFF, 0xFFFF,
  0xFFFF, 0xFFFF, 0xFFFF, 0xFFFF, 0xFFFF, 0xFFFF, 0xFFFF, 0xFFFF, 0xFFFF, 0xFFFF, 0xFFFF, 0xFFFF,
  0xFFFF, 0xFFFF, 0xFFFF, 0xFFFF, 0xFFFF, 0xFFFF, 0xFFFF, 0xFFFF, 0xFFFF, 0xFFFF, 0xFFFF, 0xFFFF,
  0xFFFF, 0xFFFF, 0xFFFF, 0xFFFF, 0xFFFF, 0xFFFF, 0xFFFF, 0xFFFF, 0xFFFF, 0xFFFF, 0xFFFF, 0xFFFF,
  0xFFFF, 0xFFFF, 0xFFFF, 0xFFFF, 0xFFFF, 0xFFFF, 0xFFFF, 0xFFFF, 0xFFFF, 0xFFFF, 0xFFFF, 0xFFFF,
  0xFFFF, 0xFFFF, 0xFFFF, 0xFFFF, 0xFFFF, 0xFFFF, 0xFFFF, 0xFFFF, 0xFFFF, 0xFFFF, 0xFFFF, 0xFFFF,
  0xFFFF, 0xFFFF, 0xFFFF, 0xFFFF, 0xFFFF, 0xFFFF, 0xFFFF, 0xFFFF, 0xFFFF, 0xFFFF, 0xFFFF, 0xFFFF,
  0xFFFF, 0xFFFF, 0xFFFF, 0xFFFF, 0xFFFF, 0xFFFF, 0xFFFF, 0xFFFF, 0xFFFF, 0xFFFF, 0xFFFF, 0xFFFF,
  0xFFFF, 0xFFFF, 0xFFFF, 0xFFFF, 0xFFFF, 0xFFFF, 0xFFFF, 0xFFFF, 0xFFFF, 0xFFFF, 0xFFFF, 0xFFFF,
  0xFFFF, 0xFFFF, 0xFFFF, 0xFFFF, 0xFFFF, 0xFFFF, 0xFFFF, 0xFFFF, 0xFFFF, 0xFFFF, 0xFFFF, 0xFFFF,
  0xFFFF, 0xFFFF, 0xFFFF, 0xFFFF, 0xFFFF, 0xFFFF, 0xFFFF, 0xFFFF, 0xFFFF, 0xFFFF, 0xFFFF, 0xFFFF,
  0xFFFF, 0xFFFF, 0xFFFF, 0xFFFF, 0xFFFF, 0xFFFF, 0xFFFF, 0xFFFF, 0xFFFF, 0xFFFF, 0xFFFF, 0xFFFF,
  0xFFFF, 0xFFFF, 0xFFFF, 0xFFFF, 0xFFFF, 0xFFFF, 0xFFFF, 0xFFFF, 0xFFFF, 0xFFFF, 0xFFFF, 0xFFFF,
  0xFFFF, 0xFFFF, 0xFFFF, 0xFFFF, 0xFFFF, 0xFFFF, 0xFFFF, 0xFFFF, 0xFFFF, 0xFFFF, 0xFFFF, 0xFFFF,
  0xFFFF, 0xFFFF, 0xFFFF, 0xFFFF, 0xFFFF, 0xFFFF, 0xFFFF, 0xFFFF, 0xFFFF, 0xFFFF, 0xFFFF, 0xFFFF,
  0xFFFF, 0xFFFF, 0xFFFF, 0xFFFF, 0xFFFF, 0xFFFF, 0xFFFF, 0xFFFF, 0xFFFF, 0xFFFF, 0xFFFF, 0xFFFF,
  0xFFFF, 0xFFFF, 0xFFFF, 0xFFFF, 0xFFFF, 0xFFFF, 0xFFFF, 0xFFFF, 0xFFFF, 0xFFFF, 0xFFFF, 0xFFFF,
  0xFFFF, 0xFFFF, 0xFFFF, 0xFFFF, 0xFFFF, 0xFFFF, 0xFFFF, 0xFFFF, 0xFFFF, 0xFFFF, 0xFFFF, 0xFFFF,
  0xFFFF, 0xFFFF, 0xFFFF, 0xFFFF, 0xFFFF, 0xFFFF, 0xFFFF, 0xFFFF, 0xFFFF, 0xFFFF, 0xFFFF, 0xFFFF,
  0xFFFF, 0xFFFF, 0xFFFF, 0xFFFF, 0xFFFF, 0xFFFF, 0xFFFF, 0xFFFF, 0xFFFF, 0xFFFF, 0xFFFF, 0xFFFF,
  0xFFFF, 0xFFFF, 0xFFFF, 0xFFFF, 0xFFFF, 0xFFFF, 0xFFFF, 0xFFFF, 0xFFFF, 0xFFFF, 0xFFFF, 0xFFFF,
  0xFFFF, 0xFFFF, 0xFFFF, 0xFFFF, 0xFFFF, 0xFFFF, 0xFFFF, 0xFFFF, 0xFFFF, 0xFFFF, 0xFFFF, 0xFFFF,
  0xFFFF, 0xFFFF, 0xFFFF, 0xFFFF, 0xFFFF, 0xFFFF, 0xFFFF, 0xFFFF, 0xFFFF, 0xFFFF, 0xFFFF, 0xFFFF,
  0xFFFF, 0xFFFF, 0xFFFF, 0xFFFF, 0xFFFF, 0xFFFF, 0xFFFF, 0xFFFF, 0xFFFF, 0xFFFF, 0xFFFF, 0xFFFF,
  0xFFFF, 0xFFFF, 0xFFFF, 0xFFFF, 0xFFFF, 0xFFFF, 0xFFFF, 0xFFFF, 0xFFFF, 0xFFFF, 0xFFFF, 0xFFFF,
  0xFFFF, 0xFFFF, 0xFFFF, 0xFFFF, 0xFFFF, 0xFFFF, 0xFFFF, 0xFFFF, 0xFFFF, 0xFFFF, 0xFFFF, 0xFFFF,
  0xFFFF, 0xFFFF, 0xFFFF, 0xFFFF, 0xFFFF, 0xFFFF, 0xFFFF, 0xFFFF, 0xFFFF, 0xFFFF, 0xFFFF, 0xFFFF,
  0xFFFF, 0xFFFF, 0xFFFF, 0xFFFF, 0xFFFF, 0xFFFF, 0xFFFF, 0xFFFF, 0xFFFF, 0xFFFF, 0xFFFF, 0xFFFF,
  0xFFFF, 0xFFFF, 0xFFFF, 0xFFFF, 0xFFFF, 0xFFFF, 0xFFFF, 0xFFFF, 0xFFFF, 0xFFFF, 0xFFFF, 0xFFFF,
  0xFFFF, 0xFFFF, 0xFFFF, 0xFFFF, 0xFFFF, 0xFFFF, 0xFFFF, 0xFFFF, 0xFFFF, 0xFFFF, 0xFFFF, 0xFFFF,
};
